2026-08-09 10:49:39 | INFO | app.core.logging:setup_logging:54 | Logging initialized | env=development | debug=True
2026-08-09 10:49:40 | INFO | app.services.astar_service:run_astar:110 | Executing A* Search for Case ID 1 | Start: 'login' | Goal: 'usb_remove'
2026-08-09 10:49:40 | INFO | app.services.astar_service:run_astar:130 | A* Search Succeeded | Case ID: 1 | Start: 'login' | Goal: 'usb_remove' | Visited Nodes: 4 | Total Cost: 3.0000 | Heuristic Cost: 1.0000 | Time: 0.018 ms
2026-08-09 10:49:40 | INFO | httpx._client:_send_single_request:1740 | HTTP Request: POST http://test/api/v1/ai/astar/run "HTTP/1.1 200 OK"
2026-08-09 10:49:40 | INFO | app.services.astar_service:run_astar:110 | Executing A* Search for Case ID 1 | Start: 'login' | Goal: 'isolated_exfil'
2026-08-09 10:49:40 | WARNING | app.services.astar_service:run_astar:120 | A* Search completed: No path found between 'login' and 'isolated_exfil' in Case ID 1. Visited 5 nodes.
2026-08-09 10:49:40 | INFO | httpx._client:_send_single_request:1740 | HTTP Request: POST http://test/api/v1/ai/astar/run "HTTP/1.1 400 Bad Request"
2026-08-09 10:49:41 | WARNING | app.services.astar_service:run_astar:81 | A* Search failed: Start node 'non_existent_start' not found in Case 1.
2026-08-09 10:49:41 | INFO | httpx._client:_send_single_request:1740 | HTTP Request: POST http://test/api/v1/ai/astar/run "HTTP/1.1 404 Not Found"
2026-08-09 10:49:41 | WARNING | app.services.astar_service:run_astar:89 | A* Search failed: Goal node 'non_existent_goal' not found in Case 1.
2026-08-09 10:49:41 | INFO | httpx._client:_send_single_request:1740 | HTTP Request: POST http://test/api/v1/ai/astar/run "HTTP/1.1 404 Not Found"
2026-08-09 10:49:42 | WARNING | app.services.astar_service:run_astar:49 | A* Search failed: Case ID 999999 not found.
2026-08-09 10:49:42 | INFO | httpx._client:_send_single_request:1740 | HTTP Request: POST http://test/api/v1/ai/astar/run "HTTP/1.1 404 Not Found"
2026-08-09 10:49:42 | INFO | app.ai.backward_chaining:evaluate_goal:268 | Backward Chaining evaluated goal='DATA_EXFILTRATION' proven=True conf=1.0000 in 0.01ms
2026-08-09 10:49:42 | INFO | app.ai.backward_chaining:evaluate_goal:268 | Backward Chaining evaluated goal='DATA_EXFILTRATION' proven=True conf=0.9500 in 0.05ms
2026-08-09 10:49:42 | INFO | app.ai.backward_chaining:evaluate_goal:268 | Backward Chaining evaluated goal='DATA_EXFILTRATION' proven=True conf=0.9120 in 0.07ms
2026-08-09 10:49:42 | INFO | app.ai.backward_chaining:evaluate_goal:268 | Backward Chaining evaluated goal='DATA_EXFILTRATION' proven=False conf=0.0000 in 0.02ms
2026-08-09 10:49:42 | INFO | app.ai.backward_chaining:evaluate_goal:268 | Backward Chaining evaluated goal='DATA_EXFILTRATION' proven=False conf=0.0000 in 0.01ms
2026-08-09 10:49:42 | WARNING | app.ai.backward_chaining:_prove_goal:298 | Circular rule cycle detected for goal='GOAL_A' at depth=3
2026-08-09 10:49:42 | INFO | app.ai.backward_chaining:evaluate_goal:268 | Backward Chaining evaluated goal='GOAL_A' proven=False conf=0.0000 in 0.42ms
2026-08-09 10:49:42 | INFO | app.ai.backward_chaining:evaluate_goal:268 | Backward Chaining evaluated goal='DATA_EXFILTRATION' proven=True conf=0.9500 in 0.03ms
2026-08-09 10:49:42 | INFO | app.ai.backward_chaining:evaluate_goal:268 | Backward Chaining evaluated goal='DATA_EXFILTRATION' proven=True conf=0.9000 in 0.03ms
2026-08-09 10:49:42 | INFO | app.ai.backward_chaining:evaluate_goal:268 | Backward Chaining evaluated goal='UNKNOWN_NONEXISTENT_GOAL' proven=False conf=0.0000 in 0.00ms
2026-08-09 10:49:42 | INFO | app.ai.backward_chaining:evaluate_goal:268 | Backward Chaining evaluated goal='DATA_EXFILTRATION' proven=False conf=0.0000 in 0.02ms
2026-08-09 10:49:42 | INFO | app.ai.backward_chaining:evaluate_goal:268 | Backward Chaining evaluated goal='N_0' proven=True conf=0.5987 in 0.05ms
2026-08-09 10:49:42 | WARNING | app.ai.backward_chaining:_prove_goal:291 | Backward chaining max depth limit reached at depth=11 for goal='NODE_10'
2026-08-09 10:49:42 | INFO | app.ai.backward_chaining:evaluate_goal:268 | Backward Chaining evaluated goal='NODE_0' proven=False conf=0.0000 in 0.55ms
2026-08-09 10:49:43 | INFO | httpx._client:_send_single_request:1740 | HTTP Request: POST http://test/api/cases/ "HTTP/1.1 201 Created"
2026-08-09 10:49:44 | INFO | httpx._client:_send_single_request:1740 | HTTP Request: GET http://test/api/cases/?search=Malware "HTTP/1.1 200 OK"
2026-08-09 10:49:45 | INFO | httpx._client:_send_single_request:1740 | HTTP Request: POST http://test/api/evidence/upload "HTTP/1.1 201 Created"
2026-08-09 10:49:45 | INFO | httpx._client:_send_single_request:1740 | HTTP Request: POST http://test/api/parser/parse/1 "HTTP/1.1 202 Accepted"
2026-08-09 10:49:45 | INFO | httpx._client:_send_single_request:1740 | HTTP Request: POST http://test/api/normalize/1 "HTTP/1.1 202 Accepted"
2026-08-09 10:49:45 | INFO | httpx._client:_send_single_request:1740 | HTTP Request: POST http://test/api/graph/build/1 "HTTP/1.1 202 Accepted"
2026-08-09 10:49:45 | INFO | httpx._client:_send_single_request:1740 | HTTP Request: POST http://test/api/csp/validate/1 "HTTP/1.1 202 Accepted"
2026-08-09 10:49:45 | INFO | httpx._client:_send_single_request:1740 | HTTP Request: GET http://test/api/csp/status/1 "HTTP/1.1 200 OK"
2026-08-09 10:49:45 | INFO | httpx._client:_send_single_request:1740 | HTTP Request: GET http://test/api/csp/results/1 "HTTP/1.1 200 OK"
2026-08-09 10:49:46 | INFO | httpx._client:_send_single_request:1740 | HTTP Request: POST http://test/api/evidence/upload "HTTP/1.1 201 Created"
2026-08-09 10:49:46 | INFO | httpx._client:_send_single_request:1740 | HTTP Request: POST http://test/api/evidence/upload "HTTP/1.1 400 Bad Request"
2026-08-09 10:49:47 | INFO | httpx._client:_send_single_request:1740 | HTTP Request: POST http://test/api/evidence/upload "HTTP/1.1 201 Created"
2026-08-09 10:49:47 | INFO | httpx._client:_send_single_request:1740 | HTTP Request: POST http://test/api/evidence/upload "HTTP/1.1 409 Conflict"
2026-08-09 10:49:48 | INFO | app.services.forward_chaining_service:run_forward_chaining:135 | Running Forward Chaining for Case ID 1 with 6 initial fact(s).
2026-08-09 10:49:48 | INFO | app.services.forward_chaining_service:run_forward_chaining:151 | Forward Chaining completed for Case ID 1 | Fired Rules: 2 | Derived Facts: 4 | Time: 0.053 ms
2026-08-09 10:49:48 | INFO | httpx._client:_send_single_request:1740 | HTTP Request: POST http://test/api/v1/ai/forward-chaining/run "HTTP/1.1 200 OK"
2026-08-09 10:49:48 | WARNING | app.services.forward_chaining_service:run_forward_chaining:49 | Forward Chaining failed: Case ID 999999 not found.
2026-08-09 10:49:48 | INFO | httpx._client:_send_single_request:1740 | HTTP Request: POST http://test/api/v1/ai/forward-chaining/run "HTTP/1.1 404 Not Found"
2026-08-09 10:49:49 | INFO | httpx._client:_send_single_request:1740 | HTTP Request: POST http://test/api/evidence/upload "HTTP/1.1 201 Created"
2026-08-09 10:49:49 | INFO | httpx._client:_send_single_request:1740 | HTTP Request: POST http://test/api/parser/parse/1 "HTTP/1.1 202 Accepted"
2026-08-09 10:49:49 | INFO | httpx._client:_send_single_request:1740 | HTTP Request: POST http://test/api/normalize/1 "HTTP/1.1 202 Accepted"
2026-08-09 10:49:49 | INFO | httpx._client:_send_single_request:1740 | HTTP Request: POST http://test/api/graph/build/1 "HTTP/1.1 202 Accepted"
2026-08-09 10:49:49 | INFO | httpx._client:_send_single_request:1740 | HTTP Request: GET http://test/api/graph/1 "HTTP/1.1 200 OK"
2026-08-09 10:49:49 | INFO | httpx._client:_send_single_request:1740 | HTTP Request: GET http://test/api/graph/statistics/1 "HTTP/1.1 200 OK"
2026-08-09 10:49:49 | INFO | httpx._client:_send_single_request:1740 | HTTP Request: POST http://test/api/evidence/upload "HTTP/1.1 201 Created"
2026-08-09 10:49:49 | INFO | httpx._client:_send_single_request:1740 | HTTP Request: POST http://test/api/parser/parse/1 "HTTP/1.1 202 Accepted"
2026-08-09 10:49:49 | INFO | httpx._client:_send_single_request:1740 | HTTP Request: POST http://test/api/normalize/1 "HTTP/1.1 202 Accepted"
2026-08-09 10:49:49 | INFO | httpx._client:_send_single_request:1740 | HTTP Request: GET http://test/api/normalized-events/1 "HTTP/1.1 200 OK"
2026-08-09 10:49:50 | INFO | httpx._client:_send_single_request:1740 | HTTP Request: POST http://test/api/evidence/upload "HTTP/1.1 201 Created"
2026-08-09 10:49:50 | INFO | httpx._client:_send_single_request:1740 | HTTP Request: POST http://test/api/parser/parse/1 "HTTP/1.1 202 Accepted"
2026-08-09 10:49:50 | INFO | httpx._client:_send_single_request:1740 | HTTP Request: GET http://test/api/parser/events/case/1 "HTTP/1.1 200 OK"
2026-08-09 10:49:51 | INFO | app.services.ucs_service:run_ucs:104 | Executing UCS for Case ID 1 | Start: 'login' | Goal: 'usb_remove'
2026-08-09 10:49:51 | INFO | app.services.ucs_service:run_ucs:124 | UCS Search Succeeded | Case ID: 1 | Start: 'login' | Goal: 'usb_remove' | Visited Nodes: 4 | Total Cost: 3.0000 | Time: 0.012 ms
2026-08-09 10:49:51 | INFO | httpx._client:_send_single_request:1740 | HTTP Request: POST http://test/api/v1/ai/ucs/run "HTTP/1.1 200 OK"
2026-08-09 10:49:51 | INFO | app.services.ucs_service:run_ucs:104 | Executing UCS for Case ID 1 | Start: 'login' | Goal: 'isolated_exfil'
2026-08-09 10:49:51 | WARNING | app.services.ucs_service:run_ucs:114 | UCS search completed: No path found between 'login' and 'isolated_exfil' in Case ID 1. Explored 5 nodes.
2026-08-09 10:49:51 | INFO | httpx._client:_send_single_request:1740 | HTTP Request: POST http://test/api/v1/ai/ucs/run "HTTP/1.1 400 Bad Request"
2026-08-09 10:49:51 | WARNING | app.services.ucs_service:run_ucs:74 | UCS failed: Start node 'non_existent_start' not found in Case 1.
2026-08-09 10:49:51 | INFO | httpx._client:_send_single_request:1740 | HTTP Request: POST http://test/api/v1/ai/ucs/run "HTTP/1.1 404 Not Found"
2026-08-09 10:49:52 | WARNING | app.services.ucs_service:run_ucs:83 | UCS failed: Goal node 'non_existent_goal' not found in Case 1.
2026-08-09 10:49:52 | INFO | httpx._client:_send_single_request:1740 | HTTP Request: POST http://test/api/v1/ai/ucs/run "HTTP/1.1 404 Not Found"
2026-08-09 10:49:52 | WARNING | app.services.ucs_service:run_ucs:48 | UCS failed: Case ID 999999 not found.
2026-08-09 10:49:52 | INFO | httpx._client:_send_single_request:1740 | HTTP Request: POST http://test/api/v1/ai/ucs/run "HTTP/1.1 404 Not Found"
2026-08-09 10:50:19 | INFO | app.core.logging:setup_logging:54 | Logging initialized | env=development | debug=True
2026-08-09 10:50:53 | INFO | app.core.logging:setup_logging:54 | Logging initialized | env=development | debug=True
2026-08-09 10:50:53 | INFO | app.services.astar_service:run_astar:110 | Executing A* Search for Case ID 1 | Start: 'login' | Goal: 'usb_remove'
2026-08-09 10:50:53 | INFO | app.services.astar_service:run_astar:130 | A* Search Succeeded | Case ID: 1 | Start: 'login' | Goal: 'usb_remove' | Visited Nodes: 4 | Total Cost: 3.0000 | Heuristic Cost: 1.0000 | Time: 0.021 ms
2026-08-09 10:50:53 | INFO | httpx._client:_send_single_request:1740 | HTTP Request: POST http://test/api/v1/ai/astar/run "HTTP/1.1 200 OK"
2026-08-09 10:50:53 | INFO | app.services.astar_service:run_astar:110 | Executing A* Search for Case ID 1 | Start: 'login' | Goal: 'isolated_exfil'
2026-08-09 10:50:53 | WARNING | app.services.astar_service:run_astar:120 | A* Search completed: No path found between 'login' and 'isolated_exfil' in Case ID 1. Visited 5 nodes.
2026-08-09 10:50:53 | INFO | httpx._client:_send_single_request:1740 | HTTP Request: POST http://test/api/v1/ai/astar/run "HTTP/1.1 400 Bad Request"
2026-08-09 10:50:54 | WARNING | app.services.astar_service:run_astar:81 | A* Search failed: Start node 'non_existent_start' not found in Case 1.
2026-08-09 10:50:54 | INFO | httpx._client:_send_single_request:1740 | HTTP Request: POST http://test/api/v1/ai/astar/run "HTTP/1.1 404 Not Found"
2026-08-09 10:50:54 | WARNING | app.services.astar_service:run_astar:89 | A* Search failed: Goal node 'non_existent_goal' not found in Case 1.
2026-08-09 10:50:54 | INFO | httpx._client:_send_single_request:1740 | HTTP Request: POST http://test/api/v1/ai/astar/run "HTTP/1.1 404 Not Found"
2026-08-09 10:50:54 | WARNING | app.services.astar_service:run_astar:49 | A* Search failed: Case ID 999999 not found.
2026-08-09 10:50:54 | INFO | httpx._client:_send_single_request:1740 | HTTP Request: POST http://test/api/v1/ai/astar/run "HTTP/1.1 404 Not Found"
2026-08-09 10:50:54 | INFO | app.ai.backward_chaining:evaluate_goal:268 | Backward Chaining evaluated goal='DATA_EXFILTRATION' proven=True conf=1.0000 in 0.02ms
2026-08-09 10:50:54 | INFO | app.ai.backward_chaining:evaluate_goal:268 | Backward Chaining evaluated goal='DATA_EXFILTRATION' proven=True conf=0.9500 in 0.03ms
2026-08-09 10:50:54 | INFO | app.ai.backward_chaining:evaluate_goal:268 | Backward Chaining evaluated goal='DATA_EXFILTRATION' proven=True conf=0.9120 in 0.04ms
2026-08-09 10:50:54 | INFO | app.ai.backward_chaining:evaluate_goal:268 | Backward Chaining evaluated goal='DATA_EXFILTRATION' proven=False conf=0.0000 in 0.03ms
2026-08-09 10:50:54 | INFO | app.ai.backward_chaining:evaluate_goal:268 | Backward Chaining evaluated goal='DATA_EXFILTRATION' proven=False conf=0.0000 in 0.02ms
2026-08-09 10:50:54 | WARNING | app.ai.backward_chaining:_prove_goal:298 | Circular rule cycle detected for goal='GOAL_A' at depth=3
2026-08-09 10:50:54 | INFO | app.ai.backward_chaining:evaluate_goal:268 | Backward Chaining evaluated goal='GOAL_A' proven=False conf=0.0000 in 0.38ms
2026-08-09 10:50:54 | INFO | app.ai.backward_chaining:evaluate_goal:268 | Backward Chaining evaluated goal='DATA_EXFILTRATION' proven=True conf=0.9500 in 0.02ms
2026-08-09 10:50:54 | INFO | app.ai.backward_chaining:evaluate_goal:268 | Backward Chaining evaluated goal='DATA_EXFILTRATION' proven=True conf=0.9000 in 0.03ms
2026-08-09 10:50:54 | INFO | app.ai.backward_chaining:evaluate_goal:268 | Backward Chaining evaluated goal='UNKNOWN_NONEXISTENT_GOAL' proven=False conf=0.0000 in 0.00ms
2026-08-09 10:50:54 | INFO | app.ai.backward_chaining:evaluate_goal:268 | Backward Chaining evaluated goal='DATA_EXFILTRATION' proven=False conf=0.0000 in 0.02ms
2026-08-09 10:50:54 | INFO | app.ai.backward_chaining:evaluate_goal:268 | Backward Chaining evaluated goal='N_0' proven=True conf=0.5987 in 0.06ms
2026-08-09 10:50:54 | WARNING | app.ai.backward_chaining:_prove_goal:291 | Backward chaining max depth limit reached at depth=11 for goal='NODE_10'
2026-08-09 10:50:54 | INFO | app.ai.backward_chaining:evaluate_goal:268 | Backward Chaining evaluated goal='NODE_0' proven=False conf=0.0000 in 0.45ms
2026-08-09 10:50:56 | INFO | httpx._client:_send_single_request:1740 | HTTP Request: POST http://test/api/cases/ "HTTP/1.1 201 Created"
2026-08-09 10:50:56 | INFO | httpx._client:_send_single_request:1740 | HTTP Request: GET http://test/api/cases/?search=Malware "HTTP/1.1 200 OK"
2026-08-09 10:50:57 | INFO | httpx._client:_send_single_request:1740 | HTTP Request: POST http://test/api/evidence/upload "HTTP/1.1 201 Created"
2026-08-09 10:50:57 | INFO | httpx._client:_send_single_request:1740 | HTTP Request: POST http://test/api/parser/parse/1 "HTTP/1.1 202 Accepted"
2026-08-09 10:50:57 | INFO | httpx._client:_send_single_request:1740 | HTTP Request: POST http://test/api/normalize/1 "HTTP/1.1 202 Accepted"
2026-08-09 10:50:57 | INFO | httpx._client:_send_single_request:1740 | HTTP Request: POST http://test/api/graph/build/1 "HTTP/1.1 202 Accepted"
2026-08-09 10:50:57 | INFO | httpx._client:_send_single_request:1740 | HTTP Request: POST http://test/api/csp/validate/1 "HTTP/1.1 202 Accepted"
2026-08-09 10:50:57 | INFO | httpx._client:_send_single_request:1740 | HTTP Request: GET http://test/api/csp/status/1 "HTTP/1.1 200 OK"
2026-08-09 10:50:57 | INFO | httpx._client:_send_single_request:1740 | HTTP Request: GET http://test/api/csp/results/1 "HTTP/1.1 200 OK"
2026-08-09 10:50:57 | INFO | httpx._client:_send_single_request:1740 | HTTP Request: POST http://test/api/evidence/upload "HTTP/1.1 201 Created"
2026-08-09 10:50:58 | INFO | httpx._client:_send_single_request:1740 | HTTP Request: POST http://test/api/evidence/upload "HTTP/1.1 400 Bad Request"
2026-08-09 10:50:58 | INFO | httpx._client:_send_single_request:1740 | HTTP Request: POST http://test/api/evidence/upload "HTTP/1.1 201 Created"
2026-08-09 10:50:58 | INFO | httpx._client:_send_single_request:1740 | HTTP Request: POST http://test/api/evidence/upload "HTTP/1.1 409 Conflict"
2026-08-09 10:50:59 | INFO | app.services.forward_chaining_service:run_forward_chaining:135 | Running Forward Chaining for Case ID 1 with 6 initial fact(s).
2026-08-09 10:50:59 | INFO | app.services.forward_chaining_service:run_forward_chaining:151 | Forward Chaining completed for Case ID 1 | Fired Rules: 2 | Derived Facts: 4 | Time: 0.050 ms
2026-08-09 10:50:59 | INFO | httpx._client:_send_single_request:1740 | HTTP Request: POST http://test/api/v1/ai/forward-chaining/run "HTTP/1.1 200 OK"
2026-08-09 10:50:59 | WARNING | app.services.forward_chaining_service:run_forward_chaining:49 | Forward Chaining failed: Case ID 999999 not found.
2026-08-09 10:50:59 | INFO | httpx._client:_send_single_request:1740 | HTTP Request: POST http://test/api/v1/ai/forward-chaining/run "HTTP/1.1 404 Not Found"
2026-08-09 10:51:00 | INFO | httpx._client:_send_single_request:1740 | HTTP Request: POST http://test/api/evidence/upload "HTTP/1.1 201 Created"
2026-08-09 10:51:00 | INFO | httpx._client:_send_single_request:1740 | HTTP Request: POST http://test/api/parser/parse/1 "HTTP/1.1 202 Accepted"
2026-08-09 10:51:00 | INFO | httpx._client:_send_single_request:1740 | HTTP Request: POST http://test/api/normalize/1 "HTTP/1.1 202 Accepted"
2026-08-09 10:51:00 | INFO | httpx._client:_send_single_request:1740 | HTTP Request: POST http://test/api/graph/build/1 "HTTP/1.1 202 Accepted"
2026-08-09 10:51:00 | INFO | httpx._client:_send_single_request:1740 | HTTP Request: GET http://test/api/graph/1 "HTTP/1.1 200 OK"
2026-08-09 10:51:00 | INFO | httpx._client:_send_single_request:1740 | HTTP Request: GET http://test/api/graph/statistics/1 "HTTP/1.1 200 OK"
2026-08-09 10:51:00 | INFO | httpx._client:_send_single_request:1740 | HTTP Request: POST http://test/api/evidence/upload "HTTP/1.1 201 Created"
2026-08-09 10:51:00 | INFO | httpx._client:_send_single_request:1740 | HTTP Request: POST http://test/api/parser/parse/1 "HTTP/1.1 202 Accepted"
2026-08-09 10:51:00 | INFO | httpx._client:_send_single_request:1740 | HTTP Request: POST http://test/api/normalize/1 "HTTP/1.1 202 Accepted"
2026-08-09 10:51:00 | INFO | httpx._client:_send_single_request:1740 | HTTP Request: GET http://test/api/normalized-events/1 "HTTP/1.1 200 OK"
2026-08-09 10:51:01 | INFO | httpx._client:_send_single_request:1740 | HTTP Request: POST http://test/api/evidence/upload "HTTP/1.1 201 Created"
2026-08-09 10:51:01 | INFO | httpx._client:_send_single_request:1740 | HTTP Request: POST http://test/api/parser/parse/1 "HTTP/1.1 202 Accepted"
2026-08-09 10:51:01 | INFO | httpx._client:_send_single_request:1740 | HTTP Request: GET http://test/api/parser/events/case/1 "HTTP/1.1 200 OK"
2026-08-09 10:51:01 | INFO | app.services.ucs_service:run_ucs:104 | Executing UCS for Case ID 1 | Start: 'login' | Goal: 'usb_remove'
2026-08-09 10:51:01 | INFO | app.services.ucs_service:run_ucs:124 | UCS Search Succeeded | Case ID: 1 | Start: 'login' | Goal: 'usb_remove' | Visited Nodes: 4 | Total Cost: 3.0000 | Time: 0.010 ms
2026-08-09 10:51:01 | INFO | httpx._client:_send_single_request:1740 | HTTP Request: POST http://test/api/v1/ai/ucs/run "HTTP/1.1 200 OK"
2026-08-09 10:51:01 | INFO | app.services.ucs_service:run_ucs:104 | Executing UCS for Case ID 1 | Start: 'login' | Goal: 'isolated_exfil'
2026-08-09 10:51:01 | WARNING | app.services.ucs_service:run_ucs:114 | UCS search completed: No path found between 'login' and 'isolated_exfil' in Case ID 1. Explored 5 nodes.
2026-08-09 10:51:01 | INFO | httpx._client:_send_single_request:1740 | HTTP Request: POST http://test/api/v1/ai/ucs/run "HTTP/1.1 400 Bad Request"
2026-08-09 10:51:02 | WARNING | app.services.ucs_service:run_ucs:74 | UCS failed: Start node 'non_existent_start' not found in Case 1.
2026-08-09 10:51:02 | INFO | httpx._client:_send_single_request:1740 | HTTP Request: POST http://test/api/v1/ai/ucs/run "HTTP/1.1 404 Not Found"
2026-08-09 10:51:02 | WARNING | app.services.ucs_service:run_ucs:83 | UCS failed: Goal node 'non_existent_goal' not found in Case 1.
2026-08-09 10:51:02 | INFO | httpx._client:_send_single_request:1740 | HTTP Request: POST http://test/api/v1/ai/ucs/run "HTTP/1.1 404 Not Found"
2026-08-09 10:51:02 | WARNING | app.services.ucs_service:run_ucs:48 | UCS failed: Case ID 999999 not found.
2026-08-09 10:51:02 | INFO | httpx._client:_send_single_request:1740 | HTTP Request: POST http://test/api/v1/ai/ucs/run "HTTP/1.1 404 Not Found"
2026-08-09 10:51:19 | INFO | app.core.logging:setup_logging:54 | Logging initialized | env=development | debug=True
2026-08-09 10:52:00 | INFO | app.core.logging:setup_logging:54 | Logging initialized | env=development | debug=True
2026-08-09 10:52:01 | INFO | app.services.astar_service:run_astar:110 | Executing A* Search for Case ID 1 | Start: 'login' | Goal: 'usb_remove'
2026-08-09 10:52:01 | INFO | app.services.astar_service:run_astar:130 | A* Search Succeeded | Case ID: 1 | Start: 'login' | Goal: 'usb_remove' | Visited Nodes: 4 | Total Cost: 3.0000 | Heuristic Cost: 1.0000 | Time: 0.018 ms
2026-08-09 10:52:01 | INFO | httpx._client:_send_single_request:1740 | HTTP Request: POST http://test/api/v1/ai/astar/run "HTTP/1.1 200 OK"
2026-08-09 10:52:01 | INFO | app.services.astar_service:run_astar:110 | Executing A* Search for Case ID 1 | Start: 'login' | Goal: 'isolated_exfil'
2026-08-09 10:52:01 | WARNING | app.services.astar_service:run_astar:120 | A* Search completed: No path found between 'login' and 'isolated_exfil' in Case ID 1. Visited 5 nodes.
2026-08-09 10:52:01 | INFO | httpx._client:_send_single_request:1740 | HTTP Request: POST http://test/api/v1/ai/astar/run "HTTP/1.1 400 Bad Request"
2026-08-09 10:52:02 | WARNING | app.services.astar_service:run_astar:81 | A* Search failed: Start node 'non_existent_start' not found in Case 1.
2026-08-09 10:52:02 | INFO | httpx._client:_send_single_request:1740 | HTTP Request: POST http://test/api/v1/ai/astar/run "HTTP/1.1 404 Not Found"
2026-08-09 10:52:02 | WARNING | app.services.astar_service:run_astar:89 | A* Search failed: Goal node 'non_existent_goal' not found in Case 1.
2026-08-09 10:52:02 | INFO | httpx._client:_send_single_request:1740 | HTTP Request: POST http://test/api/v1/ai/astar/run "HTTP/1.1 404 Not Found"
2026-08-09 10:52:02 | WARNING | app.services.astar_service:run_astar:49 | A* Search failed: Case ID 999999 not found.
2026-08-09 10:52:02 | INFO | httpx._client:_send_single_request:1740 | HTTP Request: POST http://test/api/v1/ai/astar/run "HTTP/1.1 404 Not Found"
2026-08-09 10:52:02 | INFO | app.ai.backward_chaining:evaluate_goal:268 | Backward Chaining evaluated goal='DATA_EXFILTRATION' proven=True conf=1.0000 in 0.01ms
2026-08-09 10:52:02 | INFO | app.ai.backward_chaining:evaluate_goal:268 | Backward Chaining evaluated goal='DATA_EXFILTRATION' proven=True conf=0.9500 in 0.03ms
2026-08-09 10:52:02 | INFO | app.ai.backward_chaining:evaluate_goal:268 | Backward Chaining evaluated goal='DATA_EXFILTRATION' proven=True conf=0.9120 in 0.04ms
2026-08-09 10:52:02 | INFO | app.ai.backward_chaining:evaluate_goal:268 | Backward Chaining evaluated goal='DATA_EXFILTRATION' proven=False conf=0.0000 in 0.02ms
2026-08-09 10:52:02 | INFO | app.ai.backward_chaining:evaluate_goal:268 | Backward Chaining evaluated goal='DATA_EXFILTRATION' proven=False conf=0.0000 in 0.02ms
2026-08-09 10:52:02 | WARNING | app.ai.backward_chaining:_prove_goal:298 | Circular rule cycle detected for goal='GOAL_A' at depth=3
2026-08-09 10:52:02 | INFO | app.ai.backward_chaining:evaluate_goal:268 | Backward Chaining evaluated goal='GOAL_A' proven=False conf=0.0000 in 0.32ms
2026-08-09 10:52:02 | INFO | app.ai.backward_chaining:evaluate_goal:268 | Backward Chaining evaluated goal='DATA_EXFILTRATION' proven=True conf=0.9500 in 0.02ms
2026-08-09 10:52:02 | INFO | app.ai.backward_chaining:evaluate_goal:268 | Backward Chaining evaluated goal='DATA_EXFILTRATION' proven=True conf=0.9000 in 0.03ms
2026-08-09 10:52:02 | INFO | app.ai.backward_chaining:evaluate_goal:268 | Backward Chaining evaluated goal='UNKNOWN_NONEXISTENT_GOAL' proven=False conf=0.0000 in 0.00ms
2026-08-09 10:52:02 | INFO | app.ai.backward_chaining:evaluate_goal:268 | Backward Chaining evaluated goal='DATA_EXFILTRATION' proven=False conf=0.0000 in 0.02ms
2026-08-09 10:52:02 | INFO | app.ai.backward_chaining:evaluate_goal:268 | Backward Chaining evaluated goal='N_0' proven=True conf=0.5987 in 0.07ms
2026-08-09 10:52:02 | WARNING | app.ai.backward_chaining:_prove_goal:291 | Backward chaining max depth limit reached at depth=11 for goal='NODE_10'
2026-08-09 10:52:02 | INFO | app.ai.backward_chaining:evaluate_goal:268 | Backward Chaining evaluated goal='NODE_0' proven=False conf=0.0000 in 0.38ms
2026-08-09 10:52:04 | INFO | httpx._client:_send_single_request:1740 | HTTP Request: POST http://test/api/cases/ "HTTP/1.1 201 Created"
2026-08-09 10:52:05 | INFO | httpx._client:_send_single_request:1740 | HTTP Request: GET http://test/api/cases/?search=Malware "HTTP/1.1 200 OK"
2026-08-09 10:52:05 | INFO | httpx._client:_send_single_request:1740 | HTTP Request: POST http://test/api/evidence/upload "HTTP/1.1 201 Created"
2026-08-09 10:52:05 | INFO | httpx._client:_send_single_request:1740 | HTTP Request: POST http://test/api/parser/parse/1 "HTTP/1.1 202 Accepted"
2026-08-09 10:52:05 | INFO | httpx._client:_send_single_request:1740 | HTTP Request: POST http://test/api/normalize/1 "HTTP/1.1 202 Accepted"
2026-08-09 10:52:06 | INFO | httpx._client:_send_single_request:1740 | HTTP Request: POST http://test/api/graph/build/1 "HTTP/1.1 202 Accepted"
2026-08-09 10:52:06 | INFO | httpx._client:_send_single_request:1740 | HTTP Request: POST http://test/api/csp/validate/1 "HTTP/1.1 202 Accepted"
2026-08-09 10:52:06 | INFO | httpx._client:_send_single_request:1740 | HTTP Request: GET http://test/api/csp/status/1 "HTTP/1.1 200 OK"
2026-08-09 10:52:06 | INFO | httpx._client:_send_single_request:1740 | HTTP Request: GET http://test/api/csp/results/1 "HTTP/1.1 200 OK"
2026-08-09 10:52:06 | INFO | httpx._client:_send_single_request:1740 | HTTP Request: POST http://test/api/evidence/upload "HTTP/1.1 201 Created"
2026-08-09 10:52:07 | INFO | httpx._client:_send_single_request:1740 | HTTP Request: POST http://test/api/evidence/upload "HTTP/1.1 400 Bad Request"
2026-08-09 10:52:07 | INFO | httpx._client:_send_single_request:1740 | HTTP Request: POST http://test/api/evidence/upload "HTTP/1.1 201 Created"
2026-08-09 10:52:07 | INFO | httpx._client:_send_single_request:1740 | HTTP Request: POST http://test/api/evidence/upload "HTTP/1.1 409 Conflict"
2026-08-09 10:52:08 | INFO | app.services.forward_chaining_service:run_forward_chaining:135 | Running Forward Chaining for Case ID 1 with 6 initial fact(s).
2026-08-09 10:52:08 | INFO | app.services.forward_chaining_service:run_forward_chaining:151 | Forward Chaining completed for Case ID 1 | Fired Rules: 2 | Derived Facts: 4 | Time: 0.057 ms
2026-08-09 10:52:08 | INFO | httpx._client:_send_single_request:1740 | HTTP Request: POST http://test/api/v1/ai/forward-chaining/run "HTTP/1.1 200 OK"
2026-08-09 10:52:08 | WARNING | app.services.forward_chaining_service:run_forward_chaining:49 | Forward Chaining failed: Case ID 999999 not found.
2026-08-09 10:52:08 | INFO | httpx._client:_send_single_request:1740 | HTTP Request: POST http://test/api/v1/ai/forward-chaining/run "HTTP/1.1 404 Not Found"
2026-08-09 10:52:09 | INFO | httpx._client:_send_single_request:1740 | HTTP Request: POST http://test/api/evidence/upload "HTTP/1.1 201 Created"
2026-08-09 10:52:09 | INFO | httpx._client:_send_single_request:1740 | HTTP Request: POST http://test/api/parser/parse/1 "HTTP/1.1 202 Accepted"
2026-08-09 10:52:09 | INFO | httpx._client:_send_single_request:1740 | HTTP Request: POST http://test/api/normalize/1 "HTTP/1.1 202 Accepted"
2026-08-09 10:52:09 | INFO | httpx._client:_send_single_request:1740 | HTTP Request: POST http://test/api/graph/build/1 "HTTP/1.1 202 Accepted"
2026-08-09 10:52:09 | INFO | httpx._client:_send_single_request:1740 | HTTP Request: GET http://test/api/graph/1 "HTTP/1.1 200 OK"
2026-08-09 10:52:09 | INFO | httpx._client:_send_single_request:1740 | HTTP Request: GET http://test/api/graph/statistics/1 "HTTP/1.1 200 OK"
2026-08-09 10:52:10 | INFO | httpx._client:_send_single_request:1740 | HTTP Request: POST http://test/api/evidence/upload "HTTP/1.1 201 Created"
2026-08-09 10:52:10 | INFO | httpx._client:_send_single_request:1740 | HTTP Request: POST http://test/api/parser/parse/1 "HTTP/1.1 202 Accepted"
2026-08-09 10:52:10 | INFO | httpx._client:_send_single_request:1740 | HTTP Request: POST http://test/api/normalize/1 "HTTP/1.1 202 Accepted"
2026-08-09 10:52:10 | INFO | httpx._client:_send_single_request:1740 | HTTP Request: GET http://test/api/normalized-events/1 "HTTP/1.1 200 OK"
2026-08-09 10:52:10 | INFO | httpx._client:_send_single_request:1740 | HTTP Request: POST http://test/api/evidence/upload "HTTP/1.1 201 Created"
2026-08-09 10:52:10 | INFO | httpx._client:_send_single_request:1740 | HTTP Request: POST http://test/api/parser/parse/1 "HTTP/1.1 202 Accepted"
2026-08-09 10:52:10 | INFO | httpx._client:_send_single_request:1740 | HTTP Request: GET http://test/api/parser/events/case/1 "HTTP/1.1 200 OK"
2026-08-09 10:52:11 | INFO | app.services.ucs_service:run_ucs:104 | Executing UCS for Case ID 1 | Start: 'login' | Goal: 'usb_remove'
2026-08-09 10:52:11 | INFO | app.services.ucs_service:run_ucs:124 | UCS Search Succeeded | Case ID: 1 | Start: 'login' | Goal: 'usb_remove' | Visited Nodes: 4 | Total Cost: 3.0000 | Time: 0.012 ms
2026-08-09 10:52:11 | INFO | httpx._client:_send_single_request:1740 | HTTP Request: POST http://test/api/v1/ai/ucs/run "HTTP/1.1 200 OK"
2026-08-09 10:52:11 | INFO | app.services.ucs_service:run_ucs:104 | Executing UCS for Case ID 1 | Start: 'login' | Goal: 'isolated_exfil'
2026-08-09 10:52:11 | WARNING | app.services.ucs_service:run_ucs:114 | UCS search completed: No path found between 'login' and 'isolated_exfil' in Case ID 1. Explored 5 nodes.
2026-08-09 10:52:11 | INFO | httpx._client:_send_single_request:1740 | HTTP Request: POST http://test/api/v1/ai/ucs/run "HTTP/1.1 400 Bad Request"
2026-08-09 10:52:11 | WARNING | app.services.ucs_service:run_ucs:74 | UCS failed: Start node 'non_existent_start' not found in Case 1.
2026-08-09 10:52:11 | INFO | httpx._client:_send_single_request:1740 | HTTP Request: POST http://test/api/v1/ai/ucs/run "HTTP/1.1 404 Not Found"
2026-08-09 10:52:12 | WARNING | app.services.ucs_service:run_ucs:83 | UCS failed: Goal node 'non_existent_goal' not found in Case 1.
2026-08-09 10:52:12 | INFO | httpx._client:_send_single_request:1740 | HTTP Request: POST http://test/api/v1/ai/ucs/run "HTTP/1.1 404 Not Found"
2026-08-09 10:52:12 | WARNING | app.services.ucs_service:run_ucs:48 | UCS failed: Case ID 999999 not found.
2026-08-09 10:52:12 | INFO | httpx._client:_send_single_request:1740 | HTTP Request: POST http://test/api/v1/ai/ucs/run "HTTP/1.1 404 Not Found"
2026-08-09 10:52:28 | INFO | app.core.logging:setup_logging:54 | Logging initialized | env=development | debug=True
2026-08-09 10:53:12 | INFO | app.core.logging:setup_logging:54 | Logging initialized | env=development | debug=True
2026-08-09 10:53:12 | INFO | app.ai.backward_chaining:evaluate_goal:268 | Backward Chaining evaluated goal='DATA_EXFILTRATION' proven=True conf=1.0000 in 0.01ms
2026-08-09 10:53:12 | INFO | app.ai.backward_chaining:evaluate_goal:268 | Backward Chaining evaluated goal='DATA_EXFILTRATION' proven=True conf=0.9500 in 0.08ms
2026-08-09 10:53:12 | INFO | app.ai.backward_chaining:evaluate_goal:268 | Backward Chaining evaluated goal='DATA_EXFILTRATION' proven=True conf=0.9120 in 0.05ms
2026-08-09 10:53:12 | INFO | app.ai.backward_chaining:evaluate_goal:268 | Backward Chaining evaluated goal='DATA_EXFILTRATION' proven=False conf=0.0000 in 0.04ms
2026-08-09 10:53:12 | INFO | app.ai.backward_chaining:evaluate_goal:268 | Backward Chaining evaluated goal='DATA_EXFILTRATION' proven=False conf=0.0000 in 0.02ms
2026-08-09 10:53:12 | WARNING | app.ai.backward_chaining:_prove_goal:298 | Circular rule cycle detected for goal='GOAL_A' at depth=3
2026-08-09 10:53:12 | INFO | app.ai.backward_chaining:evaluate_goal:268 | Backward Chaining evaluated goal='GOAL_A' proven=False conf=0.0000 in 0.60ms
2026-08-09 10:53:12 | INFO | app.ai.backward_chaining:evaluate_goal:268 | Backward Chaining evaluated goal='DATA_EXFILTRATION' proven=True conf=0.9500 in 0.03ms
2026-08-09 10:53:12 | INFO | app.ai.backward_chaining:evaluate_goal:268 | Backward Chaining evaluated goal='DATA_EXFILTRATION' proven=True conf=0.9000 in 0.03ms
2026-08-09 10:53:12 | INFO | app.ai.backward_chaining:evaluate_goal:268 | Backward Chaining evaluated goal='UNKNOWN_NONEXISTENT_GOAL' proven=False conf=0.0000 in 0.00ms
2026-08-09 10:53:12 | INFO | app.ai.backward_chaining:evaluate_goal:268 | Backward Chaining evaluated goal='DATA_EXFILTRATION' proven=False conf=0.0000 in 0.04ms
2026-08-09 10:53:12 | INFO | app.ai.backward_chaining:evaluate_goal:268 | Backward Chaining evaluated goal='N_0' proven=True conf=0.5987 in 0.08ms
2026-08-09 10:53:12 | WARNING | app.ai.backward_chaining:_prove_goal:291 | Backward chaining max depth limit reached at depth=11 for goal='NODE_10'
2026-08-09 10:53:12 | INFO | app.ai.backward_chaining:evaluate_goal:268 | Backward Chaining evaluated goal='NODE_0' proven=False conf=0.0000 in 0.74ms
2026-08-09 10:53:13 | INFO | app.ai.backward_chaining:evaluate_goal:268 | Backward Chaining evaluated goal='DATA_EXFILTRATION' proven=True conf=0.8361 in 0.04ms
2026-08-09 10:53:13 | INFO | httpx._client:_send_single_request:1740 | HTTP Request: POST http://test/api/v1/ai/backward-chaining/run "HTTP/1.1 200 OK"
2026-08-09 10:53:13 | INFO | app.ai.backward_chaining:evaluate_goal:268 | Backward Chaining evaluated goal='PRIVILEGE_ESCALATION' proven=False conf=0.0000 in 0.03ms
2026-08-09 10:53:13 | INFO | httpx._client:_send_single_request:1740 | HTTP Request: POST http://test/api/backward-chaining/evaluate/1?goal=PRIVILEGE_ESCALATION "HTTP/1.1 200 OK"
2026-08-09 10:53:13 | INFO | httpx._client:_send_single_request:1740 | HTTP Request: POST http://test/api/v1/ai/backward-chaining/run "HTTP/1.1 400 Bad Request"
2026-08-09 10:53:30 | INFO | app.core.logging:setup_logging:54 | Logging initialized | env=development | debug=True
2026-08-09 10:53:30 | INFO | app.services.astar_service:run_astar:110 | Executing A* Search for Case ID 1 | Start: 'login' | Goal: 'usb_remove'
2026-08-09 10:53:30 | INFO | app.services.astar_service:run_astar:130 | A* Search Succeeded | Case ID: 1 | Start: 'login' | Goal: 'usb_remove' | Visited Nodes: 4 | Total Cost: 3.0000 | Heuristic Cost: 1.0000 | Time: 0.029 ms
2026-08-09 10:53:30 | INFO | httpx._client:_send_single_request:1740 | HTTP Request: POST http://test/api/v1/ai/astar/run "HTTP/1.1 200 OK"
2026-08-09 10:53:31 | INFO | app.services.astar_service:run_astar:110 | Executing A* Search for Case ID 1 | Start: 'login' | Goal: 'isolated_exfil'
2026-08-09 10:53:31 | WARNING | app.services.astar_service:run_astar:120 | A* Search completed: No path found between 'login' and 'isolated_exfil' in Case ID 1. Visited 5 nodes.
2026-08-09 10:53:31 | INFO | httpx._client:_send_single_request:1740 | HTTP Request: POST http://test/api/v1/ai/astar/run "HTTP/1.1 400 Bad Request"
2026-08-09 10:53:31 | WARNING | app.services.astar_service:run_astar:81 | A* Search failed: Start node 'non_existent_start' not found in Case 1.
2026-08-09 10:53:31 | INFO | httpx._client:_send_single_request:1740 | HTTP Request: POST http://test/api/v1/ai/astar/run "HTTP/1.1 404 Not Found"
2026-08-09 10:53:32 | WARNING | app.services.astar_service:run_astar:89 | A* Search failed: Goal node 'non_existent_goal' not found in Case 1.
2026-08-09 10:53:32 | INFO | httpx._client:_send_single_request:1740 | HTTP Request: POST http://test/api/v1/ai/astar/run "HTTP/1.1 404 Not Found"
2026-08-09 10:53:32 | WARNING | app.services.astar_service:run_astar:49 | A* Search failed: Case ID 999999 not found.
2026-08-09 10:53:32 | INFO | httpx._client:_send_single_request:1740 | HTTP Request: POST http://test/api/v1/ai/astar/run "HTTP/1.1 404 Not Found"
2026-08-09 10:53:32 | INFO | app.ai.backward_chaining:evaluate_goal:268 | Backward Chaining evaluated goal='DATA_EXFILTRATION' proven=True conf=1.0000 in 0.01ms
2026-08-09 10:53:32 | INFO | app.ai.backward_chaining:evaluate_goal:268 | Backward Chaining evaluated goal='DATA_EXFILTRATION' proven=True conf=0.9500 in 0.05ms
2026-08-09 10:53:32 | INFO | app.ai.backward_chaining:evaluate_goal:268 | Backward Chaining evaluated goal='DATA_EXFILTRATION' proven=True conf=0.9120 in 0.03ms
2026-08-09 10:53:32 | INFO | app.ai.backward_chaining:evaluate_goal:268 | Backward Chaining evaluated goal='DATA_EXFILTRATION' proven=False conf=0.0000 in 0.02ms
2026-08-09 10:53:32 | INFO | app.ai.backward_chaining:evaluate_goal:268 | Backward Chaining evaluated goal='DATA_EXFILTRATION' proven=False conf=0.0000 in 0.03ms
2026-08-09 10:53:32 | WARNING | app.ai.backward_chaining:_prove_goal:298 | Circular rule cycle detected for goal='GOAL_A' at depth=3
2026-08-09 10:53:32 | INFO | app.ai.backward_chaining:evaluate_goal:268 | Backward Chaining evaluated goal='GOAL_A' proven=False conf=0.0000 in 0.57ms
2026-08-09 10:53:32 | INFO | app.ai.backward_chaining:evaluate_goal:268 | Backward Chaining evaluated goal='DATA_EXFILTRATION' proven=True conf=0.9500 in 0.03ms
2026-08-09 10:53:32 | INFO | app.ai.backward_chaining:evaluate_goal:268 | Backward Chaining evaluated goal='DATA_EXFILTRATION' proven=True conf=0.9000 in 0.04ms
2026-08-09 10:53:32 | INFO | app.ai.backward_chaining:evaluate_goal:268 | Backward Chaining evaluated goal='UNKNOWN_NONEXISTENT_GOAL' proven=False conf=0.0000 in 0.01ms
2026-08-09 10:53:32 | INFO | app.ai.backward_chaining:evaluate_goal:268 | Backward Chaining evaluated goal='DATA_EXFILTRATION' proven=False conf=0.0000 in 0.02ms
2026-08-09 10:53:32 | INFO | app.ai.backward_chaining:evaluate_goal:268 | Backward Chaining evaluated goal='N_0' proven=True conf=0.5987 in 0.09ms
2026-08-09 10:53:32 | WARNING | app.ai.backward_chaining:_prove_goal:291 | Backward chaining max depth limit reached at depth=11 for goal='NODE_10'
2026-08-09 10:53:32 | INFO | app.ai.backward_chaining:evaluate_goal:268 | Backward Chaining evaluated goal='NODE_0' proven=False conf=0.0000 in 0.49ms
2026-08-09 10:53:33 | INFO | app.ai.backward_chaining:evaluate_goal:268 | Backward Chaining evaluated goal='DATA_EXFILTRATION' proven=True conf=0.8361 in 0.05ms
2026-08-09 10:53:33 | INFO | httpx._client:_send_single_request:1740 | HTTP Request: POST http://test/api/v1/ai/backward-chaining/run "HTTP/1.1 200 OK"
2026-08-09 10:53:33 | INFO | app.ai.backward_chaining:evaluate_goal:268 | Backward Chaining evaluated goal='PRIVILEGE_ESCALATION' proven=False conf=0.0000 in 0.03ms
2026-08-09 10:53:33 | INFO | httpx._client:_send_single_request:1740 | HTTP Request: POST http://test/api/backward-chaining/evaluate/1?goal=PRIVILEGE_ESCALATION "HTTP/1.1 200 OK"
2026-08-09 10:53:33 | INFO | httpx._client:_send_single_request:1740 | HTTP Request: POST http://test/api/v1/ai/backward-chaining/run "HTTP/1.1 400 Bad Request"
2026-08-09 10:53:34 | INFO | httpx._client:_send_single_request:1740 | HTTP Request: POST http://test/api/cases/ "HTTP/1.1 201 Created"
2026-08-09 10:53:34 | INFO | httpx._client:_send_single_request:1740 | HTTP Request: GET http://test/api/cases/?search=Malware "HTTP/1.1 200 OK"
2026-08-09 10:53:35 | INFO | httpx._client:_send_single_request:1740 | HTTP Request: POST http://test/api/evidence/upload "HTTP/1.1 201 Created"
2026-08-09 10:53:35 | INFO | httpx._client:_send_single_request:1740 | HTTP Request: POST http://test/api/parser/parse/1 "HTTP/1.1 202 Accepted"
2026-08-09 10:53:35 | INFO | httpx._client:_send_single_request:1740 | HTTP Request: POST http://test/api/normalize/1 "HTTP/1.1 202 Accepted"
2026-08-09 10:53:35 | INFO | httpx._client:_send_single_request:1740 | HTTP Request: POST http://test/api/graph/build/1 "HTTP/1.1 202 Accepted"
2026-08-09 10:53:35 | INFO | httpx._client:_send_single_request:1740 | HTTP Request: POST http://test/api/csp/validate/1 "HTTP/1.1 202 Accepted"
2026-08-09 10:53:35 | INFO | httpx._client:_send_single_request:1740 | HTTP Request: GET http://test/api/csp/status/1 "HTTP/1.1 200 OK"
2026-08-09 10:53:35 | INFO | httpx._client:_send_single_request:1740 | HTTP Request: GET http://test/api/csp/results/1 "HTTP/1.1 200 OK"
2026-08-09 10:53:36 | INFO | httpx._client:_send_single_request:1740 | HTTP Request: POST http://test/api/evidence/upload "HTTP/1.1 201 Created"
2026-08-09 10:53:37 | INFO | httpx._client:_send_single_request:1740 | HTTP Request: POST http://test/api/evidence/upload "HTTP/1.1 400 Bad Request"
2026-08-09 10:53:37 | INFO | httpx._client:_send_single_request:1740 | HTTP Request: POST http://test/api/evidence/upload "HTTP/1.1 201 Created"
2026-08-09 10:53:37 | INFO | httpx._client:_send_single_request:1740 | HTTP Request: POST http://test/api/evidence/upload "HTTP/1.1 409 Conflict"
2026-08-09 10:53:38 | INFO | app.services.forward_chaining_service:run_forward_chaining:135 | Running Forward Chaining for Case ID 1 with 6 initial fact(s).
2026-08-09 10:53:38 | INFO | app.services.forward_chaining_service:run_forward_chaining:151 | Forward Chaining completed for Case ID 1 | Fired Rules: 2 | Derived Facts: 4 | Time: 0.043 ms
2026-08-09 10:53:38 | INFO | httpx._client:_send_single_request:1740 | HTTP Request: POST http://test/api/v1/ai/forward-chaining/run "HTTP/1.1 200 OK"
2026-08-09 10:53:38 | WARNING | app.services.forward_chaining_service:run_forward_chaining:49 | Forward Chaining failed: Case ID 999999 not found.
2026-08-09 10:53:38 | INFO | httpx._client:_send_single_request:1740 | HTTP Request: POST http://test/api/v1/ai/forward-chaining/run "HTTP/1.1 404 Not Found"
2026-08-09 10:53:39 | INFO | httpx._client:_send_single_request:1740 | HTTP Request: POST http://test/api/evidence/upload "HTTP/1.1 201 Created"
2026-08-09 10:53:39 | INFO | httpx._client:_send_single_request:1740 | HTTP Request: POST http://test/api/parser/parse/1 "HTTP/1.1 202 Accepted"
2026-08-09 10:53:39 | INFO | httpx._client:_send_single_request:1740 | HTTP Request: POST http://test/api/normalize/1 "HTTP/1.1 202 Accepted"
2026-08-09 10:53:39 | INFO | httpx._client:_send_single_request:1740 | HTTP Request: POST http://test/api/graph/build/1 "HTTP/1.1 202 Accepted"
2026-08-09 10:53:39 | INFO | httpx._client:_send_single_request:1740 | HTTP Request: GET http://test/api/graph/1 "HTTP/1.1 200 OK"
2026-08-09 10:53:39 | INFO | httpx._client:_send_single_request:1740 | HTTP Request: GET http://test/api/graph/statistics/1 "HTTP/1.1 200 OK"
2026-08-09 10:53:40 | INFO | httpx._client:_send_single_request:1740 | HTTP Request: POST http://test/api/evidence/upload "HTTP/1.1 201 Created"
2026-08-09 10:53:40 | INFO | httpx._client:_send_single_request:1740 | HTTP Request: POST http://test/api/parser/parse/1 "HTTP/1.1 202 Accepted"
2026-08-09 10:53:40 | INFO | httpx._client:_send_single_request:1740 | HTTP Request: POST http://test/api/normalize/1 "HTTP/1.1 202 Accepted"
2026-08-09 10:53:40 | INFO | httpx._client:_send_single_request:1740 | HTTP Request: GET http://test/api/normalized-events/1 "HTTP/1.1 200 OK"
2026-08-09 10:53:40 | INFO | httpx._client:_send_single_request:1740 | HTTP Request: POST http://test/api/evidence/upload "HTTP/1.1 201 Created"
2026-08-09 10:53:41 | INFO | httpx._client:_send_single_request:1740 | HTTP Request: POST http://test/api/parser/parse/1 "HTTP/1.1 202 Accepted"
2026-08-09 10:53:41 | INFO | httpx._client:_send_single_request:1740 | HTTP Request: GET http://test/api/parser/events/case/1 "HTTP/1.1 200 OK"
2026-08-09 10:53:41 | INFO | app.services.ucs_service:run_ucs:104 | Executing UCS for Case ID 1 | Start: 'login' | Goal: 'usb_remove'
2026-08-09 10:53:41 | INFO | app.services.ucs_service:run_ucs:124 | UCS Search Succeeded | Case ID: 1 | Start: 'login' | Goal: 'usb_remove' | Visited Nodes: 4 | Total Cost: 3.0000 | Time: 0.012 ms
2026-08-09 10:53:41 | INFO | httpx._client:_send_single_request:1740 | HTTP Request: POST http://test/api/v1/ai/ucs/run "HTTP/1.1 200 OK"
2026-08-09 10:53:41 | INFO | app.services.ucs_service:run_ucs:104 | Executing UCS for Case ID 1 | Start: 'login' | Goal: 'isolated_exfil'
2026-08-09 10:53:41 | WARNING | app.services.ucs_service:run_ucs:114 | UCS search completed: No path found between 'login' and 'isolated_exfil' in Case ID 1. Explored 5 nodes.
2026-08-09 10:53:41 | INFO | httpx._client:_send_single_request:1740 | HTTP Request: POST http://test/api/v1/ai/ucs/run "HTTP/1.1 400 Bad Request"
2026-08-09 10:53:42 | WARNING | app.services.ucs_service:run_ucs:74 | UCS failed: Start node 'non_existent_start' not found in Case 1.
2026-08-09 10:53:42 | INFO | httpx._client:_send_single_request:1740 | HTTP Request: POST http://test/api/v1/ai/ucs/run "HTTP/1.1 404 Not Found"
2026-08-09 10:53:42 | WARNING | app.services.ucs_service:run_ucs:83 | UCS failed: Goal node 'non_existent_goal' not found in Case 1.
2026-08-09 10:53:42 | INFO | httpx._client:_send_single_request:1740 | HTTP Request: POST http://test/api/v1/ai/ucs/run "HTTP/1.1 404 Not Found"
2026-08-09 10:53:42 | WARNING | app.services.ucs_service:run_ucs:48 | UCS failed: Case ID 999999 not found.
2026-08-09 10:53:42 | INFO | httpx._client:_send_single_request:1740 | HTTP Request: POST http://test/api/v1/ai/ucs/run "HTTP/1.1 404 Not Found"
2026-08-09 10:55:47 | INFO | app.core.logging:setup_logging:54 | Logging initialized | env=development | debug=True
2026-08-09 10:55:48 | INFO | app.services.astar_service:run_astar:110 | Executing A* Search for Case ID 1 | Start: 'login' | Goal: 'usb_remove'
2026-08-09 10:55:48 | INFO | app.services.astar_service:run_astar:130 | A* Search Succeeded | Case ID: 1 | Start: 'login' | Goal: 'usb_remove' | Visited Nodes: 4 | Total Cost: 3.0000 | Heuristic Cost: 1.0000 | Time: 0.018 ms
2026-08-09 10:55:48 | INFO | httpx._client:_send_single_request:1740 | HTTP Request: POST http://test/api/v1/ai/astar/run "HTTP/1.1 200 OK"
2026-08-09 10:55:48 | INFO | app.services.astar_service:run_astar:110 | Executing A* Search for Case ID 1 | Start: 'login' | Goal: 'isolated_exfil'
2026-08-09 10:55:48 | WARNING | app.services.astar_service:run_astar:120 | A* Search completed: No path found between 'login' and 'isolated_exfil' in Case ID 1. Visited 5 nodes.
2026-08-09 10:55:48 | INFO | httpx._client:_send_single_request:1740 | HTTP Request: POST http://test/api/v1/ai/astar/run "HTTP/1.1 400 Bad Request"
2026-08-09 10:55:49 | WARNING | app.services.astar_service:run_astar:81 | A* Search failed: Start node 'non_existent_start' not found in Case 1.
2026-08-09 10:55:49 | INFO | httpx._client:_send_single_request:1740 | HTTP Request: POST http://test/api/v1/ai/astar/run "HTTP/1.1 404 Not Found"
2026-08-09 10:55:49 | WARNING | app.services.astar_service:run_astar:89 | A* Search failed: Goal node 'non_existent_goal' not found in Case 1.
2026-08-09 10:55:49 | INFO | httpx._client:_send_single_request:1740 | HTTP Request: POST http://test/api/v1/ai/astar/run "HTTP/1.1 404 Not Found"
2026-08-09 10:55:50 | WARNING | app.services.astar_service:run_astar:49 | A* Search failed: Case ID 999999 not found.
2026-08-09 10:55:50 | INFO | httpx._client:_send_single_request:1740 | HTTP Request: POST http://test/api/v1/ai/astar/run "HTTP/1.1 404 Not Found"
2026-08-09 10:55:50 | INFO | app.ai.backward_chaining:evaluate_goal:268 | Backward Chaining evaluated goal='DATA_EXFILTRATION' proven=True conf=1.0000 in 0.01ms
2026-08-09 10:55:50 | INFO | app.ai.backward_chaining:evaluate_goal:268 | Backward Chaining evaluated goal='DATA_EXFILTRATION' proven=True conf=0.9500 in 0.07ms
2026-08-09 10:55:50 | INFO | app.ai.backward_chaining:evaluate_goal:268 | Backward Chaining evaluated goal='DATA_EXFILTRATION' proven=True conf=0.9120 in 0.07ms
2026-08-09 10:55:50 | INFO | app.ai.backward_chaining:evaluate_goal:268 | Backward Chaining evaluated goal='DATA_EXFILTRATION' proven=False conf=0.0000 in 0.05ms
2026-08-09 10:55:50 | INFO | app.ai.backward_chaining:evaluate_goal:268 | Backward Chaining evaluated goal='DATA_EXFILTRATION' proven=False conf=0.0000 in 0.04ms
2026-08-09 10:55:50 | WARNING | app.ai.backward_chaining:_prove_goal:298 | Circular rule cycle detected for goal='GOAL_A' at depth=3
2026-08-09 10:55:50 | INFO | app.ai.backward_chaining:evaluate_goal:268 | Backward Chaining evaluated goal='GOAL_A' proven=False conf=0.0000 in 0.69ms
2026-08-09 10:55:50 | INFO | app.ai.backward_chaining:evaluate_goal:268 | Backward Chaining evaluated goal='DATA_EXFILTRATION' proven=True conf=0.9500 in 0.05ms
2026-08-09 10:55:50 | INFO | app.ai.backward_chaining:evaluate_goal:268 | Backward Chaining evaluated goal='DATA_EXFILTRATION' proven=True conf=0.9000 in 0.05ms
2026-08-09 10:55:50 | INFO | app.ai.backward_chaining:evaluate_goal:268 | Backward Chaining evaluated goal='UNKNOWN_NONEXISTENT_GOAL' proven=False conf=0.0000 in 0.01ms
2026-08-09 10:55:50 | INFO | app.ai.backward_chaining:evaluate_goal:268 | Backward Chaining evaluated goal='DATA_EXFILTRATION' proven=False conf=0.0000 in 0.04ms
2026-08-09 10:55:50 | INFO | app.ai.backward_chaining:evaluate_goal:268 | Backward Chaining evaluated goal='N_0' proven=True conf=0.5987 in 0.12ms
2026-08-09 10:55:50 | WARNING | app.ai.backward_chaining:_prove_goal:291 | Backward chaining max depth limit reached at depth=11 for goal='NODE_10'
2026-08-09 10:55:50 | INFO | app.ai.backward_chaining:evaluate_goal:268 | Backward Chaining evaluated goal='NODE_0' proven=False conf=0.0000 in 0.80ms
2026-08-09 10:55:50 | INFO | app.ai.backward_chaining:evaluate_goal:268 | Backward Chaining evaluated goal='DATA_EXFILTRATION' proven=True conf=0.8361 in 0.04ms
2026-08-09 10:55:50 | INFO | httpx._client:_send_single_request:1740 | HTTP Request: POST http://test/api/v1/ai/backward-chaining/run "HTTP/1.1 200 OK"
2026-08-09 10:55:50 | INFO | app.ai.backward_chaining:evaluate_goal:268 | Backward Chaining evaluated goal='PRIVILEGE_ESCALATION' proven=False conf=0.0000 in 0.04ms
2026-08-09 10:55:50 | INFO | httpx._client:_send_single_request:1740 | HTTP Request: POST http://test/api/backward-chaining/evaluate/1?goal=PRIVILEGE_ESCALATION "HTTP/1.1 200 OK"
2026-08-09 10:55:50 | INFO | httpx._client:_send_single_request:1740 | HTTP Request: POST http://test/api/v1/ai/backward-chaining/run "HTTP/1.1 400 Bad Request"
2026-08-09 10:55:51 | INFO | httpx._client:_send_single_request:1740 | HTTP Request: POST http://test/api/cases/ "HTTP/1.1 201 Created"
2026-08-09 10:55:52 | INFO | httpx._client:_send_single_request:1740 | HTTP Request: GET http://test/api/cases/?search=Malware "HTTP/1.1 200 OK"
2026-08-09 10:55:53 | INFO | httpx._client:_send_single_request:1740 | HTTP Request: POST http://test/api/evidence/upload "HTTP/1.1 201 Created"
2026-08-09 10:55:53 | INFO | httpx._client:_send_single_request:1740 | HTTP Request: POST http://test/api/parser/parse/1 "HTTP/1.1 202 Accepted"
2026-08-09 10:55:53 | INFO | httpx._client:_send_single_request:1740 | HTTP Request: POST http://test/api/normalize/1 "HTTP/1.1 202 Accepted"
2026-08-09 10:55:54 | INFO | httpx._client:_send_single_request:1740 | HTTP Request: POST http://test/api/graph/build/1 "HTTP/1.1 202 Accepted"
2026-08-09 10:55:54 | INFO | httpx._client:_send_single_request:1740 | HTTP Request: POST http://test/api/csp/validate/1 "HTTP/1.1 202 Accepted"
2026-08-09 10:55:54 | INFO | httpx._client:_send_single_request:1740 | HTTP Request: GET http://test/api/csp/status/1 "HTTP/1.1 200 OK"
2026-08-09 10:55:54 | INFO | httpx._client:_send_single_request:1740 | HTTP Request: GET http://test/api/csp/results/1 "HTTP/1.1 200 OK"
2026-08-09 10:55:55 | INFO | httpx._client:_send_single_request:1740 | HTTP Request: POST http://test/api/evidence/upload "HTTP/1.1 201 Created"
2026-08-09 10:55:56 | INFO | httpx._client:_send_single_request:1740 | HTTP Request: POST http://test/api/evidence/upload "HTTP/1.1 400 Bad Request"
2026-08-09 10:55:58 | INFO | httpx._client:_send_single_request:1740 | HTTP Request: POST http://test/api/evidence/upload "HTTP/1.1 201 Created"
2026-08-09 10:55:58 | INFO | httpx._client:_send_single_request:1740 | HTTP Request: POST http://test/api/evidence/upload "HTTP/1.1 409 Conflict"
2026-08-09 10:55:58 | INFO | app.services.forward_chaining_service:run_forward_chaining:135 | Running Forward Chaining for Case ID 1 with 6 initial fact(s).
2026-08-09 10:55:58 | INFO | app.services.forward_chaining_service:run_forward_chaining:151 | Forward Chaining completed for Case ID 1 | Fired Rules: 2 | Derived Facts: 4 | Time: 0.046 ms
2026-08-09 10:55:58 | INFO | httpx._client:_send_single_request:1740 | HTTP Request: POST http://test/api/v1/ai/forward-chaining/run "HTTP/1.1 200 OK"
2026-08-09 10:55:59 | WARNING | app.services.forward_chaining_service:run_forward_chaining:49 | Forward Chaining failed: Case ID 999999 not found.
2026-08-09 10:55:59 | INFO | httpx._client:_send_single_request:1740 | HTTP Request: POST http://test/api/v1/ai/forward-chaining/run "HTTP/1.1 404 Not Found"
2026-08-09 10:56:00 | INFO | httpx._client:_send_single_request:1740 | HTTP Request: POST http://test/api/evidence/upload "HTTP/1.1 201 Created"
2026-08-09 10:56:00 | INFO | httpx._client:_send_single_request:1740 | HTTP Request: POST http://test/api/parser/parse/1 "HTTP/1.1 202 Accepted"
2026-08-09 10:56:00 | INFO | httpx._client:_send_single_request:1740 | HTTP Request: POST http://test/api/normalize/1 "HTTP/1.1 202 Accepted"
2026-08-09 10:56:00 | INFO | httpx._client:_send_single_request:1740 | HTTP Request: POST http://test/api/graph/build/1 "HTTP/1.1 202 Accepted"
2026-08-09 10:56:00 | INFO | httpx._client:_send_single_request:1740 | HTTP Request: GET http://test/api/graph/1 "HTTP/1.1 200 OK"
2026-08-09 10:56:00 | INFO | httpx._client:_send_single_request:1740 | HTTP Request: GET http://test/api/graph/statistics/1 "HTTP/1.1 200 OK"
2026-08-09 10:56:02 | INFO | httpx._client:_send_single_request:1740 | HTTP Request: POST http://test/api/evidence/upload "HTTP/1.1 201 Created"
2026-08-09 10:56:02 | INFO | httpx._client:_send_single_request:1740 | HTTP Request: POST http://test/api/parser/parse/1 "HTTP/1.1 202 Accepted"
2026-08-09 10:56:02 | INFO | httpx._client:_send_single_request:1740 | HTTP Request: POST http://test/api/normalize/1 "HTTP/1.1 202 Accepted"
2026-08-09 10:56:02 | INFO | httpx._client:_send_single_request:1740 | HTTP Request: GET http://test/api/normalized-events/1 "HTTP/1.1 200 OK"
2026-08-09 10:56:03 | INFO | httpx._client:_send_single_request:1740 | HTTP Request: POST http://test/api/evidence/upload "HTTP/1.1 201 Created"
2026-08-09 10:56:03 | INFO | httpx._client:_send_single_request:1740 | HTTP Request: POST http://test/api/parser/parse/1 "HTTP/1.1 202 Accepted"
2026-08-09 10:56:03 | INFO | httpx._client:_send_single_request:1740 | HTTP Request: GET http://test/api/parser/events/case/1 "HTTP/1.1 200 OK"
2026-08-09 10:56:12 | INFO | app.services.ucs_service:run_ucs:104 | Executing UCS for Case ID 1 | Start: 'login' | Goal: 'usb_remove'
2026-08-09 10:56:12 | INFO | app.services.ucs_service:run_ucs:124 | UCS Search Succeeded | Case ID: 1 | Start: 'login' | Goal: 'usb_remove' | Visited Nodes: 4 | Total Cost: 3.0000 | Time: 0.010 ms
2026-08-09 10:56:12 | INFO | httpx._client:_send_single_request:1740 | HTTP Request: POST http://test/api/v1/ai/ucs/run "HTTP/1.1 200 OK"
2026-08-09 10:56:13 | INFO | app.services.ucs_service:run_ucs:104 | Executing UCS for Case ID 1 | Start: 'login' | Goal: 'isolated_exfil'
2026-08-09 10:56:13 | WARNING | app.services.ucs_service:run_ucs:114 | UCS search completed: No path found between 'login' and 'isolated_exfil' in Case ID 1. Explored 5 nodes.
2026-08-09 10:56:13 | INFO | httpx._client:_send_single_request:1740 | HTTP Request: POST http://test/api/v1/ai/ucs/run "HTTP/1.1 400 Bad Request"
2026-08-09 10:56:13 | WARNING | app.services.ucs_service:run_ucs:74 | UCS failed: Start node 'non_existent_start' not found in Case 1.
2026-08-09 10:56:13 | INFO | httpx._client:_send_single_request:1740 | HTTP Request: POST http://test/api/v1/ai/ucs/run "HTTP/1.1 404 Not Found"
2026-08-09 10:56:13 | WARNING | app.services.ucs_service:run_ucs:83 | UCS failed: Goal node 'non_existent_goal' not found in Case 1.
2026-08-09 10:56:13 | INFO | httpx._client:_send_single_request:1740 | HTTP Request: POST http://test/api/v1/ai/ucs/run "HTTP/1.1 404 Not Found"
2026-08-09 10:56:14 | WARNING | app.services.ucs_service:run_ucs:48 | UCS failed: Case ID 999999 not found.
2026-08-09 10:56:14 | INFO | httpx._client:_send_single_request:1740 | HTTP Request: POST http://test/api/v1/ai/ucs/run "HTTP/1.1 404 Not Found"
2026-08-09 10:56:24 | INFO | app.core.logging:setup_logging:54 | Logging initialized | env=development | debug=True
2026-08-09 10:56:59 | INFO | app.core.logging:setup_logging:54 | Logging initialized | env=development | debug=True
2026-08-09 10:57:31 | INFO | app.core.logging:setup_logging:54 | Logging initialized | env=development | debug=True
2026-08-09 10:57:32 | INFO | app.ai.backward_chaining:evaluate_goal:268 | Backward Chaining evaluated goal='DATA_EXFILTRATION' proven=False conf=0.0000 in 0.03ms
2026-08-09 10:57:32 | INFO | app.ai.backward_chaining:evaluate_goal:268 | Backward Chaining evaluated goal='PRIVILEGE_ESCALATION' proven=False conf=0.0000 in 0.02ms
2026-08-09 10:57:32 | INFO | app.ai.backward_chaining:evaluate_goal:268 | Backward Chaining evaluated goal='LATERAL_MOVEMENT' proven=False conf=0.0000 in 0.02ms
2026-08-09 10:57:32 | INFO | app.ai.backward_chaining:evaluate_goal:268 | Backward Chaining evaluated goal='DATA_EXFILTRATION' proven=False conf=0.0000 in 0.02ms
2026-08-09 10:57:32 | INFO | app.ai.backward_chaining:evaluate_goal:268 | Backward Chaining evaluated goal='PRIVILEGE_ESCALATION' proven=False conf=0.0000 in 0.02ms
2026-08-09 10:57:32 | INFO | app.ai.backward_chaining:evaluate_goal:268 | Backward Chaining evaluated goal='LATERAL_MOVEMENT' proven=False conf=0.0000 in 0.02ms
2026-08-09 10:57:32 | INFO | app.ai.backward_chaining:evaluate_goal:268 | Backward Chaining evaluated goal='DATA_EXFILTRATION' proven=False conf=0.0000 in 0.02ms
2026-08-09 10:57:32 | INFO | app.ai.backward_chaining:evaluate_goal:268 | Backward Chaining evaluated goal='PRIVILEGE_ESCALATION' proven=False conf=0.0000 in 0.02ms
2026-08-09 10:57:32 | INFO | app.ai.backward_chaining:evaluate_goal:268 | Backward Chaining evaluated goal='LATERAL_MOVEMENT' proven=False conf=0.0000 in 0.02ms
2026-08-09 10:57:33 | INFO | app.ai.backward_chaining:evaluate_goal:268 | Backward Chaining evaluated goal='DATA_EXFILTRATION' proven=False conf=0.0000 in 0.02ms
2026-08-09 10:57:33 | INFO | app.ai.backward_chaining:evaluate_goal:268 | Backward Chaining evaluated goal='PRIVILEGE_ESCALATION' proven=False conf=0.0000 in 0.02ms
2026-08-09 10:57:33 | INFO | app.ai.backward_chaining:evaluate_goal:268 | Backward Chaining evaluated goal='LATERAL_MOVEMENT' proven=False conf=0.0000 in 0.03ms
2026-08-09 10:57:33 | INFO | app.ai.backward_chaining:evaluate_goal:268 | Backward Chaining evaluated goal='DATA_EXFILTRATION' proven=True conf=1.0000 in 0.00ms
2026-08-09 10:57:33 | INFO | app.ai.backward_chaining:evaluate_goal:268 | Backward Chaining evaluated goal='PRIVILEGE_ESCALATION' proven=False conf=0.0000 in 0.04ms
2026-08-09 10:57:33 | INFO | app.ai.backward_chaining:evaluate_goal:268 | Backward Chaining evaluated goal='LATERAL_MOVEMENT' proven=False conf=0.0000 in 0.02ms
2026-08-09 10:57:34 | INFO | app.ai.backward_chaining:evaluate_goal:268 | Backward Chaining evaluated goal='DATA_EXFILTRATION' proven=True conf=0.9120 in 0.04ms
2026-08-09 10:57:34 | INFO | app.ai.backward_chaining:evaluate_goal:268 | Backward Chaining evaluated goal='PRIVILEGE_ESCALATION' proven=False conf=0.0000 in 0.02ms
2026-08-09 10:57:34 | INFO | app.ai.backward_chaining:evaluate_goal:268 | Backward Chaining evaluated goal='LATERAL_MOVEMENT' proven=False conf=0.0000 in 0.02ms
2026-08-09 10:57:34 | INFO | app.ai.backward_chaining:evaluate_goal:268 | Backward Chaining evaluated goal='DATA_EXFILTRATION' proven=False conf=0.0000 in 0.02ms
2026-08-09 10:57:34 | INFO | app.ai.backward_chaining:evaluate_goal:268 | Backward Chaining evaluated goal='PRIVILEGE_ESCALATION' proven=False conf=0.0000 in 0.02ms
2026-08-09 10:57:34 | INFO | app.ai.backward_chaining:evaluate_goal:268 | Backward Chaining evaluated goal='LATERAL_MOVEMENT' proven=False conf=0.0000 in 0.02ms
2026-08-09 10:57:35 | INFO | app.ai.backward_chaining:evaluate_goal:268 | Backward Chaining evaluated goal='DATA_EXFILTRATION' proven=False conf=0.0000 in 0.03ms
2026-08-09 10:57:35 | INFO | app.ai.backward_chaining:evaluate_goal:268 | Backward Chaining evaluated goal='PRIVILEGE_ESCALATION' proven=False conf=0.0000 in 0.03ms
2026-08-09 10:57:35 | INFO | app.ai.backward_chaining:evaluate_goal:268 | Backward Chaining evaluated goal='LATERAL_MOVEMENT' proven=False conf=0.0000 in 0.03ms
2026-08-09 10:57:36 | INFO | app.ai.backward_chaining:evaluate_goal:268 | Backward Chaining evaluated goal='DATA_EXFILTRATION' proven=False conf=0.0000 in 0.02ms
2026-08-09 10:57:36 | INFO | app.ai.backward_chaining:evaluate_goal:268 | Backward Chaining evaluated goal='PRIVILEGE_ESCALATION' proven=False conf=0.0000 in 0.02ms
2026-08-09 10:57:36 | INFO | app.ai.backward_chaining:evaluate_goal:268 | Backward Chaining evaluated goal='LATERAL_MOVEMENT' proven=False conf=0.0000 in 0.02ms
2026-08-09 10:57:36 | INFO | httpx._client:_send_single_request:1740 | HTTP Request: GET http://test/api/v1/cases/1/timeline "HTTP/1.1 200 OK"
2026-08-09 10:57:36 | INFO | app.ai.backward_chaining:evaluate_goal:268 | Backward Chaining evaluated goal='DATA_EXFILTRATION' proven=False conf=0.0000 in 0.02ms
2026-08-09 10:57:36 | INFO | app.ai.backward_chaining:evaluate_goal:268 | Backward Chaining evaluated goal='PRIVILEGE_ESCALATION' proven=False conf=0.0000 in 0.02ms
2026-08-09 10:57:36 | INFO | app.ai.backward_chaining:evaluate_goal:268 | Backward Chaining evaluated goal='LATERAL_MOVEMENT' proven=False conf=0.0000 in 0.02ms
2026-08-09 10:57:36 | INFO | httpx._client:_send_single_request:1740 | HTTP Request: GET http://test/api/timeline/1 "HTTP/1.1 200 OK"
2026-08-09 10:57:36 | INFO | app.ai.backward_chaining:evaluate_goal:268 | Backward Chaining evaluated goal='DATA_EXFILTRATION' proven=False conf=0.0000 in 0.08ms
2026-08-09 10:57:36 | INFO | app.ai.backward_chaining:evaluate_goal:268 | Backward Chaining evaluated goal='PRIVILEGE_ESCALATION' proven=False conf=0.0000 in 0.02ms
2026-08-09 10:57:36 | INFO | app.ai.backward_chaining:evaluate_goal:268 | Backward Chaining evaluated goal='LATERAL_MOVEMENT' proven=False conf=0.0000 in 0.02ms
2026-08-09 10:57:36 | INFO | httpx._client:_send_single_request:1740 | HTTP Request: GET http://test/api/timeline/1/suspicious "HTTP/1.1 200 OK"
2026-08-09 10:57:50 | INFO | app.core.logging:setup_logging:54 | Logging initialized | env=development | debug=True
2026-08-09 10:57:50 | INFO | app.services.astar_service:run_astar:110 | Executing A* Search for Case ID 1 | Start: 'login' | Goal: 'usb_remove'
2026-08-09 10:57:50 | INFO | app.services.astar_service:run_astar:130 | A* Search Succeeded | Case ID: 1 | Start: 'login' | Goal: 'usb_remove' | Visited Nodes: 4 | Total Cost: 3.0000 | Heuristic Cost: 1.0000 | Time: 0.017 ms
2026-08-09 10:57:50 | INFO | httpx._client:_send_single_request:1740 | HTTP Request: POST http://test/api/v1/ai/astar/run "HTTP/1.1 200 OK"
2026-08-09 10:57:51 | INFO | app.services.astar_service:run_astar:110 | Executing A* Search for Case ID 1 | Start: 'login' | Goal: 'isolated_exfil'
2026-08-09 10:57:51 | WARNING | app.services.astar_service:run_astar:120 | A* Search completed: No path found between 'login' and 'isolated_exfil' in Case ID 1. Visited 5 nodes.
2026-08-09 10:57:51 | INFO | httpx._client:_send_single_request:1740 | HTTP Request: POST http://test/api/v1/ai/astar/run "HTTP/1.1 400 Bad Request"
2026-08-09 10:57:51 | WARNING | app.services.astar_service:run_astar:81 | A* Search failed: Start node 'non_existent_start' not found in Case 1.
2026-08-09 10:57:51 | INFO | httpx._client:_send_single_request:1740 | HTTP Request: POST http://test/api/v1/ai/astar/run "HTTP/1.1 404 Not Found"
2026-08-09 10:57:51 | WARNING | app.services.astar_service:run_astar:89 | A* Search failed: Goal node 'non_existent_goal' not found in Case 1.
2026-08-09 10:57:51 | INFO | httpx._client:_send_single_request:1740 | HTTP Request: POST http://test/api/v1/ai/astar/run "HTTP/1.1 404 Not Found"
2026-08-09 10:57:51 | WARNING | app.services.astar_service:run_astar:49 | A* Search failed: Case ID 999999 not found.
2026-08-09 10:57:51 | INFO | httpx._client:_send_single_request:1740 | HTTP Request: POST http://test/api/v1/ai/astar/run "HTTP/1.1 404 Not Found"
2026-08-09 10:57:51 | INFO | app.ai.backward_chaining:evaluate_goal:268 | Backward Chaining evaluated goal='DATA_EXFILTRATION' proven=True conf=1.0000 in 0.01ms
2026-08-09 10:57:51 | INFO | app.ai.backward_chaining:evaluate_goal:268 | Backward Chaining evaluated goal='DATA_EXFILTRATION' proven=True conf=0.9500 in 0.04ms
2026-08-09 10:57:51 | INFO | app.ai.backward_chaining:evaluate_goal:268 | Backward Chaining evaluated goal='DATA_EXFILTRATION' proven=True conf=0.9120 in 0.07ms
2026-08-09 10:57:51 | INFO | app.ai.backward_chaining:evaluate_goal:268 | Backward Chaining evaluated goal='DATA_EXFILTRATION' proven=False conf=0.0000 in 0.02ms
2026-08-09 10:57:51 | INFO | app.ai.backward_chaining:evaluate_goal:268 | Backward Chaining evaluated goal='DATA_EXFILTRATION' proven=False conf=0.0000 in 0.01ms
2026-08-09 10:57:51 | WARNING | app.ai.backward_chaining:_prove_goal:298 | Circular rule cycle detected for goal='GOAL_A' at depth=3
2026-08-09 10:57:51 | INFO | app.ai.backward_chaining:evaluate_goal:268 | Backward Chaining evaluated goal='GOAL_A' proven=False conf=0.0000 in 0.24ms
2026-08-09 10:57:51 | INFO | app.ai.backward_chaining:evaluate_goal:268 | Backward Chaining evaluated goal='DATA_EXFILTRATION' proven=True conf=0.9500 in 0.02ms
2026-08-09 10:57:51 | INFO | app.ai.backward_chaining:evaluate_goal:268 | Backward Chaining evaluated goal='DATA_EXFILTRATION' proven=True conf=0.9000 in 0.02ms
2026-08-09 10:57:51 | INFO | app.ai.backward_chaining:evaluate_goal:268 | Backward Chaining evaluated goal='UNKNOWN_NONEXISTENT_GOAL' proven=False conf=0.0000 in 0.00ms
2026-08-09 10:57:51 | INFO | app.ai.backward_chaining:evaluate_goal:268 | Backward Chaining evaluated goal='DATA_EXFILTRATION' proven=False conf=0.0000 in 0.02ms
2026-08-09 10:57:52 | INFO | app.ai.backward_chaining:evaluate_goal:268 | Backward Chaining evaluated goal='N_0' proven=True conf=0.5987 in 0.08ms
2026-08-09 10:57:52 | WARNING | app.ai.backward_chaining:_prove_goal:291 | Backward chaining max depth limit reached at depth=11 for goal='NODE_10'
2026-08-09 10:57:52 | INFO | app.ai.backward_chaining:evaluate_goal:268 | Backward Chaining evaluated goal='NODE_0' proven=False conf=0.0000 in 0.45ms
2026-08-09 10:57:52 | INFO | app.ai.backward_chaining:evaluate_goal:268 | Backward Chaining evaluated goal='DATA_EXFILTRATION' proven=True conf=0.8361 in 0.03ms
2026-08-09 10:57:52 | INFO | httpx._client:_send_single_request:1740 | HTTP Request: POST http://test/api/v1/ai/backward-chaining/run "HTTP/1.1 200 OK"
2026-08-09 10:57:52 | INFO | app.ai.backward_chaining:evaluate_goal:268 | Backward Chaining evaluated goal='PRIVILEGE_ESCALATION' proven=False conf=0.0000 in 0.02ms
2026-08-09 10:57:52 | INFO | httpx._client:_send_single_request:1740 | HTTP Request: POST http://test/api/backward-chaining/evaluate/1?goal=PRIVILEGE_ESCALATION "HTTP/1.1 200 OK"
2026-08-09 10:57:52 | INFO | httpx._client:_send_single_request:1740 | HTTP Request: POST http://test/api/v1/ai/backward-chaining/run "HTTP/1.1 400 Bad Request"
2026-08-09 10:57:53 | INFO | httpx._client:_send_single_request:1740 | HTTP Request: POST http://test/api/cases/ "HTTP/1.1 201 Created"
2026-08-09 10:57:53 | INFO | httpx._client:_send_single_request:1740 | HTTP Request: GET http://test/api/cases/?search=Malware "HTTP/1.1 200 OK"
2026-08-09 10:57:54 | INFO | httpx._client:_send_single_request:1740 | HTTP Request: POST http://test/api/evidence/upload "HTTP/1.1 201 Created"
2026-08-09 10:57:54 | INFO | httpx._client:_send_single_request:1740 | HTTP Request: POST http://test/api/parser/parse/1 "HTTP/1.1 202 Accepted"
2026-08-09 10:57:54 | INFO | httpx._client:_send_single_request:1740 | HTTP Request: POST http://test/api/normalize/1 "HTTP/1.1 202 Accepted"
2026-08-09 10:57:54 | INFO | httpx._client:_send_single_request:1740 | HTTP Request: POST http://test/api/graph/build/1 "HTTP/1.1 202 Accepted"
2026-08-09 10:57:54 | INFO | httpx._client:_send_single_request:1740 | HTTP Request: POST http://test/api/csp/validate/1 "HTTP/1.1 202 Accepted"
2026-08-09 10:57:54 | INFO | httpx._client:_send_single_request:1740 | HTTP Request: GET http://test/api/csp/status/1 "HTTP/1.1 200 OK"
2026-08-09 10:57:54 | INFO | httpx._client:_send_single_request:1740 | HTTP Request: GET http://test/api/csp/results/1 "HTTP/1.1 200 OK"
2026-08-09 10:57:55 | INFO | httpx._client:_send_single_request:1740 | HTTP Request: POST http://test/api/evidence/upload "HTTP/1.1 201 Created"
2026-08-09 10:57:55 | INFO | httpx._client:_send_single_request:1740 | HTTP Request: POST http://test/api/evidence/upload "HTTP/1.1 400 Bad Request"
2026-08-09 10:57:56 | INFO | httpx._client:_send_single_request:1740 | HTTP Request: POST http://test/api/evidence/upload "HTTP/1.1 201 Created"
2026-08-09 10:57:56 | INFO | httpx._client:_send_single_request:1740 | HTTP Request: POST http://test/api/evidence/upload "HTTP/1.1 409 Conflict"
2026-08-09 10:57:56 | INFO | app.services.forward_chaining_service:run_forward_chaining:135 | Running Forward Chaining for Case ID 1 with 6 initial fact(s).
2026-08-09 10:57:56 | INFO | app.services.forward_chaining_service:run_forward_chaining:151 | Forward Chaining completed for Case ID 1 | Fired Rules: 2 | Derived Facts: 4 | Time: 0.033 ms
2026-08-09 10:57:56 | INFO | httpx._client:_send_single_request:1740 | HTTP Request: POST http://test/api/v1/ai/forward-chaining/run "HTTP/1.1 200 OK"
2026-08-09 10:57:56 | WARNING | app.services.forward_chaining_service:run_forward_chaining:49 | Forward Chaining failed: Case ID 999999 not found.
2026-08-09 10:57:56 | INFO | httpx._client:_send_single_request:1740 | HTTP Request: POST http://test/api/v1/ai/forward-chaining/run "HTTP/1.1 404 Not Found"
2026-08-09 10:57:57 | INFO | httpx._client:_send_single_request:1740 | HTTP Request: POST http://test/api/evidence/upload "HTTP/1.1 201 Created"
2026-08-09 10:57:57 | INFO | httpx._client:_send_single_request:1740 | HTTP Request: POST http://test/api/parser/parse/1 "HTTP/1.1 202 Accepted"
2026-08-09 10:57:57 | INFO | httpx._client:_send_single_request:1740 | HTTP Request: POST http://test/api/normalize/1 "HTTP/1.1 202 Accepted"
2026-08-09 10:57:57 | INFO | httpx._client:_send_single_request:1740 | HTTP Request: POST http://test/api/graph/build/1 "HTTP/1.1 202 Accepted"
2026-08-09 10:57:57 | INFO | httpx._client:_send_single_request:1740 | HTTP Request: GET http://test/api/graph/1 "HTTP/1.1 200 OK"
2026-08-09 10:57:57 | INFO | httpx._client:_send_single_request:1740 | HTTP Request: GET http://test/api/graph/statistics/1 "HTTP/1.1 200 OK"
2026-08-09 10:57:57 | INFO | httpx._client:_send_single_request:1740 | HTTP Request: POST http://test/api/evidence/upload "HTTP/1.1 201 Created"
2026-08-09 10:57:57 | INFO | httpx._client:_send_single_request:1740 | HTTP Request: POST http://test/api/parser/parse/1 "HTTP/1.1 202 Accepted"
2026-08-09 10:57:57 | INFO | httpx._client:_send_single_request:1740 | HTTP Request: POST http://test/api/normalize/1 "HTTP/1.1 202 Accepted"
2026-08-09 10:57:57 | INFO | httpx._client:_send_single_request:1740 | HTTP Request: GET http://test/api/normalized-events/1 "HTTP/1.1 200 OK"
2026-08-09 10:57:58 | INFO | httpx._client:_send_single_request:1740 | HTTP Request: POST http://test/api/evidence/upload "HTTP/1.1 201 Created"
2026-08-09 10:57:58 | INFO | httpx._client:_send_single_request:1740 | HTTP Request: POST http://test/api/parser/parse/1 "HTTP/1.1 202 Accepted"
2026-08-09 10:57:58 | INFO | httpx._client:_send_single_request:1740 | HTTP Request: GET http://test/api/parser/events/case/1 "HTTP/1.1 200 OK"
2026-08-09 10:57:59 | INFO | app.ai.backward_chaining:evaluate_goal:268 | Backward Chaining evaluated goal='DATA_EXFILTRATION' proven=False conf=0.0000 in 0.02ms
2026-08-09 10:57:59 | INFO | app.ai.backward_chaining:evaluate_goal:268 | Backward Chaining evaluated goal='PRIVILEGE_ESCALATION' proven=False conf=0.0000 in 0.02ms
2026-08-09 10:57:59 | INFO | app.ai.backward_chaining:evaluate_goal:268 | Backward Chaining evaluated goal='LATERAL_MOVEMENT' proven=False conf=0.0000 in 0.02ms
2026-08-09 10:57:59 | INFO | app.ai.backward_chaining:evaluate_goal:268 | Backward Chaining evaluated goal='DATA_EXFILTRATION' proven=False conf=0.0000 in 0.02ms
2026-08-09 10:57:59 | INFO | app.ai.backward_chaining:evaluate_goal:268 | Backward Chaining evaluated goal='PRIVILEGE_ESCALATION' proven=False conf=0.0000 in 0.02ms
2026-08-09 10:57:59 | INFO | app.ai.backward_chaining:evaluate_goal:268 | Backward Chaining evaluated goal='LATERAL_MOVEMENT' proven=False conf=0.0000 in 0.02ms
2026-08-09 10:57:59 | INFO | app.ai.backward_chaining:evaluate_goal:268 | Backward Chaining evaluated goal='DATA_EXFILTRATION' proven=False conf=0.0000 in 0.02ms
2026-08-09 10:57:59 | INFO | app.ai.backward_chaining:evaluate_goal:268 | Backward Chaining evaluated goal='PRIVILEGE_ESCALATION' proven=False conf=0.0000 in 0.02ms
2026-08-09 10:57:59 | INFO | app.ai.backward_chaining:evaluate_goal:268 | Backward Chaining evaluated goal='LATERAL_MOVEMENT' proven=False conf=0.0000 in 0.02ms
2026-08-09 10:58:00 | INFO | app.ai.backward_chaining:evaluate_goal:268 | Backward Chaining evaluated goal='DATA_EXFILTRATION' proven=False conf=0.0000 in 0.02ms
2026-08-09 10:58:00 | INFO | app.ai.backward_chaining:evaluate_goal:268 | Backward Chaining evaluated goal='PRIVILEGE_ESCALATION' proven=False conf=0.0000 in 0.02ms
2026-08-09 10:58:00 | INFO | app.ai.backward_chaining:evaluate_goal:268 | Backward Chaining evaluated goal='LATERAL_MOVEMENT' proven=False conf=0.0000 in 0.02ms
2026-08-09 10:58:00 | INFO | app.ai.backward_chaining:evaluate_goal:268 | Backward Chaining evaluated goal='DATA_EXFILTRATION' proven=True conf=1.0000 in 0.00ms
2026-08-09 10:58:00 | INFO | app.ai.backward_chaining:evaluate_goal:268 | Backward Chaining evaluated goal='PRIVILEGE_ESCALATION' proven=False conf=0.0000 in 0.02ms
2026-08-09 10:58:00 | INFO | app.ai.backward_chaining:evaluate_goal:268 | Backward Chaining evaluated goal='LATERAL_MOVEMENT' proven=False conf=0.0000 in 0.02ms
2026-08-09 10:58:01 | INFO | app.ai.backward_chaining:evaluate_goal:268 | Backward Chaining evaluated goal='DATA_EXFILTRATION' proven=True conf=0.9120 in 0.02ms
2026-08-09 10:58:01 | INFO | app.ai.backward_chaining:evaluate_goal:268 | Backward Chaining evaluated goal='PRIVILEGE_ESCALATION' proven=False conf=0.0000 in 0.02ms
2026-08-09 10:58:01 | INFO | app.ai.backward_chaining:evaluate_goal:268 | Backward Chaining evaluated goal='LATERAL_MOVEMENT' proven=False conf=0.0000 in 0.02ms
2026-08-09 10:58:01 | INFO | app.ai.backward_chaining:evaluate_goal:268 | Backward Chaining evaluated goal='DATA_EXFILTRATION' proven=False conf=0.0000 in 0.01ms
2026-08-09 10:58:01 | INFO | app.ai.backward_chaining:evaluate_goal:268 | Backward Chaining evaluated goal='PRIVILEGE_ESCALATION' proven=False conf=0.0000 in 0.03ms
2026-08-09 10:58:01 | INFO | app.ai.backward_chaining:evaluate_goal:268 | Backward Chaining evaluated goal='LATERAL_MOVEMENT' proven=False conf=0.0000 in 0.02ms
2026-08-09 10:58:02 | INFO | app.ai.backward_chaining:evaluate_goal:268 | Backward Chaining evaluated goal='DATA_EXFILTRATION' proven=False conf=0.0000 in 0.02ms
2026-08-09 10:58:02 | INFO | app.ai.backward_chaining:evaluate_goal:268 | Backward Chaining evaluated goal='PRIVILEGE_ESCALATION' proven=False conf=0.0000 in 0.02ms
2026-08-09 10:58:02 | INFO | app.ai.backward_chaining:evaluate_goal:268 | Backward Chaining evaluated goal='LATERAL_MOVEMENT' proven=False conf=0.0000 in 0.02ms
2026-08-09 10:58:02 | INFO | app.ai.backward_chaining:evaluate_goal:268 | Backward Chaining evaluated goal='DATA_EXFILTRATION' proven=False conf=0.0000 in 0.02ms
2026-08-09 10:58:02 | INFO | app.ai.backward_chaining:evaluate_goal:268 | Backward Chaining evaluated goal='PRIVILEGE_ESCALATION' proven=False conf=0.0000 in 0.02ms
2026-08-09 10:58:02 | INFO | app.ai.backward_chaining:evaluate_goal:268 | Backward Chaining evaluated goal='LATERAL_MOVEMENT' proven=False conf=0.0000 in 0.02ms
2026-08-09 10:58:02 | INFO | httpx._client:_send_single_request:1740 | HTTP Request: GET http://test/api/v1/cases/1/timeline "HTTP/1.1 200 OK"
2026-08-09 10:58:02 | INFO | app.ai.backward_chaining:evaluate_goal:268 | Backward Chaining evaluated goal='DATA_EXFILTRATION' proven=False conf=0.0000 in 0.02ms
2026-08-09 10:58:02 | INFO | app.ai.backward_chaining:evaluate_goal:268 | Backward Chaining evaluated goal='PRIVILEGE_ESCALATION' proven=False conf=0.0000 in 0.02ms
2026-08-09 10:58:02 | INFO | app.ai.backward_chaining:evaluate_goal:268 | Backward Chaining evaluated goal='LATERAL_MOVEMENT' proven=False conf=0.0000 in 0.02ms
2026-08-09 10:58:02 | INFO | httpx._client:_send_single_request:1740 | HTTP Request: GET http://test/api/timeline/1 "HTTP/1.1 200 OK"
2026-08-09 10:58:02 | INFO | app.ai.backward_chaining:evaluate_goal:268 | Backward Chaining evaluated goal='DATA_EXFILTRATION' proven=False conf=0.0000 in 0.02ms
2026-08-09 10:58:02 | INFO | app.ai.backward_chaining:evaluate_goal:268 | Backward Chaining evaluated goal='PRIVILEGE_ESCALATION' proven=False conf=0.0000 in 0.02ms
2026-08-09 10:58:02 | INFO | app.ai.backward_chaining:evaluate_goal:268 | Backward Chaining evaluated goal='LATERAL_MOVEMENT' proven=False conf=0.0000 in 0.02ms
2026-08-09 10:58:02 | INFO | httpx._client:_send_single_request:1740 | HTTP Request: GET http://test/api/timeline/1/suspicious "HTTP/1.1 200 OK"
2026-08-09 10:58:03 | INFO | app.services.ucs_service:run_ucs:104 | Executing UCS for Case ID 1 | Start: 'login' | Goal: 'usb_remove'
2026-08-09 10:58:03 | INFO | app.services.ucs_service:run_ucs:124 | UCS Search Succeeded | Case ID: 1 | Start: 'login' | Goal: 'usb_remove' | Visited Nodes: 4 | Total Cost: 3.0000 | Time: 0.016 ms
2026-08-09 10:58:03 | INFO | httpx._client:_send_single_request:1740 | HTTP Request: POST http://test/api/v1/ai/ucs/run "HTTP/1.1 200 OK"
2026-08-09 10:58:03 | INFO | app.services.ucs_service:run_ucs:104 | Executing UCS for Case ID 1 | Start: 'login' | Goal: 'isolated_exfil'
2026-08-09 10:58:03 | WARNING | app.services.ucs_service:run_ucs:114 | UCS search completed: No path found between 'login' and 'isolated_exfil' in Case ID 1. Explored 5 nodes.
2026-08-09 10:58:03 | INFO | httpx._client:_send_single_request:1740 | HTTP Request: POST http://test/api/v1/ai/ucs/run "HTTP/1.1 400 Bad Request"
2026-08-09 10:58:03 | WARNING | app.services.ucs_service:run_ucs:74 | UCS failed: Start node 'non_existent_start' not found in Case 1.
2026-08-09 10:58:03 | INFO | httpx._client:_send_single_request:1740 | HTTP Request: POST http://test/api/v1/ai/ucs/run "HTTP/1.1 404 Not Found"
2026-08-09 10:58:04 | WARNING | app.services.ucs_service:run_ucs:83 | UCS failed: Goal node 'non_existent_goal' not found in Case 1.
2026-08-09 10:58:04 | INFO | httpx._client:_send_single_request:1740 | HTTP Request: POST http://test/api/v1/ai/ucs/run "HTTP/1.1 404 Not Found"
2026-08-09 10:58:04 | WARNING | app.services.ucs_service:run_ucs:48 | UCS failed: Case ID 999999 not found.
2026-08-09 10:58:04 | INFO | httpx._client:_send_single_request:1740 | HTTP Request: POST http://test/api/v1/ai/ucs/run "HTTP/1.1 404 Not Found"
2026-08-09 10:58:58 | INFO | app.core.logging:setup_logging:54 | Logging initialized | env=development | debug=True
2026-08-09 10:58:58 | INFO | app.services.astar_service:run_astar:110 | Executing A* Search for Case ID 1 | Start: 'login' | Goal: 'usb_remove'
2026-08-09 10:58:58 | INFO | app.services.astar_service:run_astar:130 | A* Search Succeeded | Case ID: 1 | Start: 'login' | Goal: 'usb_remove' | Visited Nodes: 4 | Total Cost: 3.0000 | Heuristic Cost: 1.0000 | Time: 0.017 ms
2026-08-09 10:58:58 | INFO | httpx._client:_send_single_request:1740 | HTTP Request: POST http://test/api/v1/ai/astar/run "HTTP/1.1 200 OK"
2026-08-09 10:58:58 | INFO | app.services.astar_service:run_astar:110 | Executing A* Search for Case ID 1 | Start: 'login' | Goal: 'isolated_exfil'
2026-08-09 10:58:58 | WARNING | app.services.astar_service:run_astar:120 | A* Search completed: No path found between 'login' and 'isolated_exfil' in Case ID 1. Visited 5 nodes.
2026-08-09 10:58:58 | INFO | httpx._client:_send_single_request:1740 | HTTP Request: POST http://test/api/v1/ai/astar/run "HTTP/1.1 400 Bad Request"
2026-08-09 10:58:59 | WARNING | app.services.astar_service:run_astar:81 | A* Search failed: Start node 'non_existent_start' not found in Case 1.
2026-08-09 10:58:59 | INFO | httpx._client:_send_single_request:1740 | HTTP Request: POST http://test/api/v1/ai/astar/run "HTTP/1.1 404 Not Found"
2026-08-09 10:58:59 | WARNING | app.services.astar_service:run_astar:89 | A* Search failed: Goal node 'non_existent_goal' not found in Case 1.
2026-08-09 10:58:59 | INFO | httpx._client:_send_single_request:1740 | HTTP Request: POST http://test/api/v1/ai/astar/run "HTTP/1.1 404 Not Found"
2026-08-09 10:58:59 | WARNING | app.services.astar_service:run_astar:49 | A* Search failed: Case ID 999999 not found.
2026-08-09 10:58:59 | INFO | httpx._client:_send_single_request:1740 | HTTP Request: POST http://test/api/v1/ai/astar/run "HTTP/1.1 404 Not Found"
2026-08-09 10:58:59 | INFO | app.ai.backward_chaining:evaluate_goal:268 | Backward Chaining evaluated goal='DATA_EXFILTRATION' proven=True conf=1.0000 in 0.01ms
2026-08-09 10:58:59 | INFO | app.ai.backward_chaining:evaluate_goal:268 | Backward Chaining evaluated goal='DATA_EXFILTRATION' proven=True conf=0.9500 in 0.04ms
2026-08-09 10:58:59 | INFO | app.ai.backward_chaining:evaluate_goal:268 | Backward Chaining evaluated goal='DATA_EXFILTRATION' proven=True conf=0.9120 in 0.04ms
2026-08-09 10:58:59 | INFO | app.ai.backward_chaining:evaluate_goal:268 | Backward Chaining evaluated goal='DATA_EXFILTRATION' proven=False conf=0.0000 in 0.03ms
2026-08-09 10:58:59 | INFO | app.ai.backward_chaining:evaluate_goal:268 | Backward Chaining evaluated goal='DATA_EXFILTRATION' proven=False conf=0.0000 in 0.02ms
2026-08-09 10:58:59 | WARNING | app.ai.backward_chaining:_prove_goal:298 | Circular rule cycle detected for goal='GOAL_A' at depth=3
2026-08-09 10:58:59 | INFO | app.ai.backward_chaining:evaluate_goal:268 | Backward Chaining evaluated goal='GOAL_A' proven=False conf=0.0000 in 0.44ms
2026-08-09 10:58:59 | INFO | app.ai.backward_chaining:evaluate_goal:268 | Backward Chaining evaluated goal='DATA_EXFILTRATION' proven=True conf=0.9500 in 0.02ms
2026-08-09 10:58:59 | INFO | app.ai.backward_chaining:evaluate_goal:268 | Backward Chaining evaluated goal='DATA_EXFILTRATION' proven=True conf=0.9000 in 0.03ms
2026-08-09 10:58:59 | INFO | app.ai.backward_chaining:evaluate_goal:268 | Backward Chaining evaluated goal='UNKNOWN_NONEXISTENT_GOAL' proven=False conf=0.0000 in 0.00ms
2026-08-09 10:58:59 | INFO | app.ai.backward_chaining:evaluate_goal:268 | Backward Chaining evaluated goal='DATA_EXFILTRATION' proven=False conf=0.0000 in 0.03ms
2026-08-09 10:58:59 | INFO | app.ai.backward_chaining:evaluate_goal:268 | Backward Chaining evaluated goal='N_0' proven=True conf=0.5987 in 0.08ms
2026-08-09 10:58:59 | WARNING | app.ai.backward_chaining:_prove_goal:291 | Backward chaining max depth limit reached at depth=11 for goal='NODE_10'
2026-08-09 10:58:59 | INFO | app.ai.backward_chaining:evaluate_goal:268 | Backward Chaining evaluated goal='NODE_0' proven=False conf=0.0000 in 0.54ms
2026-08-09 10:59:00 | INFO | app.ai.backward_chaining:evaluate_goal:268 | Backward Chaining evaluated goal='DATA_EXFILTRATION' proven=True conf=0.8361 in 0.04ms
2026-08-09 10:59:00 | INFO | httpx._client:_send_single_request:1740 | HTTP Request: POST http://test/api/v1/ai/backward-chaining/run "HTTP/1.1 200 OK"
2026-08-09 10:59:00 | INFO | app.ai.backward_chaining:evaluate_goal:268 | Backward Chaining evaluated goal='PRIVILEGE_ESCALATION' proven=False conf=0.0000 in 0.03ms
2026-08-09 10:59:00 | INFO | httpx._client:_send_single_request:1740 | HTTP Request: POST http://test/api/backward-chaining/evaluate/1?goal=PRIVILEGE_ESCALATION "HTTP/1.1 200 OK"
2026-08-09 10:59:00 | INFO | httpx._client:_send_single_request:1740 | HTTP Request: POST http://test/api/v1/ai/backward-chaining/run "HTTP/1.1 400 Bad Request"
2026-08-09 10:59:01 | INFO | httpx._client:_send_single_request:1740 | HTTP Request: POST http://test/api/cases/ "HTTP/1.1 201 Created"
2026-08-09 10:59:01 | INFO | httpx._client:_send_single_request:1740 | HTTP Request: GET http://test/api/cases/?search=Malware "HTTP/1.1 200 OK"
2026-08-09 10:59:02 | INFO | httpx._client:_send_single_request:1740 | HTTP Request: POST http://test/api/evidence/upload "HTTP/1.1 201 Created"
2026-08-09 10:59:02 | INFO | httpx._client:_send_single_request:1740 | HTTP Request: POST http://test/api/parser/parse/1 "HTTP/1.1 202 Accepted"
2026-08-09 10:59:02 | INFO | httpx._client:_send_single_request:1740 | HTTP Request: POST http://test/api/normalize/1 "HTTP/1.1 202 Accepted"
2026-08-09 10:59:02 | INFO | httpx._client:_send_single_request:1740 | HTTP Request: POST http://test/api/graph/build/1 "HTTP/1.1 202 Accepted"
2026-08-09 10:59:02 | INFO | httpx._client:_send_single_request:1740 | HTTP Request: POST http://test/api/csp/validate/1 "HTTP/1.1 202 Accepted"
2026-08-09 10:59:02 | INFO | httpx._client:_send_single_request:1740 | HTTP Request: GET http://test/api/csp/status/1 "HTTP/1.1 200 OK"
2026-08-09 10:59:02 | INFO | httpx._client:_send_single_request:1740 | HTTP Request: GET http://test/api/csp/results/1 "HTTP/1.1 200 OK"
2026-08-09 10:59:03 | INFO | httpx._client:_send_single_request:1740 | HTTP Request: POST http://test/api/evidence/upload "HTTP/1.1 201 Created"
2026-08-09 10:59:03 | INFO | httpx._client:_send_single_request:1740 | HTTP Request: POST http://test/api/evidence/upload "HTTP/1.1 400 Bad Request"
2026-08-09 10:59:04 | INFO | httpx._client:_send_single_request:1740 | HTTP Request: POST http://test/api/evidence/upload "HTTP/1.1 201 Created"
2026-08-09 10:59:04 | INFO | httpx._client:_send_single_request:1740 | HTTP Request: POST http://test/api/evidence/upload "HTTP/1.1 409 Conflict"
2026-08-09 10:59:04 | INFO | app.services.forward_chaining_service:run_forward_chaining:135 | Running Forward Chaining for Case ID 1 with 6 initial fact(s).
2026-08-09 10:59:04 | INFO | app.services.forward_chaining_service:run_forward_chaining:151 | Forward Chaining completed for Case ID 1 | Fired Rules: 2 | Derived Facts: 4 | Time: 0.039 ms
2026-08-09 10:59:04 | INFO | httpx._client:_send_single_request:1740 | HTTP Request: POST http://test/api/v1/ai/forward-chaining/run "HTTP/1.1 200 OK"
2026-08-09 10:59:04 | WARNING | app.services.forward_chaining_service:run_forward_chaining:49 | Forward Chaining failed: Case ID 999999 not found.
2026-08-09 10:59:04 | INFO | httpx._client:_send_single_request:1740 | HTTP Request: POST http://test/api/v1/ai/forward-chaining/run "HTTP/1.1 404 Not Found"
2026-08-09 10:59:05 | INFO | httpx._client:_send_single_request:1740 | HTTP Request: POST http://test/api/evidence/upload "HTTP/1.1 201 Created"
2026-08-09 10:59:05 | INFO | httpx._client:_send_single_request:1740 | HTTP Request: POST http://test/api/parser/parse/1 "HTTP/1.1 202 Accepted"
2026-08-09 10:59:05 | INFO | httpx._client:_send_single_request:1740 | HTTP Request: POST http://test/api/normalize/1 "HTTP/1.1 202 Accepted"
2026-08-09 10:59:05 | INFO | httpx._client:_send_single_request:1740 | HTTP Request: POST http://test/api/graph/build/1 "HTTP/1.1 202 Accepted"
2026-08-09 10:59:05 | INFO | httpx._client:_send_single_request:1740 | HTTP Request: GET http://test/api/graph/1 "HTTP/1.1 200 OK"
2026-08-09 10:59:05 | INFO | httpx._client:_send_single_request:1740 | HTTP Request: GET http://test/api/graph/statistics/1 "HTTP/1.1 200 OK"
2026-08-09 10:59:05 | INFO | httpx._client:_send_single_request:1740 | HTTP Request: POST http://test/api/evidence/upload "HTTP/1.1 201 Created"
2026-08-09 10:59:05 | INFO | httpx._client:_send_single_request:1740 | HTTP Request: POST http://test/api/parser/parse/1 "HTTP/1.1 202 Accepted"
2026-08-09 10:59:06 | INFO | httpx._client:_send_single_request:1740 | HTTP Request: POST http://test/api/normalize/1 "HTTP/1.1 202 Accepted"
2026-08-09 10:59:06 | INFO | httpx._client:_send_single_request:1740 | HTTP Request: GET http://test/api/normalized-events/1 "HTTP/1.1 200 OK"
2026-08-09 10:59:06 | INFO | httpx._client:_send_single_request:1740 | HTTP Request: POST http://test/api/evidence/upload "HTTP/1.1 201 Created"
2026-08-09 10:59:06 | INFO | httpx._client:_send_single_request:1740 | HTTP Request: POST http://test/api/parser/parse/1 "HTTP/1.1 202 Accepted"
2026-08-09 10:59:06 | INFO | httpx._client:_send_single_request:1740 | HTTP Request: GET http://test/api/parser/events/case/1 "HTTP/1.1 200 OK"
2026-08-09 10:59:07 | INFO | app.ai.backward_chaining:evaluate_goal:268 | Backward Chaining evaluated goal='DATA_EXFILTRATION' proven=False conf=0.0000 in 0.03ms
2026-08-09 10:59:07 | INFO | app.ai.backward_chaining:evaluate_goal:268 | Backward Chaining evaluated goal='PRIVILEGE_ESCALATION' proven=False conf=0.0000 in 0.04ms
2026-08-09 10:59:07 | INFO | app.ai.backward_chaining:evaluate_goal:268 | Backward Chaining evaluated goal='LATERAL_MOVEMENT' proven=False conf=0.0000 in 0.06ms
2026-08-09 10:59:07 | INFO | app.ai.backward_chaining:evaluate_goal:268 | Backward Chaining evaluated goal='DATA_EXFILTRATION' proven=False conf=0.0000 in 0.02ms
2026-08-09 10:59:07 | INFO | app.ai.backward_chaining:evaluate_goal:268 | Backward Chaining evaluated goal='PRIVILEGE_ESCALATION' proven=False conf=0.0000 in 0.03ms
2026-08-09 10:59:07 | INFO | app.ai.backward_chaining:evaluate_goal:268 | Backward Chaining evaluated goal='LATERAL_MOVEMENT' proven=False conf=0.0000 in 0.03ms
2026-08-09 10:59:08 | INFO | app.ai.backward_chaining:evaluate_goal:268 | Backward Chaining evaluated goal='DATA_EXFILTRATION' proven=False conf=0.0000 in 0.02ms
2026-08-09 10:59:08 | INFO | app.ai.backward_chaining:evaluate_goal:268 | Backward Chaining evaluated goal='PRIVILEGE_ESCALATION' proven=False conf=0.0000 in 0.03ms
2026-08-09 10:59:08 | INFO | app.ai.backward_chaining:evaluate_goal:268 | Backward Chaining evaluated goal='LATERAL_MOVEMENT' proven=False conf=0.0000 in 0.03ms
2026-08-09 10:59:08 | INFO | app.ai.backward_chaining:evaluate_goal:268 | Backward Chaining evaluated goal='DATA_EXFILTRATION' proven=False conf=0.0000 in 0.02ms
2026-08-09 10:59:08 | INFO | app.ai.backward_chaining:evaluate_goal:268 | Backward Chaining evaluated goal='PRIVILEGE_ESCALATION' proven=False conf=0.0000 in 0.02ms
2026-08-09 10:59:08 | INFO | app.ai.backward_chaining:evaluate_goal:268 | Backward Chaining evaluated goal='LATERAL_MOVEMENT' proven=False conf=0.0000 in 0.02ms
2026-08-09 10:59:09 | INFO | app.ai.backward_chaining:evaluate_goal:268 | Backward Chaining evaluated goal='DATA_EXFILTRATION' proven=True conf=1.0000 in 0.01ms
2026-08-09 10:59:09 | INFO | app.ai.backward_chaining:evaluate_goal:268 | Backward Chaining evaluated goal='PRIVILEGE_ESCALATION' proven=False conf=0.0000 in 0.05ms
2026-08-09 10:59:09 | INFO | app.ai.backward_chaining:evaluate_goal:268 | Backward Chaining evaluated goal='LATERAL_MOVEMENT' proven=False conf=0.0000 in 0.04ms
2026-08-09 10:59:09 | INFO | app.ai.backward_chaining:evaluate_goal:268 | Backward Chaining evaluated goal='DATA_EXFILTRATION' proven=True conf=0.9120 in 0.02ms
2026-08-09 10:59:09 | INFO | app.ai.backward_chaining:evaluate_goal:268 | Backward Chaining evaluated goal='PRIVILEGE_ESCALATION' proven=False conf=0.0000 in 0.02ms
2026-08-09 10:59:09 | INFO | app.ai.backward_chaining:evaluate_goal:268 | Backward Chaining evaluated goal='LATERAL_MOVEMENT' proven=False conf=0.0000 in 0.02ms
2026-08-09 10:59:10 | INFO | app.ai.backward_chaining:evaluate_goal:268 | Backward Chaining evaluated goal='DATA_EXFILTRATION' proven=False conf=0.0000 in 0.02ms
2026-08-09 10:59:10 | INFO | app.ai.backward_chaining:evaluate_goal:268 | Backward Chaining evaluated goal='PRIVILEGE_ESCALATION' proven=False conf=0.0000 in 0.03ms
2026-08-09 10:59:10 | INFO | app.ai.backward_chaining:evaluate_goal:268 | Backward Chaining evaluated goal='LATERAL_MOVEMENT' proven=False conf=0.0000 in 0.02ms
2026-08-09 10:59:11 | INFO | app.ai.backward_chaining:evaluate_goal:268 | Backward Chaining evaluated goal='DATA_EXFILTRATION' proven=False conf=0.0000 in 0.02ms
2026-08-09 10:59:11 | INFO | app.ai.backward_chaining:evaluate_goal:268 | Backward Chaining evaluated goal='PRIVILEGE_ESCALATION' proven=False conf=0.0000 in 0.04ms
2026-08-09 10:59:11 | INFO | app.ai.backward_chaining:evaluate_goal:268 | Backward Chaining evaluated goal='LATERAL_MOVEMENT' proven=False conf=0.0000 in 0.04ms
2026-08-09 10:59:11 | INFO | app.ai.backward_chaining:evaluate_goal:268 | Backward Chaining evaluated goal='DATA_EXFILTRATION' proven=False conf=0.0000 in 0.02ms
2026-08-09 10:59:11 | INFO | app.ai.backward_chaining:evaluate_goal:268 | Backward Chaining evaluated goal='PRIVILEGE_ESCALATION' proven=False conf=0.0000 in 0.02ms
2026-08-09 10:59:11 | INFO | app.ai.backward_chaining:evaluate_goal:268 | Backward Chaining evaluated goal='LATERAL_MOVEMENT' proven=False conf=0.0000 in 0.02ms
2026-08-09 10:59:11 | INFO | httpx._client:_send_single_request:1740 | HTTP Request: GET http://test/api/v1/cases/1/timeline "HTTP/1.1 200 OK"
2026-08-09 10:59:11 | INFO | app.ai.backward_chaining:evaluate_goal:268 | Backward Chaining evaluated goal='DATA_EXFILTRATION' proven=False conf=0.0000 in 0.02ms
2026-08-09 10:59:11 | INFO | app.ai.backward_chaining:evaluate_goal:268 | Backward Chaining evaluated goal='PRIVILEGE_ESCALATION' proven=False conf=0.0000 in 0.02ms
2026-08-09 10:59:11 | INFO | app.ai.backward_chaining:evaluate_goal:268 | Backward Chaining evaluated goal='LATERAL_MOVEMENT' proven=False conf=0.0000 in 0.02ms
2026-08-09 10:59:11 | INFO | httpx._client:_send_single_request:1740 | HTTP Request: GET http://test/api/timeline/1 "HTTP/1.1 200 OK"
2026-08-09 10:59:11 | INFO | app.ai.backward_chaining:evaluate_goal:268 | Backward Chaining evaluated goal='DATA_EXFILTRATION' proven=False conf=0.0000 in 0.02ms
2026-08-09 10:59:11 | INFO | app.ai.backward_chaining:evaluate_goal:268 | Backward Chaining evaluated goal='PRIVILEGE_ESCALATION' proven=False conf=0.0000 in 0.02ms
2026-08-09 10:59:11 | INFO | app.ai.backward_chaining:evaluate_goal:268 | Backward Chaining evaluated goal='LATERAL_MOVEMENT' proven=False conf=0.0000 in 0.02ms
2026-08-09 10:59:11 | INFO | httpx._client:_send_single_request:1740 | HTTP Request: GET http://test/api/timeline/1/suspicious "HTTP/1.1 200 OK"
2026-08-09 10:59:12 | INFO | app.services.ucs_service:run_ucs:104 | Executing UCS for Case ID 1 | Start: 'login' | Goal: 'usb_remove'
2026-08-09 10:59:12 | INFO | app.services.ucs_service:run_ucs:124 | UCS Search Succeeded | Case ID: 1 | Start: 'login' | Goal: 'usb_remove' | Visited Nodes: 4 | Total Cost: 3.0000 | Time: 0.043 ms
2026-08-09 10:59:12 | INFO | httpx._client:_send_single_request:1740 | HTTP Request: POST http://test/api/v1/ai/ucs/run "HTTP/1.1 200 OK"
2026-08-09 10:59:12 | INFO | app.services.ucs_service:run_ucs:104 | Executing UCS for Case ID 1 | Start: 'login' | Goal: 'isolated_exfil'
2026-08-09 10:59:12 | WARNING | app.services.ucs_service:run_ucs:114 | UCS search completed: No path found between 'login' and 'isolated_exfil' in Case ID 1. Explored 5 nodes.
2026-08-09 10:59:12 | INFO | httpx._client:_send_single_request:1740 | HTTP Request: POST http://test/api/v1/ai/ucs/run "HTTP/1.1 400 Bad Request"
2026-08-09 10:59:12 | WARNING | app.services.ucs_service:run_ucs:74 | UCS failed: Start node 'non_existent_start' not found in Case 1.
2026-08-09 10:59:12 | INFO | httpx._client:_send_single_request:1740 | HTTP Request: POST http://test/api/v1/ai/ucs/run "HTTP/1.1 404 Not Found"
2026-08-09 10:59:13 | WARNING | app.services.ucs_service:run_ucs:83 | UCS failed: Goal node 'non_existent_goal' not found in Case 1.
2026-08-09 10:59:13 | INFO | httpx._client:_send_single_request:1740 | HTTP Request: POST http://test/api/v1/ai/ucs/run "HTTP/1.1 404 Not Found"
2026-08-09 10:59:13 | WARNING | app.services.ucs_service:run_ucs:48 | UCS failed: Case ID 999999 not found.
2026-08-09 10:59:13 | INFO | httpx._client:_send_single_request:1740 | HTTP Request: POST http://test/api/v1/ai/ucs/run "HTTP/1.1 404 Not Found"
2026-08-09 11:00:55 | INFO | app.core.logging:setup_logging:54 | Logging initialized | env=development | debug=True
2026-08-09 11:01:18 | INFO | app.core.logging:setup_logging:54 | Logging initialized | env=development | debug=True
2026-08-09 11:01:20 | INFO | app.ai.backward_chaining:evaluate_goal:268 | Backward Chaining evaluated goal='DATA_EXFILTRATION' proven=False conf=0.0000 in 0.05ms
2026-08-09 11:01:20 | INFO | app.ai.backward_chaining:evaluate_goal:268 | Backward Chaining evaluated goal='PRIVILEGE_ESCALATION' proven=False conf=0.0000 in 0.04ms
2026-08-09 11:01:20 | INFO | app.ai.backward_chaining:evaluate_goal:268 | Backward Chaining evaluated goal='LATERAL_MOVEMENT' proven=False conf=0.0000 in 0.04ms
2026-08-09 11:01:20 | INFO | app.ai.backward_chaining:evaluate_goal:268 | Backward Chaining evaluated goal='PERSISTENCE' proven=False conf=0.0000 in 0.02ms
2026-08-09 11:01:20 | INFO | httpx._client:_send_single_request:1740 | HTTP Request: GET http://test/api/v1/cases/1/risk-score "HTTP/1.1 200 OK"
2026-08-09 11:01:20 | INFO | app.ai.backward_chaining:evaluate_goal:268 | Backward Chaining evaluated goal='DATA_EXFILTRATION' proven=False conf=0.0000 in 0.03ms
2026-08-09 11:01:20 | INFO | app.ai.backward_chaining:evaluate_goal:268 | Backward Chaining evaluated goal='PRIVILEGE_ESCALATION' proven=False conf=0.0000 in 0.04ms
2026-08-09 11:01:20 | INFO | app.ai.backward_chaining:evaluate_goal:268 | Backward Chaining evaluated goal='LATERAL_MOVEMENT' proven=False conf=0.0000 in 0.06ms
2026-08-09 11:01:20 | INFO | app.ai.backward_chaining:evaluate_goal:268 | Backward Chaining evaluated goal='PERSISTENCE' proven=False conf=0.0000 in 0.05ms
2026-08-09 11:01:20 | INFO | httpx._client:_send_single_request:1740 | HTTP Request: GET http://test/api/risk-score/1 "HTTP/1.1 200 OK"
2026-08-09 11:01:40 | INFO | app.core.logging:setup_logging:54 | Logging initialized | env=development | debug=True
2026-08-09 11:01:41 | INFO | app.ai.backward_chaining:evaluate_goal:268 | Backward Chaining evaluated goal='DATA_EXFILTRATION' proven=False conf=0.0000 in 0.04ms
2026-08-09 11:01:41 | INFO | app.ai.backward_chaining:evaluate_goal:268 | Backward Chaining evaluated goal='PRIVILEGE_ESCALATION' proven=False conf=0.0000 in 0.04ms
2026-08-09 11:01:41 | INFO | app.ai.backward_chaining:evaluate_goal:268 | Backward Chaining evaluated goal='LATERAL_MOVEMENT' proven=False conf=0.0000 in 0.03ms
2026-08-09 11:01:41 | INFO | app.ai.backward_chaining:evaluate_goal:268 | Backward Chaining evaluated goal='PERSISTENCE' proven=False conf=0.0000 in 0.03ms
2026-08-09 11:01:41 | INFO | httpx._client:_send_single_request:1740 | HTTP Request: GET http://test/api/v1/cases/1/risk-score "HTTP/1.1 200 OK"
2026-08-09 11:01:41 | INFO | app.ai.backward_chaining:evaluate_goal:268 | Backward Chaining evaluated goal='DATA_EXFILTRATION' proven=False conf=0.0000 in 0.03ms
2026-08-09 11:01:41 | INFO | app.ai.backward_chaining:evaluate_goal:268 | Backward Chaining evaluated goal='PRIVILEGE_ESCALATION' proven=False conf=0.0000 in 0.04ms
2026-08-09 11:01:41 | INFO | app.ai.backward_chaining:evaluate_goal:268 | Backward Chaining evaluated goal='LATERAL_MOVEMENT' proven=False conf=0.0000 in 0.04ms
2026-08-09 11:01:41 | INFO | app.ai.backward_chaining:evaluate_goal:268 | Backward Chaining evaluated goal='PERSISTENCE' proven=False conf=0.0000 in 0.03ms
2026-08-09 11:01:41 | INFO | httpx._client:_send_single_request:1740 | HTTP Request: GET http://test/api/risk-score/1 "HTTP/1.1 200 OK"
2026-08-09 11:02:03 | INFO | app.core.logging:setup_logging:54 | Logging initialized | env=development | debug=True
2026-08-09 11:02:04 | INFO | app.ai.backward_chaining:evaluate_goal:268 | Backward Chaining evaluated goal='DATA_EXFILTRATION' proven=False conf=0.0000 in 0.04ms
2026-08-09 11:02:04 | INFO | app.ai.backward_chaining:evaluate_goal:268 | Backward Chaining evaluated goal='PRIVILEGE_ESCALATION' proven=False conf=0.0000 in 0.04ms
2026-08-09 11:02:04 | INFO | app.ai.backward_chaining:evaluate_goal:268 | Backward Chaining evaluated goal='LATERAL_MOVEMENT' proven=False conf=0.0000 in 0.03ms
2026-08-09 11:02:04 | INFO | app.ai.backward_chaining:evaluate_goal:268 | Backward Chaining evaluated goal='PERSISTENCE' proven=False conf=0.0000 in 0.02ms
2026-08-09 11:02:04 | INFO | httpx._client:_send_single_request:1740 | HTTP Request: GET http://test/api/v1/cases/1/risk-score "HTTP/1.1 200 OK"
2026-08-09 11:02:04 | INFO | app.ai.backward_chaining:evaluate_goal:268 | Backward Chaining evaluated goal='DATA_EXFILTRATION' proven=False conf=0.0000 in 0.02ms
2026-08-09 11:02:04 | INFO | app.ai.backward_chaining:evaluate_goal:268 | Backward Chaining evaluated goal='PRIVILEGE_ESCALATION' proven=False conf=0.0000 in 0.03ms
2026-08-09 11:02:04 | INFO | app.ai.backward_chaining:evaluate_goal:268 | Backward Chaining evaluated goal='LATERAL_MOVEMENT' proven=False conf=0.0000 in 0.02ms
2026-08-09 11:02:04 | INFO | app.ai.backward_chaining:evaluate_goal:268 | Backward Chaining evaluated goal='PERSISTENCE' proven=False conf=0.0000 in 0.02ms
2026-08-09 11:02:04 | INFO | httpx._client:_send_single_request:1740 | HTTP Request: GET http://test/api/risk-score/1 "HTTP/1.1 200 OK"
2026-08-09 11:02:15 | INFO | app.core.logging:setup_logging:54 | Logging initialized | env=development | debug=True
2026-08-09 11:02:15 | INFO | app.services.astar_service:run_astar:110 | Executing A* Search for Case ID 1 | Start: 'login' | Goal: 'usb_remove'
2026-08-09 11:02:15 | INFO | app.services.astar_service:run_astar:130 | A* Search Succeeded | Case ID: 1 | Start: 'login' | Goal: 'usb_remove' | Visited Nodes: 4 | Total Cost: 3.0000 | Heuristic Cost: 1.0000 | Time: 0.029 ms
2026-08-09 11:02:15 | INFO | httpx._client:_send_single_request:1740 | HTTP Request: POST http://test/api/v1/ai/astar/run "HTTP/1.1 200 OK"
2026-08-09 11:02:15 | INFO | app.services.astar_service:run_astar:110 | Executing A* Search for Case ID 1 | Start: 'login' | Goal: 'isolated_exfil'
2026-08-09 11:02:15 | WARNING | app.services.astar_service:run_astar:120 | A* Search completed: No path found between 'login' and 'isolated_exfil' in Case ID 1. Visited 5 nodes.
2026-08-09 11:02:15 | INFO | httpx._client:_send_single_request:1740 | HTTP Request: POST http://test/api/v1/ai/astar/run "HTTP/1.1 400 Bad Request"
2026-08-09 11:02:16 | WARNING | app.services.astar_service:run_astar:81 | A* Search failed: Start node 'non_existent_start' not found in Case 1.
2026-08-09 11:02:16 | INFO | httpx._client:_send_single_request:1740 | HTTP Request: POST http://test/api/v1/ai/astar/run "HTTP/1.1 404 Not Found"
2026-08-09 11:02:16 | WARNING | app.services.astar_service:run_astar:89 | A* Search failed: Goal node 'non_existent_goal' not found in Case 1.
2026-08-09 11:02:16 | INFO | httpx._client:_send_single_request:1740 | HTTP Request: POST http://test/api/v1/ai/astar/run "HTTP/1.1 404 Not Found"
2026-08-09 11:02:16 | WARNING | app.services.astar_service:run_astar:49 | A* Search failed: Case ID 999999 not found.
2026-08-09 11:02:16 | INFO | httpx._client:_send_single_request:1740 | HTTP Request: POST http://test/api/v1/ai/astar/run "HTTP/1.1 404 Not Found"
2026-08-09 11:02:16 | INFO | app.ai.backward_chaining:evaluate_goal:268 | Backward Chaining evaluated goal='DATA_EXFILTRATION' proven=True conf=1.0000 in 0.01ms
2026-08-09 11:02:16 | INFO | app.ai.backward_chaining:evaluate_goal:268 | Backward Chaining evaluated goal='DATA_EXFILTRATION' proven=True conf=0.9500 in 0.03ms
2026-08-09 11:02:16 | INFO | app.ai.backward_chaining:evaluate_goal:268 | Backward Chaining evaluated goal='DATA_EXFILTRATION' proven=True conf=0.9120 in 0.03ms
2026-08-09 11:02:16 | INFO | app.ai.backward_chaining:evaluate_goal:268 | Backward Chaining evaluated goal='DATA_EXFILTRATION' proven=False conf=0.0000 in 0.02ms
2026-08-09 11:02:16 | INFO | app.ai.backward_chaining:evaluate_goal:268 | Backward Chaining evaluated goal='DATA_EXFILTRATION' proven=False conf=0.0000 in 0.01ms
2026-08-09 11:02:16 | WARNING | app.ai.backward_chaining:_prove_goal:298 | Circular rule cycle detected for goal='GOAL_A' at depth=3
2026-08-09 11:02:16 | INFO | app.ai.backward_chaining:evaluate_goal:268 | Backward Chaining evaluated goal='GOAL_A' proven=False conf=0.0000 in 0.27ms
2026-08-09 11:02:16 | INFO | app.ai.backward_chaining:evaluate_goal:268 | Backward Chaining evaluated goal='DATA_EXFILTRATION' proven=True conf=0.9500 in 0.02ms
2026-08-09 11:02:16 | INFO | app.ai.backward_chaining:evaluate_goal:268 | Backward Chaining evaluated goal='DATA_EXFILTRATION' proven=True conf=0.9000 in 0.02ms
2026-08-09 11:02:16 | INFO | app.ai.backward_chaining:evaluate_goal:268 | Backward Chaining evaluated goal='UNKNOWN_NONEXISTENT_GOAL' proven=False conf=0.0000 in 0.00ms
2026-08-09 11:02:16 | INFO | app.ai.backward_chaining:evaluate_goal:268 | Backward Chaining evaluated goal='DATA_EXFILTRATION' proven=False conf=0.0000 in 0.02ms
2026-08-09 11:02:16 | INFO | app.ai.backward_chaining:evaluate_goal:268 | Backward Chaining evaluated goal='N_0' proven=True conf=0.5987 in 0.04ms
2026-08-09 11:02:16 | WARNING | app.ai.backward_chaining:_prove_goal:291 | Backward chaining max depth limit reached at depth=11 for goal='NODE_10'
2026-08-09 11:02:16 | INFO | app.ai.backward_chaining:evaluate_goal:268 | Backward Chaining evaluated goal='NODE_0' proven=False conf=0.0000 in 0.35ms
2026-08-09 11:02:17 | INFO | app.ai.backward_chaining:evaluate_goal:268 | Backward Chaining evaluated goal='DATA_EXFILTRATION' proven=True conf=0.8361 in 0.06ms
2026-08-09 11:02:17 | INFO | httpx._client:_send_single_request:1740 | HTTP Request: POST http://test/api/v1/ai/backward-chaining/run "HTTP/1.1 200 OK"
2026-08-09 11:02:17 | INFO | app.ai.backward_chaining:evaluate_goal:268 | Backward Chaining evaluated goal='PRIVILEGE_ESCALATION' proven=False conf=0.0000 in 0.03ms
2026-08-09 11:02:17 | INFO | httpx._client:_send_single_request:1740 | HTTP Request: POST http://test/api/backward-chaining/evaluate/1?goal=PRIVILEGE_ESCALATION "HTTP/1.1 200 OK"
2026-08-09 11:02:17 | INFO | httpx._client:_send_single_request:1740 | HTTP Request: POST http://test/api/v1/ai/backward-chaining/run "HTTP/1.1 400 Bad Request"
2026-08-09 11:02:18 | INFO | httpx._client:_send_single_request:1740 | HTTP Request: POST http://test/api/cases/ "HTTP/1.1 201 Created"
2026-08-09 11:02:18 | INFO | httpx._client:_send_single_request:1740 | HTTP Request: GET http://test/api/cases/?search=Malware "HTTP/1.1 200 OK"
2026-08-09 11:02:19 | INFO | httpx._client:_send_single_request:1740 | HTTP Request: POST http://test/api/evidence/upload "HTTP/1.1 201 Created"
2026-08-09 11:02:19 | INFO | httpx._client:_send_single_request:1740 | HTTP Request: POST http://test/api/parser/parse/1 "HTTP/1.1 202 Accepted"
2026-08-09 11:02:19 | INFO | httpx._client:_send_single_request:1740 | HTTP Request: POST http://test/api/normalize/1 "HTTP/1.1 202 Accepted"
2026-08-09 11:02:19 | INFO | httpx._client:_send_single_request:1740 | HTTP Request: POST http://test/api/graph/build/1 "HTTP/1.1 202 Accepted"
2026-08-09 11:02:19 | INFO | httpx._client:_send_single_request:1740 | HTTP Request: POST http://test/api/csp/validate/1 "HTTP/1.1 202 Accepted"
2026-08-09 11:02:19 | INFO | httpx._client:_send_single_request:1740 | HTTP Request: GET http://test/api/csp/status/1 "HTTP/1.1 200 OK"
2026-08-09 11:02:19 | INFO | httpx._client:_send_single_request:1740 | HTTP Request: GET http://test/api/csp/results/1 "HTTP/1.1 200 OK"
2026-08-09 11:02:20 | INFO | httpx._client:_send_single_request:1740 | HTTP Request: POST http://test/api/evidence/upload "HTTP/1.1 201 Created"
2026-08-09 11:02:20 | INFO | httpx._client:_send_single_request:1740 | HTTP Request: POST http://test/api/evidence/upload "HTTP/1.1 400 Bad Request"
2026-08-09 11:02:21 | INFO | httpx._client:_send_single_request:1740 | HTTP Request: POST http://test/api/evidence/upload "HTTP/1.1 201 Created"
2026-08-09 11:02:21 | INFO | httpx._client:_send_single_request:1740 | HTTP Request: POST http://test/api/evidence/upload "HTTP/1.1 409 Conflict"
2026-08-09 11:02:21 | INFO | app.services.forward_chaining_service:run_forward_chaining:135 | Running Forward Chaining for Case ID 1 with 6 initial fact(s).
2026-08-09 11:02:21 | INFO | app.services.forward_chaining_service:run_forward_chaining:151 | Forward Chaining completed for Case ID 1 | Fired Rules: 2 | Derived Facts: 4 | Time: 0.039 ms
2026-08-09 11:02:21 | INFO | httpx._client:_send_single_request:1740 | HTTP Request: POST http://test/api/v1/ai/forward-chaining/run "HTTP/1.1 200 OK"
2026-08-09 11:02:22 | WARNING | app.services.forward_chaining_service:run_forward_chaining:49 | Forward Chaining failed: Case ID 999999 not found.
2026-08-09 11:02:22 | INFO | httpx._client:_send_single_request:1740 | HTTP Request: POST http://test/api/v1/ai/forward-chaining/run "HTTP/1.1 404 Not Found"
2026-08-09 11:02:22 | INFO | httpx._client:_send_single_request:1740 | HTTP Request: POST http://test/api/evidence/upload "HTTP/1.1 201 Created"
2026-08-09 11:02:22 | INFO | httpx._client:_send_single_request:1740 | HTTP Request: POST http://test/api/parser/parse/1 "HTTP/1.1 202 Accepted"
2026-08-09 11:02:22 | INFO | httpx._client:_send_single_request:1740 | HTTP Request: POST http://test/api/normalize/1 "HTTP/1.1 202 Accepted"
2026-08-09 11:02:22 | INFO | httpx._client:_send_single_request:1740 | HTTP Request: POST http://test/api/graph/build/1 "HTTP/1.1 202 Accepted"
2026-08-09 11:02:22 | INFO | httpx._client:_send_single_request:1740 | HTTP Request: GET http://test/api/graph/1 "HTTP/1.1 200 OK"
2026-08-09 11:02:22 | INFO | httpx._client:_send_single_request:1740 | HTTP Request: GET http://test/api/graph/statistics/1 "HTTP/1.1 200 OK"
2026-08-09 11:02:23 | INFO | httpx._client:_send_single_request:1740 | HTTP Request: POST http://test/api/evidence/upload "HTTP/1.1 201 Created"
2026-08-09 11:02:23 | INFO | httpx._client:_send_single_request:1740 | HTTP Request: POST http://test/api/parser/parse/1 "HTTP/1.1 202 Accepted"
2026-08-09 11:02:23 | INFO | httpx._client:_send_single_request:1740 | HTTP Request: POST http://test/api/normalize/1 "HTTP/1.1 202 Accepted"
2026-08-09 11:02:23 | INFO | httpx._client:_send_single_request:1740 | HTTP Request: GET http://test/api/normalized-events/1 "HTTP/1.1 200 OK"
2026-08-09 11:02:24 | INFO | httpx._client:_send_single_request:1740 | HTTP Request: POST http://test/api/evidence/upload "HTTP/1.1 201 Created"
2026-08-09 11:02:24 | INFO | httpx._client:_send_single_request:1740 | HTTP Request: POST http://test/api/parser/parse/1 "HTTP/1.1 202 Accepted"
2026-08-09 11:02:24 | INFO | httpx._client:_send_single_request:1740 | HTTP Request: GET http://test/api/parser/events/case/1 "HTTP/1.1 200 OK"
2026-08-09 11:02:24 | INFO | app.ai.backward_chaining:evaluate_goal:268 | Backward Chaining evaluated goal='DATA_EXFILTRATION' proven=False conf=0.0000 in 0.02ms
2026-08-09 11:02:24 | INFO | app.ai.backward_chaining:evaluate_goal:268 | Backward Chaining evaluated goal='PRIVILEGE_ESCALATION' proven=False conf=0.0000 in 0.02ms
2026-08-09 11:02:24 | INFO | app.ai.backward_chaining:evaluate_goal:268 | Backward Chaining evaluated goal='LATERAL_MOVEMENT' proven=False conf=0.0000 in 0.03ms
2026-08-09 11:02:24 | INFO | app.ai.backward_chaining:evaluate_goal:268 | Backward Chaining evaluated goal='PERSISTENCE' proven=False conf=0.0000 in 0.02ms
2026-08-09 11:02:24 | INFO | httpx._client:_send_single_request:1740 | HTTP Request: GET http://test/api/v1/cases/1/risk-score "HTTP/1.1 200 OK"
2026-08-09 11:02:24 | INFO | app.ai.backward_chaining:evaluate_goal:268 | Backward Chaining evaluated goal='DATA_EXFILTRATION' proven=False conf=0.0000 in 0.05ms
2026-08-09 11:02:24 | INFO | app.ai.backward_chaining:evaluate_goal:268 | Backward Chaining evaluated goal='PRIVILEGE_ESCALATION' proven=False conf=0.0000 in 0.02ms
2026-08-09 11:02:24 | INFO | app.ai.backward_chaining:evaluate_goal:268 | Backward Chaining evaluated goal='LATERAL_MOVEMENT' proven=False conf=0.0000 in 0.02ms
2026-08-09 11:02:24 | INFO | app.ai.backward_chaining:evaluate_goal:268 | Backward Chaining evaluated goal='PERSISTENCE' proven=False conf=0.0000 in 0.02ms
2026-08-09 11:02:24 | INFO | httpx._client:_send_single_request:1740 | HTTP Request: GET http://test/api/risk-score/1 "HTTP/1.1 200 OK"
2026-08-09 11:02:25 | INFO | app.ai.backward_chaining:evaluate_goal:268 | Backward Chaining evaluated goal='DATA_EXFILTRATION' proven=False conf=0.0000 in 0.02ms
2026-08-09 11:02:25 | INFO | app.ai.backward_chaining:evaluate_goal:268 | Backward Chaining evaluated goal='PRIVILEGE_ESCALATION' proven=False conf=0.0000 in 0.02ms
2026-08-09 11:02:25 | INFO | app.ai.backward_chaining:evaluate_goal:268 | Backward Chaining evaluated goal='LATERAL_MOVEMENT' proven=False conf=0.0000 in 0.02ms
2026-08-09 11:02:25 | INFO | app.ai.backward_chaining:evaluate_goal:268 | Backward Chaining evaluated goal='DATA_EXFILTRATION' proven=False conf=0.0000 in 0.02ms
2026-08-09 11:02:25 | INFO | app.ai.backward_chaining:evaluate_goal:268 | Backward Chaining evaluated goal='PRIVILEGE_ESCALATION' proven=False conf=0.0000 in 0.02ms
2026-08-09 11:02:25 | INFO | app.ai.backward_chaining:evaluate_goal:268 | Backward Chaining evaluated goal='LATERAL_MOVEMENT' proven=False conf=0.0000 in 0.02ms
2026-08-09 11:02:25 | INFO | app.ai.backward_chaining:evaluate_goal:268 | Backward Chaining evaluated goal='DATA_EXFILTRATION' proven=False conf=0.0000 in 0.02ms
2026-08-09 11:02:25 | INFO | app.ai.backward_chaining:evaluate_goal:268 | Backward Chaining evaluated goal='PRIVILEGE_ESCALATION' proven=False conf=0.0000 in 0.02ms
2026-08-09 11:02:25 | INFO | app.ai.backward_chaining:evaluate_goal:268 | Backward Chaining evaluated goal='LATERAL_MOVEMENT' proven=False conf=0.0000 in 0.02ms
2026-08-09 11:02:26 | INFO | app.ai.backward_chaining:evaluate_goal:268 | Backward Chaining evaluated goal='DATA_EXFILTRATION' proven=False conf=0.0000 in 0.02ms
2026-08-09 11:02:26 | INFO | app.ai.backward_chaining:evaluate_goal:268 | Backward Chaining evaluated goal='PRIVILEGE_ESCALATION' proven=False conf=0.0000 in 0.03ms
2026-08-09 11:02:26 | INFO | app.ai.backward_chaining:evaluate_goal:268 | Backward Chaining evaluated goal='LATERAL_MOVEMENT' proven=False conf=0.0000 in 0.02ms
2026-08-09 11:02:26 | INFO | app.ai.backward_chaining:evaluate_goal:268 | Backward Chaining evaluated goal='DATA_EXFILTRATION' proven=True conf=1.0000 in 0.00ms
2026-08-09 11:02:26 | INFO | app.ai.backward_chaining:evaluate_goal:268 | Backward Chaining evaluated goal='PRIVILEGE_ESCALATION' proven=False conf=0.0000 in 0.03ms
2026-08-09 11:02:26 | INFO | app.ai.backward_chaining:evaluate_goal:268 | Backward Chaining evaluated goal='LATERAL_MOVEMENT' proven=False conf=0.0000 in 0.02ms
2026-08-09 11:02:27 | INFO | app.ai.backward_chaining:evaluate_goal:268 | Backward Chaining evaluated goal='DATA_EXFILTRATION' proven=True conf=0.9120 in 0.02ms
2026-08-09 11:02:27 | INFO | app.ai.backward_chaining:evaluate_goal:268 | Backward Chaining evaluated goal='PRIVILEGE_ESCALATION' proven=False conf=0.0000 in 0.02ms
2026-08-09 11:02:27 | INFO | app.ai.backward_chaining:evaluate_goal:268 | Backward Chaining evaluated goal='LATERAL_MOVEMENT' proven=False conf=0.0000 in 0.02ms
2026-08-09 11:02:27 | INFO | app.ai.backward_chaining:evaluate_goal:268 | Backward Chaining evaluated goal='DATA_EXFILTRATION' proven=False conf=0.0000 in 0.02ms
2026-08-09 11:02:27 | INFO | app.ai.backward_chaining:evaluate_goal:268 | Backward Chaining evaluated goal='PRIVILEGE_ESCALATION' proven=False conf=0.0000 in 0.02ms
2026-08-09 11:02:27 | INFO | app.ai.backward_chaining:evaluate_goal:268 | Backward Chaining evaluated goal='LATERAL_MOVEMENT' proven=False conf=0.0000 in 0.02ms
2026-08-09 11:02:28 | INFO | app.ai.backward_chaining:evaluate_goal:268 | Backward Chaining evaluated goal='DATA_EXFILTRATION' proven=False conf=0.0000 in 0.02ms
2026-08-09 11:02:28 | INFO | app.ai.backward_chaining:evaluate_goal:268 | Backward Chaining evaluated goal='PRIVILEGE_ESCALATION' proven=False conf=0.0000 in 0.02ms
2026-08-09 11:02:28 | INFO | app.ai.backward_chaining:evaluate_goal:268 | Backward Chaining evaluated goal='LATERAL_MOVEMENT' proven=False conf=0.0000 in 0.02ms
2026-08-09 11:02:28 | INFO | app.ai.backward_chaining:evaluate_goal:268 | Backward Chaining evaluated goal='DATA_EXFILTRATION' proven=False conf=0.0000 in 0.02ms
2026-08-09 11:02:28 | INFO | app.ai.backward_chaining:evaluate_goal:268 | Backward Chaining evaluated goal='PRIVILEGE_ESCALATION' proven=False conf=0.0000 in 0.02ms
2026-08-09 11:02:28 | INFO | app.ai.backward_chaining:evaluate_goal:268 | Backward Chaining evaluated goal='LATERAL_MOVEMENT' proven=False conf=0.0000 in 0.02ms
2026-08-09 11:02:28 | INFO | httpx._client:_send_single_request:1740 | HTTP Request: GET http://test/api/v1/cases/1/timeline "HTTP/1.1 200 OK"
2026-08-09 11:02:28 | INFO | app.ai.backward_chaining:evaluate_goal:268 | Backward Chaining evaluated goal='DATA_EXFILTRATION' proven=False conf=0.0000 in 0.02ms
2026-08-09 11:02:28 | INFO | app.ai.backward_chaining:evaluate_goal:268 | Backward Chaining evaluated goal='PRIVILEGE_ESCALATION' proven=False conf=0.0000 in 0.02ms
2026-08-09 11:02:28 | INFO | app.ai.backward_chaining:evaluate_goal:268 | Backward Chaining evaluated goal='LATERAL_MOVEMENT' proven=False conf=0.0000 in 0.02ms
2026-08-09 11:02:28 | INFO | httpx._client:_send_single_request:1740 | HTTP Request: GET http://test/api/timeline/1 "HTTP/1.1 200 OK"
2026-08-09 11:02:28 | INFO | app.ai.backward_chaining:evaluate_goal:268 | Backward Chaining evaluated goal='DATA_EXFILTRATION' proven=False conf=0.0000 in 0.02ms
2026-08-09 11:02:28 | INFO | app.ai.backward_chaining:evaluate_goal:268 | Backward Chaining evaluated goal='PRIVILEGE_ESCALATION' proven=False conf=0.0000 in 0.02ms
2026-08-09 11:02:28 | INFO | app.ai.backward_chaining:evaluate_goal:268 | Backward Chaining evaluated goal='LATERAL_MOVEMENT' proven=False conf=0.0000 in 0.02ms
2026-08-09 11:02:28 | INFO | httpx._client:_send_single_request:1740 | HTTP Request: GET http://test/api/timeline/1/suspicious "HTTP/1.1 200 OK"
2026-08-09 11:02:29 | INFO | app.services.ucs_service:run_ucs:104 | Executing UCS for Case ID 1 | Start: 'login' | Goal: 'usb_remove'
2026-08-09 11:02:29 | INFO | app.services.ucs_service:run_ucs:124 | UCS Search Succeeded | Case ID: 1 | Start: 'login' | Goal: 'usb_remove' | Visited Nodes: 4 | Total Cost: 3.0000 | Time: 0.010 ms
2026-08-09 11:02:29 | INFO | httpx._client:_send_single_request:1740 | HTTP Request: POST http://test/api/v1/ai/ucs/run "HTTP/1.1 200 OK"
2026-08-09 11:02:29 | INFO | app.services.ucs_service:run_ucs:104 | Executing UCS for Case ID 1 | Start: 'login' | Goal: 'isolated_exfil'
2026-08-09 11:02:29 | WARNING | app.services.ucs_service:run_ucs:114 | UCS search completed: No path found between 'login' and 'isolated_exfil' in Case ID 1. Explored 5 nodes.
2026-08-09 11:02:29 | INFO | httpx._client:_send_single_request:1740 | HTTP Request: POST http://test/api/v1/ai/ucs/run "HTTP/1.1 400 Bad Request"
2026-08-09 11:02:29 | WARNING | app.services.ucs_service:run_ucs:74 | UCS failed: Start node 'non_existent_start' not found in Case 1.
2026-08-09 11:02:29 | INFO | httpx._client:_send_single_request:1740 | HTTP Request: POST http://test/api/v1/ai/ucs/run "HTTP/1.1 404 Not Found"
2026-08-09 11:02:30 | WARNING | app.services.ucs_service:run_ucs:83 | UCS failed: Goal node 'non_existent_goal' not found in Case 1.
2026-08-09 11:02:30 | INFO | httpx._client:_send_single_request:1740 | HTTP Request: POST http://test/api/v1/ai/ucs/run "HTTP/1.1 404 Not Found"
2026-08-09 11:02:30 | WARNING | app.services.ucs_service:run_ucs:48 | UCS failed: Case ID 999999 not found.
2026-08-09 11:02:30 | INFO | httpx._client:_send_single_request:1740 | HTTP Request: POST http://test/api/v1/ai/ucs/run "HTTP/1.1 404 Not Found"
2026-08-09 11:05:49 | INFO | app.core.logging:setup_logging:54 | Logging initialized | env=development | debug=True
2026-08-09 11:05:50 | INFO | app.ai.backward_chaining:evaluate_goal:268 | Backward Chaining evaluated goal='DATA_EXFILTRATION' proven=False conf=0.0000 in 0.03ms
2026-08-09 11:05:50 | INFO | app.ai.backward_chaining:evaluate_goal:268 | Backward Chaining evaluated goal='PRIVILEGE_ESCALATION' proven=False conf=0.0000 in 0.02ms
2026-08-09 11:05:50 | INFO | app.ai.backward_chaining:evaluate_goal:268 | Backward Chaining evaluated goal='LATERAL_MOVEMENT' proven=False conf=0.0000 in 0.05ms
2026-08-09 11:05:50 | INFO | app.ai.backward_chaining:evaluate_goal:268 | Backward Chaining evaluated goal='DATA_EXFILTRATION' proven=False conf=0.0000 in 0.02ms
2026-08-09 11:05:50 | INFO | app.ai.backward_chaining:evaluate_goal:268 | Backward Chaining evaluated goal='PRIVILEGE_ESCALATION' proven=False conf=0.0000 in 0.02ms
2026-08-09 11:05:50 | INFO | app.ai.backward_chaining:evaluate_goal:268 | Backward Chaining evaluated goal='LATERAL_MOVEMENT' proven=False conf=0.0000 in 0.02ms
2026-08-09 11:05:50 | INFO | httpx._client:_send_single_request:1740 | HTTP Request: GET http://test/api/v1/cases/1/attack-path "HTTP/1.1 200 OK"
2026-08-09 11:05:50 | INFO | app.ai.backward_chaining:evaluate_goal:268 | Backward Chaining evaluated goal='DATA_EXFILTRATION' proven=False conf=0.0000 in 0.02ms
2026-08-09 11:05:50 | INFO | app.ai.backward_chaining:evaluate_goal:268 | Backward Chaining evaluated goal='PRIVILEGE_ESCALATION' proven=False conf=0.0000 in 0.02ms
2026-08-09 11:05:50 | INFO | app.ai.backward_chaining:evaluate_goal:268 | Backward Chaining evaluated goal='LATERAL_MOVEMENT' proven=False conf=0.0000 in 0.02ms
2026-08-09 11:05:50 | INFO | app.ai.backward_chaining:evaluate_goal:268 | Backward Chaining evaluated goal='DATA_EXFILTRATION' proven=False conf=0.0000 in 0.02ms
2026-08-09 11:05:50 | INFO | app.ai.backward_chaining:evaluate_goal:268 | Backward Chaining evaluated goal='PRIVILEGE_ESCALATION' proven=False conf=0.0000 in 0.02ms
2026-08-09 11:05:50 | INFO | app.ai.backward_chaining:evaluate_goal:268 | Backward Chaining evaluated goal='LATERAL_MOVEMENT' proven=False conf=0.0000 in 0.02ms
2026-08-09 11:05:50 | INFO | httpx._client:_send_single_request:1740 | HTTP Request: GET http://test/api/v1/cases/1/attack-paths "HTTP/1.1 200 OK"
2026-08-09 11:05:50 | INFO | app.ai.backward_chaining:evaluate_goal:268 | Backward Chaining evaluated goal='DATA_EXFILTRATION' proven=False conf=0.0000 in 0.02ms
2026-08-09 11:05:50 | INFO | app.ai.backward_chaining:evaluate_goal:268 | Backward Chaining evaluated goal='PRIVILEGE_ESCALATION' proven=False conf=0.0000 in 0.02ms
2026-08-09 11:05:50 | INFO | app.ai.backward_chaining:evaluate_goal:268 | Backward Chaining evaluated goal='LATERAL_MOVEMENT' proven=False conf=0.0000 in 0.02ms
2026-08-09 11:05:50 | INFO | app.ai.backward_chaining:evaluate_goal:268 | Backward Chaining evaluated goal='DATA_EXFILTRATION' proven=False conf=0.0000 in 0.02ms
2026-08-09 11:05:50 | INFO | app.ai.backward_chaining:evaluate_goal:268 | Backward Chaining evaluated goal='PRIVILEGE_ESCALATION' proven=False conf=0.0000 in 0.02ms
2026-08-09 11:05:50 | INFO | app.ai.backward_chaining:evaluate_goal:268 | Backward Chaining evaluated goal='LATERAL_MOVEMENT' proven=False conf=0.0000 in 0.02ms
2026-08-09 11:05:50 | INFO | httpx._client:_send_single_request:1740 | HTTP Request: GET http://test/api/attack-path/1 "HTTP/1.1 200 OK"
2026-08-09 11:06:15 | INFO | app.core.logging:setup_logging:54 | Logging initialized | env=development | debug=True
2026-08-09 11:06:16 | INFO | app.ai.backward_chaining:evaluate_goal:268 | Backward Chaining evaluated goal='DATA_EXFILTRATION' proven=False conf=0.0000 in 0.03ms
2026-08-09 11:06:16 | INFO | app.ai.backward_chaining:evaluate_goal:268 | Backward Chaining evaluated goal='PRIVILEGE_ESCALATION' proven=False conf=0.0000 in 0.02ms
2026-08-09 11:06:16 | INFO | app.ai.backward_chaining:evaluate_goal:268 | Backward Chaining evaluated goal='LATERAL_MOVEMENT' proven=False conf=0.0000 in 0.02ms
2026-08-09 11:06:16 | INFO | app.ai.backward_chaining:evaluate_goal:268 | Backward Chaining evaluated goal='DATA_EXFILTRATION' proven=False conf=0.0000 in 0.02ms
2026-08-09 11:06:16 | INFO | app.ai.backward_chaining:evaluate_goal:268 | Backward Chaining evaluated goal='PRIVILEGE_ESCALATION' proven=False conf=0.0000 in 0.03ms
2026-08-09 11:06:16 | INFO | app.ai.backward_chaining:evaluate_goal:268 | Backward Chaining evaluated goal='LATERAL_MOVEMENT' proven=False conf=0.0000 in 0.02ms
2026-08-09 11:06:16 | INFO | httpx._client:_send_single_request:1740 | HTTP Request: GET http://test/api/v1/cases/1/attack-path "HTTP/1.1 200 OK"
2026-08-09 11:06:16 | INFO | app.ai.backward_chaining:evaluate_goal:268 | Backward Chaining evaluated goal='DATA_EXFILTRATION' proven=False conf=0.0000 in 0.02ms
2026-08-09 11:06:16 | INFO | app.ai.backward_chaining:evaluate_goal:268 | Backward Chaining evaluated goal='PRIVILEGE_ESCALATION' proven=False conf=0.0000 in 0.02ms
2026-08-09 11:06:16 | INFO | app.ai.backward_chaining:evaluate_goal:268 | Backward Chaining evaluated goal='LATERAL_MOVEMENT' proven=False conf=0.0000 in 0.02ms
2026-08-09 11:06:16 | INFO | app.ai.backward_chaining:evaluate_goal:268 | Backward Chaining evaluated goal='DATA_EXFILTRATION' proven=False conf=0.0000 in 0.02ms
2026-08-09 11:06:16 | INFO | app.ai.backward_chaining:evaluate_goal:268 | Backward Chaining evaluated goal='PRIVILEGE_ESCALATION' proven=False conf=0.0000 in 0.02ms
2026-08-09 11:06:16 | INFO | app.ai.backward_chaining:evaluate_goal:268 | Backward Chaining evaluated goal='LATERAL_MOVEMENT' proven=False conf=0.0000 in 0.03ms
2026-08-09 11:06:16 | INFO | httpx._client:_send_single_request:1740 | HTTP Request: GET http://test/api/v1/cases/1/attack-paths "HTTP/1.1 200 OK"
2026-08-09 11:06:16 | INFO | app.ai.backward_chaining:evaluate_goal:268 | Backward Chaining evaluated goal='DATA_EXFILTRATION' proven=False conf=0.0000 in 0.02ms
2026-08-09 11:06:16 | INFO | app.ai.backward_chaining:evaluate_goal:268 | Backward Chaining evaluated goal='PRIVILEGE_ESCALATION' proven=False conf=0.0000 in 0.03ms
2026-08-09 11:06:16 | INFO | app.ai.backward_chaining:evaluate_goal:268 | Backward Chaining evaluated goal='LATERAL_MOVEMENT' proven=False conf=0.0000 in 0.02ms
2026-08-09 11:06:16 | INFO | app.ai.backward_chaining:evaluate_goal:268 | Backward Chaining evaluated goal='DATA_EXFILTRATION' proven=False conf=0.0000 in 0.01ms
2026-08-09 11:06:16 | INFO | app.ai.backward_chaining:evaluate_goal:268 | Backward Chaining evaluated goal='PRIVILEGE_ESCALATION' proven=False conf=0.0000 in 0.02ms
2026-08-09 11:06:16 | INFO | app.ai.backward_chaining:evaluate_goal:268 | Backward Chaining evaluated goal='LATERAL_MOVEMENT' proven=False conf=0.0000 in 0.02ms
2026-08-09 11:06:16 | INFO | httpx._client:_send_single_request:1740 | HTTP Request: GET http://test/api/attack-path/1 "HTTP/1.1 200 OK"
2026-08-09 11:06:26 | INFO | app.core.logging:setup_logging:54 | Logging initialized | env=development | debug=True
2026-08-09 11:06:26 | INFO | app.services.astar_service:run_astar:110 | Executing A* Search for Case ID 1 | Start: 'login' | Goal: 'usb_remove'
2026-08-09 11:06:26 | INFO | app.services.astar_service:run_astar:130 | A* Search Succeeded | Case ID: 1 | Start: 'login' | Goal: 'usb_remove' | Visited Nodes: 4 | Total Cost: 3.0000 | Heuristic Cost: 1.0000 | Time: 0.017 ms
2026-08-09 11:06:26 | INFO | httpx._client:_send_single_request:1740 | HTTP Request: POST http://test/api/v1/ai/astar/run "HTTP/1.1 200 OK"
2026-08-09 11:06:26 | INFO | app.services.astar_service:run_astar:110 | Executing A* Search for Case ID 1 | Start: 'login' | Goal: 'isolated_exfil'
2026-08-09 11:06:26 | WARNING | app.services.astar_service:run_astar:120 | A* Search completed: No path found between 'login' and 'isolated_exfil' in Case ID 1. Visited 5 nodes.
2026-08-09 11:06:26 | INFO | httpx._client:_send_single_request:1740 | HTTP Request: POST http://test/api/v1/ai/astar/run "HTTP/1.1 400 Bad Request"
2026-08-09 11:06:27 | WARNING | app.services.astar_service:run_astar:81 | A* Search failed: Start node 'non_existent_start' not found in Case 1.
2026-08-09 11:06:27 | INFO | httpx._client:_send_single_request:1740 | HTTP Request: POST http://test/api/v1/ai/astar/run "HTTP/1.1 404 Not Found"
2026-08-09 11:06:27 | WARNING | app.services.astar_service:run_astar:89 | A* Search failed: Goal node 'non_existent_goal' not found in Case 1.
2026-08-09 11:06:27 | INFO | httpx._client:_send_single_request:1740 | HTTP Request: POST http://test/api/v1/ai/astar/run "HTTP/1.1 404 Not Found"
2026-08-09 11:06:27 | WARNING | app.services.astar_service:run_astar:49 | A* Search failed: Case ID 999999 not found.
2026-08-09 11:06:27 | INFO | httpx._client:_send_single_request:1740 | HTTP Request: POST http://test/api/v1/ai/astar/run "HTTP/1.1 404 Not Found"
2026-08-09 11:06:28 | INFO | app.ai.backward_chaining:evaluate_goal:268 | Backward Chaining evaluated goal='DATA_EXFILTRATION' proven=False conf=0.0000 in 0.03ms
2026-08-09 11:06:28 | INFO | app.ai.backward_chaining:evaluate_goal:268 | Backward Chaining evaluated goal='PRIVILEGE_ESCALATION' proven=False conf=0.0000 in 0.04ms
2026-08-09 11:06:28 | INFO | app.ai.backward_chaining:evaluate_goal:268 | Backward Chaining evaluated goal='LATERAL_MOVEMENT' proven=False conf=0.0000 in 0.02ms
2026-08-09 11:06:28 | INFO | app.ai.backward_chaining:evaluate_goal:268 | Backward Chaining evaluated goal='DATA_EXFILTRATION' proven=False conf=0.0000 in 0.02ms
2026-08-09 11:06:28 | INFO | app.ai.backward_chaining:evaluate_goal:268 | Backward Chaining evaluated goal='PRIVILEGE_ESCALATION' proven=False conf=0.0000 in 0.03ms
2026-08-09 11:06:28 | INFO | app.ai.backward_chaining:evaluate_goal:268 | Backward Chaining evaluated goal='LATERAL_MOVEMENT' proven=False conf=0.0000 in 0.02ms
2026-08-09 11:06:28 | INFO | httpx._client:_send_single_request:1740 | HTTP Request: GET http://test/api/v1/cases/1/attack-path "HTTP/1.1 200 OK"
2026-08-09 11:06:28 | INFO | app.ai.backward_chaining:evaluate_goal:268 | Backward Chaining evaluated goal='DATA_EXFILTRATION' proven=False conf=0.0000 in 0.03ms
2026-08-09 11:06:28 | INFO | app.ai.backward_chaining:evaluate_goal:268 | Backward Chaining evaluated goal='PRIVILEGE_ESCALATION' proven=False conf=0.0000 in 0.04ms
2026-08-09 11:06:28 | INFO | app.ai.backward_chaining:evaluate_goal:268 | Backward Chaining evaluated goal='LATERAL_MOVEMENT' proven=False conf=0.0000 in 0.02ms
2026-08-09 11:06:28 | INFO | app.ai.backward_chaining:evaluate_goal:268 | Backward Chaining evaluated goal='DATA_EXFILTRATION' proven=False conf=0.0000 in 0.02ms
2026-08-09 11:06:28 | INFO | app.ai.backward_chaining:evaluate_goal:268 | Backward Chaining evaluated goal='PRIVILEGE_ESCALATION' proven=False conf=0.0000 in 0.02ms
2026-08-09 11:06:28 | INFO | app.ai.backward_chaining:evaluate_goal:268 | Backward Chaining evaluated goal='LATERAL_MOVEMENT' proven=False conf=0.0000 in 0.02ms
2026-08-09 11:06:28 | INFO | httpx._client:_send_single_request:1740 | HTTP Request: GET http://test/api/v1/cases/1/attack-paths "HTTP/1.1 200 OK"
2026-08-09 11:06:28 | INFO | app.ai.backward_chaining:evaluate_goal:268 | Backward Chaining evaluated goal='DATA_EXFILTRATION' proven=False conf=0.0000 in 0.02ms
2026-08-09 11:06:28 | INFO | app.ai.backward_chaining:evaluate_goal:268 | Backward Chaining evaluated goal='PRIVILEGE_ESCALATION' proven=False conf=0.0000 in 0.02ms
2026-08-09 11:06:28 | INFO | app.ai.backward_chaining:evaluate_goal:268 | Backward Chaining evaluated goal='LATERAL_MOVEMENT' proven=False conf=0.0000 in 0.02ms
2026-08-09 11:06:28 | INFO | app.ai.backward_chaining:evaluate_goal:268 | Backward Chaining evaluated goal='DATA_EXFILTRATION' proven=False conf=0.0000 in 0.02ms
2026-08-09 11:06:28 | INFO | app.ai.backward_chaining:evaluate_goal:268 | Backward Chaining evaluated goal='PRIVILEGE_ESCALATION' proven=False conf=0.0000 in 0.04ms
2026-08-09 11:06:28 | INFO | app.ai.backward_chaining:evaluate_goal:268 | Backward Chaining evaluated goal='LATERAL_MOVEMENT' proven=False conf=0.0000 in 0.04ms
2026-08-09 11:06:28 | INFO | httpx._client:_send_single_request:1740 | HTTP Request: GET http://test/api/attack-path/1 "HTTP/1.1 200 OK"
2026-08-09 11:06:28 | INFO | app.ai.backward_chaining:evaluate_goal:268 | Backward Chaining evaluated goal='DATA_EXFILTRATION' proven=True conf=1.0000 in 0.01ms
2026-08-09 11:06:28 | INFO | app.ai.backward_chaining:evaluate_goal:268 | Backward Chaining evaluated goal='DATA_EXFILTRATION' proven=True conf=0.9500 in 0.04ms
2026-08-09 11:06:28 | INFO | app.ai.backward_chaining:evaluate_goal:268 | Backward Chaining evaluated goal='DATA_EXFILTRATION' proven=True conf=0.9120 in 0.04ms
2026-08-09 11:06:28 | INFO | app.ai.backward_chaining:evaluate_goal:268 | Backward Chaining evaluated goal='DATA_EXFILTRATION' proven=False conf=0.0000 in 0.03ms
2026-08-09 11:06:28 | INFO | app.ai.backward_chaining:evaluate_goal:268 | Backward Chaining evaluated goal='DATA_EXFILTRATION' proven=False conf=0.0000 in 0.02ms
2026-08-09 11:06:28 | WARNING | app.ai.backward_chaining:_prove_goal:298 | Circular rule cycle detected for goal='GOAL_A' at depth=3
2026-08-09 11:06:28 | INFO | app.ai.backward_chaining:evaluate_goal:268 | Backward Chaining evaluated goal='GOAL_A' proven=False conf=0.0000 in 0.40ms
2026-08-09 11:06:28 | INFO | app.ai.backward_chaining:evaluate_goal:268 | Backward Chaining evaluated goal='DATA_EXFILTRATION' proven=True conf=0.9500 in 0.04ms
2026-08-09 11:06:28 | INFO | app.ai.backward_chaining:evaluate_goal:268 | Backward Chaining evaluated goal='DATA_EXFILTRATION' proven=True conf=0.9000 in 0.04ms
2026-08-09 11:06:28 | INFO | app.ai.backward_chaining:evaluate_goal:268 | Backward Chaining evaluated goal='UNKNOWN_NONEXISTENT_GOAL' proven=False conf=0.0000 in 0.01ms
2026-08-09 11:06:28 | INFO | app.ai.backward_chaining:evaluate_goal:268 | Backward Chaining evaluated goal='DATA_EXFILTRATION' proven=False conf=0.0000 in 0.04ms
2026-08-09 11:06:28 | INFO | app.ai.backward_chaining:evaluate_goal:268 | Backward Chaining evaluated goal='N_0' proven=True conf=0.5987 in 0.09ms
2026-08-09 11:06:28 | WARNING | app.ai.backward_chaining:_prove_goal:291 | Backward chaining max depth limit reached at depth=11 for goal='NODE_10'
2026-08-09 11:06:28 | INFO | app.ai.backward_chaining:evaluate_goal:268 | Backward Chaining evaluated goal='NODE_0' proven=False conf=0.0000 in 0.68ms
2026-08-09 11:06:29 | INFO | app.ai.backward_chaining:evaluate_goal:268 | Backward Chaining evaluated goal='DATA_EXFILTRATION' proven=True conf=0.8361 in 0.04ms
2026-08-09 11:06:29 | INFO | httpx._client:_send_single_request:1740 | HTTP Request: POST http://test/api/v1/ai/backward-chaining/run "HTTP/1.1 200 OK"
2026-08-09 11:06:29 | INFO | app.ai.backward_chaining:evaluate_goal:268 | Backward Chaining evaluated goal='PRIVILEGE_ESCALATION' proven=False conf=0.0000 in 0.03ms
2026-08-09 11:06:29 | INFO | httpx._client:_send_single_request:1740 | HTTP Request: POST http://test/api/backward-chaining/evaluate/1?goal=PRIVILEGE_ESCALATION "HTTP/1.1 200 OK"
2026-08-09 11:06:29 | INFO | httpx._client:_send_single_request:1740 | HTTP Request: POST http://test/api/v1/ai/backward-chaining/run "HTTP/1.1 400 Bad Request"
2026-08-09 11:06:30 | INFO | httpx._client:_send_single_request:1740 | HTTP Request: POST http://test/api/cases/ "HTTP/1.1 201 Created"
2026-08-09 11:06:30 | INFO | httpx._client:_send_single_request:1740 | HTTP Request: GET http://test/api/cases/?search=Malware "HTTP/1.1 200 OK"
2026-08-09 11:06:31 | INFO | httpx._client:_send_single_request:1740 | HTTP Request: POST http://test/api/evidence/upload "HTTP/1.1 201 Created"
2026-08-09 11:06:31 | INFO | httpx._client:_send_single_request:1740 | HTTP Request: POST http://test/api/parser/parse/1 "HTTP/1.1 202 Accepted"
2026-08-09 11:06:31 | INFO | httpx._client:_send_single_request:1740 | HTTP Request: POST http://test/api/normalize/1 "HTTP/1.1 202 Accepted"
2026-08-09 11:06:31 | INFO | httpx._client:_send_single_request:1740 | HTTP Request: POST http://test/api/graph/build/1 "HTTP/1.1 202 Accepted"
2026-08-09 11:06:31 | INFO | httpx._client:_send_single_request:1740 | HTTP Request: POST http://test/api/csp/validate/1 "HTTP/1.1 202 Accepted"
2026-08-09 11:06:31 | INFO | httpx._client:_send_single_request:1740 | HTTP Request: GET http://test/api/csp/status/1 "HTTP/1.1 200 OK"
2026-08-09 11:06:31 | INFO | httpx._client:_send_single_request:1740 | HTTP Request: GET http://test/api/csp/results/1 "HTTP/1.1 200 OK"
2026-08-09 11:06:31 | INFO | httpx._client:_send_single_request:1740 | HTTP Request: POST http://test/api/evidence/upload "HTTP/1.1 201 Created"
2026-08-09 11:06:32 | INFO | httpx._client:_send_single_request:1740 | HTTP Request: POST http://test/api/evidence/upload "HTTP/1.1 400 Bad Request"
2026-08-09 11:06:33 | INFO | httpx._client:_send_single_request:1740 | HTTP Request: POST http://test/api/evidence/upload "HTTP/1.1 201 Created"
2026-08-09 11:06:33 | INFO | httpx._client:_send_single_request:1740 | HTTP Request: POST http://test/api/evidence/upload "HTTP/1.1 409 Conflict"
2026-08-09 11:06:33 | INFO | app.services.forward_chaining_service:run_forward_chaining:135 | Running Forward Chaining for Case ID 1 with 6 initial fact(s).
2026-08-09 11:06:33 | INFO | app.services.forward_chaining_service:run_forward_chaining:151 | Forward Chaining completed for Case ID 1 | Fired Rules: 2 | Derived Facts: 4 | Time: 0.079 ms
2026-08-09 11:06:33 | INFO | httpx._client:_send_single_request:1740 | HTTP Request: POST http://test/api/v1/ai/forward-chaining/run "HTTP/1.1 200 OK"
2026-08-09 11:06:33 | WARNING | app.services.forward_chaining_service:run_forward_chaining:49 | Forward Chaining failed: Case ID 999999 not found.
2026-08-09 11:06:33 | INFO | httpx._client:_send_single_request:1740 | HTTP Request: POST http://test/api/v1/ai/forward-chaining/run "HTTP/1.1 404 Not Found"
2026-08-09 11:06:34 | INFO | httpx._client:_send_single_request:1740 | HTTP Request: POST http://test/api/evidence/upload "HTTP/1.1 201 Created"
2026-08-09 11:06:34 | INFO | httpx._client:_send_single_request:1740 | HTTP Request: POST http://test/api/parser/parse/1 "HTTP/1.1 202 Accepted"
2026-08-09 11:06:34 | INFO | httpx._client:_send_single_request:1740 | HTTP Request: POST http://test/api/normalize/1 "HTTP/1.1 202 Accepted"
2026-08-09 11:06:34 | INFO | httpx._client:_send_single_request:1740 | HTTP Request: POST http://test/api/graph/build/1 "HTTP/1.1 202 Accepted"
2026-08-09 11:06:34 | INFO | httpx._client:_send_single_request:1740 | HTTP Request: GET http://test/api/graph/1 "HTTP/1.1 200 OK"
2026-08-09 11:06:34 | INFO | httpx._client:_send_single_request:1740 | HTTP Request: GET http://test/api/graph/statistics/1 "HTTP/1.1 200 OK"
2026-08-09 11:06:35 | INFO | httpx._client:_send_single_request:1740 | HTTP Request: POST http://test/api/evidence/upload "HTTP/1.1 201 Created"
2026-08-09 11:06:35 | INFO | httpx._client:_send_single_request:1740 | HTTP Request: POST http://test/api/parser/parse/1 "HTTP/1.1 202 Accepted"
2026-08-09 11:06:35 | INFO | httpx._client:_send_single_request:1740 | HTTP Request: POST http://test/api/normalize/1 "HTTP/1.1 202 Accepted"
2026-08-09 11:06:35 | INFO | httpx._client:_send_single_request:1740 | HTTP Request: GET http://test/api/normalized-events/1 "HTTP/1.1 200 OK"
2026-08-09 11:06:35 | INFO | httpx._client:_send_single_request:1740 | HTTP Request: POST http://test/api/evidence/upload "HTTP/1.1 201 Created"
2026-08-09 11:06:35 | INFO | httpx._client:_send_single_request:1740 | HTTP Request: POST http://test/api/parser/parse/1 "HTTP/1.1 202 Accepted"
2026-08-09 11:06:35 | INFO | httpx._client:_send_single_request:1740 | HTTP Request: GET http://test/api/parser/events/case/1 "HTTP/1.1 200 OK"
2026-08-09 11:06:36 | INFO | app.ai.backward_chaining:evaluate_goal:268 | Backward Chaining evaluated goal='DATA_EXFILTRATION' proven=False conf=0.0000 in 0.03ms
2026-08-09 11:06:36 | INFO | app.ai.backward_chaining:evaluate_goal:268 | Backward Chaining evaluated goal='PRIVILEGE_ESCALATION' proven=False conf=0.0000 in 0.02ms
2026-08-09 11:06:36 | INFO | app.ai.backward_chaining:evaluate_goal:268 | Backward Chaining evaluated goal='LATERAL_MOVEMENT' proven=False conf=0.0000 in 0.02ms
2026-08-09 11:06:36 | INFO | app.ai.backward_chaining:evaluate_goal:268 | Backward Chaining evaluated goal='PERSISTENCE' proven=False conf=0.0000 in 0.01ms
2026-08-09 11:06:36 | INFO | httpx._client:_send_single_request:1740 | HTTP Request: GET http://test/api/v1/cases/1/risk-score "HTTP/1.1 200 OK"
2026-08-09 11:06:36 | INFO | app.ai.backward_chaining:evaluate_goal:268 | Backward Chaining evaluated goal='DATA_EXFILTRATION' proven=False conf=0.0000 in 0.02ms
2026-08-09 11:06:36 | INFO | app.ai.backward_chaining:evaluate_goal:268 | Backward Chaining evaluated goal='PRIVILEGE_ESCALATION' proven=False conf=0.0000 in 0.02ms
2026-08-09 11:06:36 | INFO | app.ai.backward_chaining:evaluate_goal:268 | Backward Chaining evaluated goal='LATERAL_MOVEMENT' proven=False conf=0.0000 in 0.02ms
2026-08-09 11:06:36 | INFO | app.ai.backward_chaining:evaluate_goal:268 | Backward Chaining evaluated goal='PERSISTENCE' proven=False conf=0.0000 in 0.02ms
2026-08-09 11:06:36 | INFO | httpx._client:_send_single_request:1740 | HTTP Request: GET http://test/api/risk-score/1 "HTTP/1.1 200 OK"
2026-08-09 11:06:36 | INFO | app.ai.backward_chaining:evaluate_goal:268 | Backward Chaining evaluated goal='DATA_EXFILTRATION' proven=False conf=0.0000 in 0.02ms
2026-08-09 11:06:36 | INFO | app.ai.backward_chaining:evaluate_goal:268 | Backward Chaining evaluated goal='PRIVILEGE_ESCALATION' proven=False conf=0.0000 in 0.02ms
2026-08-09 11:06:36 | INFO | app.ai.backward_chaining:evaluate_goal:268 | Backward Chaining evaluated goal='LATERAL_MOVEMENT' proven=False conf=0.0000 in 0.02ms
2026-08-09 11:06:37 | INFO | app.ai.backward_chaining:evaluate_goal:268 | Backward Chaining evaluated goal='DATA_EXFILTRATION' proven=False conf=0.0000 in 0.02ms
2026-08-09 11:06:37 | INFO | app.ai.backward_chaining:evaluate_goal:268 | Backward Chaining evaluated goal='PRIVILEGE_ESCALATION' proven=False conf=0.0000 in 0.02ms
2026-08-09 11:06:37 | INFO | app.ai.backward_chaining:evaluate_goal:268 | Backward Chaining evaluated goal='LATERAL_MOVEMENT' proven=False conf=0.0000 in 0.02ms
2026-08-09 11:06:37 | INFO | app.ai.backward_chaining:evaluate_goal:268 | Backward Chaining evaluated goal='DATA_EXFILTRATION' proven=False conf=0.0000 in 0.02ms
2026-08-09 11:06:37 | INFO | app.ai.backward_chaining:evaluate_goal:268 | Backward Chaining evaluated goal='PRIVILEGE_ESCALATION' proven=False conf=0.0000 in 0.02ms
2026-08-09 11:06:37 | INFO | app.ai.backward_chaining:evaluate_goal:268 | Backward Chaining evaluated goal='LATERAL_MOVEMENT' proven=False conf=0.0000 in 0.02ms
2026-08-09 11:06:38 | INFO | app.ai.backward_chaining:evaluate_goal:268 | Backward Chaining evaluated goal='DATA_EXFILTRATION' proven=False conf=0.0000 in 0.02ms
2026-08-09 11:06:38 | INFO | app.ai.backward_chaining:evaluate_goal:268 | Backward Chaining evaluated goal='PRIVILEGE_ESCALATION' proven=False conf=0.0000 in 0.02ms
2026-08-09 11:06:38 | INFO | app.ai.backward_chaining:evaluate_goal:268 | Backward Chaining evaluated goal='LATERAL_MOVEMENT' proven=False conf=0.0000 in 0.02ms
2026-08-09 11:06:38 | INFO | app.ai.backward_chaining:evaluate_goal:268 | Backward Chaining evaluated goal='DATA_EXFILTRATION' proven=True conf=1.0000 in 0.00ms
2026-08-09 11:06:38 | INFO | app.ai.backward_chaining:evaluate_goal:268 | Backward Chaining evaluated goal='PRIVILEGE_ESCALATION' proven=False conf=0.0000 in 0.02ms
2026-08-09 11:06:38 | INFO | app.ai.backward_chaining:evaluate_goal:268 | Backward Chaining evaluated goal='LATERAL_MOVEMENT' proven=False conf=0.0000 in 0.02ms
2026-08-09 11:06:39 | INFO | app.ai.backward_chaining:evaluate_goal:268 | Backward Chaining evaluated goal='DATA_EXFILTRATION' proven=True conf=0.9120 in 0.03ms
2026-08-09 11:06:39 | INFO | app.ai.backward_chaining:evaluate_goal:268 | Backward Chaining evaluated goal='PRIVILEGE_ESCALATION' proven=False conf=0.0000 in 0.02ms
2026-08-09 11:06:39 | INFO | app.ai.backward_chaining:evaluate_goal:268 | Backward Chaining evaluated goal='LATERAL_MOVEMENT' proven=False conf=0.0000 in 0.02ms
2026-08-09 11:06:39 | INFO | app.ai.backward_chaining:evaluate_goal:268 | Backward Chaining evaluated goal='DATA_EXFILTRATION' proven=False conf=0.0000 in 0.02ms
2026-08-09 11:06:39 | INFO | app.ai.backward_chaining:evaluate_goal:268 | Backward Chaining evaluated goal='PRIVILEGE_ESCALATION' proven=False conf=0.0000 in 0.02ms
2026-08-09 11:06:39 | INFO | app.ai.backward_chaining:evaluate_goal:268 | Backward Chaining evaluated goal='LATERAL_MOVEMENT' proven=False conf=0.0000 in 0.02ms
2026-08-09 11:06:40 | INFO | app.ai.backward_chaining:evaluate_goal:268 | Backward Chaining evaluated goal='DATA_EXFILTRATION' proven=False conf=0.0000 in 0.02ms
2026-08-09 11:06:40 | INFO | app.ai.backward_chaining:evaluate_goal:268 | Backward Chaining evaluated goal='PRIVILEGE_ESCALATION' proven=False conf=0.0000 in 0.02ms
2026-08-09 11:06:40 | INFO | app.ai.backward_chaining:evaluate_goal:268 | Backward Chaining evaluated goal='LATERAL_MOVEMENT' proven=False conf=0.0000 in 0.02ms
2026-08-09 11:06:40 | INFO | app.ai.backward_chaining:evaluate_goal:268 | Backward Chaining evaluated goal='DATA_EXFILTRATION' proven=False conf=0.0000 in 0.03ms
2026-08-09 11:06:40 | INFO | app.ai.backward_chaining:evaluate_goal:268 | Backward Chaining evaluated goal='PRIVILEGE_ESCALATION' proven=False conf=0.0000 in 0.05ms
2026-08-09 11:06:40 | INFO | app.ai.backward_chaining:evaluate_goal:268 | Backward Chaining evaluated goal='LATERAL_MOVEMENT' proven=False conf=0.0000 in 0.05ms
2026-08-09 11:06:40 | INFO | httpx._client:_send_single_request:1740 | HTTP Request: GET http://test/api/v1/cases/1/timeline "HTTP/1.1 200 OK"
2026-08-09 11:06:40 | INFO | app.ai.backward_chaining:evaluate_goal:268 | Backward Chaining evaluated goal='DATA_EXFILTRATION' proven=False conf=0.0000 in 0.02ms
2026-08-09 11:06:40 | INFO | app.ai.backward_chaining:evaluate_goal:268 | Backward Chaining evaluated goal='PRIVILEGE_ESCALATION' proven=False conf=0.0000 in 0.03ms
2026-08-09 11:06:40 | INFO | app.ai.backward_chaining:evaluate_goal:268 | Backward Chaining evaluated goal='LATERAL_MOVEMENT' proven=False conf=0.0000 in 0.03ms
2026-08-09 11:06:40 | INFO | httpx._client:_send_single_request:1740 | HTTP Request: GET http://test/api/timeline/1 "HTTP/1.1 200 OK"
2026-08-09 11:06:40 | INFO | app.ai.backward_chaining:evaluate_goal:268 | Backward Chaining evaluated goal='DATA_EXFILTRATION' proven=False conf=0.0000 in 0.03ms
2026-08-09 11:06:40 | INFO | app.ai.backward_chaining:evaluate_goal:268 | Backward Chaining evaluated goal='PRIVILEGE_ESCALATION' proven=False conf=0.0000 in 0.04ms
2026-08-09 11:06:40 | INFO | app.ai.backward_chaining:evaluate_goal:268 | Backward Chaining evaluated goal='LATERAL_MOVEMENT' proven=False conf=0.0000 in 0.04ms
2026-08-09 11:06:40 | INFO | httpx._client:_send_single_request:1740 | HTTP Request: GET http://test/api/timeline/1/suspicious "HTTP/1.1 200 OK"
2026-08-09 11:06:41 | INFO | app.services.ucs_service:run_ucs:104 | Executing UCS for Case ID 1 | Start: 'login' | Goal: 'usb_remove'
2026-08-09 11:06:41 | INFO | app.services.ucs_service:run_ucs:124 | UCS Search Succeeded | Case ID: 1 | Start: 'login' | Goal: 'usb_remove' | Visited Nodes: 4 | Total Cost: 3.0000 | Time: 0.015 ms
2026-08-09 11:06:41 | INFO | httpx._client:_send_single_request:1740 | HTTP Request: POST http://test/api/v1/ai/ucs/run "HTTP/1.1 200 OK"
2026-08-09 11:06:41 | INFO | app.services.ucs_service:run_ucs:104 | Executing UCS for Case ID 1 | Start: 'login' | Goal: 'isolated_exfil'
2026-08-09 11:06:41 | WARNING | app.services.ucs_service:run_ucs:114 | UCS search completed: No path found between 'login' and 'isolated_exfil' in Case ID 1. Explored 5 nodes.
2026-08-09 11:06:41 | INFO | httpx._client:_send_single_request:1740 | HTTP Request: POST http://test/api/v1/ai/ucs/run "HTTP/1.1 400 Bad Request"
2026-08-09 11:06:41 | WARNING | app.services.ucs_service:run_ucs:74 | UCS failed: Start node 'non_existent_start' not found in Case 1.
2026-08-09 11:06:41 | INFO | httpx._client:_send_single_request:1740 | HTTP Request: POST http://test/api/v1/ai/ucs/run "HTTP/1.1 404 Not Found"
2026-08-09 11:06:42 | WARNING | app.services.ucs_service:run_ucs:83 | UCS failed: Goal node 'non_existent_goal' not found in Case 1.
2026-08-09 11:06:42 | INFO | httpx._client:_send_single_request:1740 | HTTP Request: POST http://test/api/v1/ai/ucs/run "HTTP/1.1 404 Not Found"
2026-08-09 11:06:42 | WARNING | app.services.ucs_service:run_ucs:48 | UCS failed: Case ID 999999 not found.
2026-08-09 11:06:42 | INFO | httpx._client:_send_single_request:1740 | HTTP Request: POST http://test/api/v1/ai/ucs/run "HTTP/1.1 404 Not Found"
2026-08-09 11:08:59 | INFO | app.core.logging:setup_logging:54 | Logging initialized | env=development | debug=True
2026-08-09 11:09:00 | INFO | app.ai.backward_chaining:evaluate_goal:268 | Backward Chaining evaluated goal='DATA_EXFILTRATION' proven=False conf=0.0000 in 0.03ms
2026-08-09 11:09:00 | INFO | app.ai.backward_chaining:evaluate_goal:268 | Backward Chaining evaluated goal='PRIVILEGE_ESCALATION' proven=False conf=0.0000 in 0.02ms
2026-08-09 11:09:00 | INFO | app.ai.backward_chaining:evaluate_goal:268 | Backward Chaining evaluated goal='LATERAL_MOVEMENT' proven=False conf=0.0000 in 0.02ms
2026-08-09 11:09:00 | INFO | app.ai.backward_chaining:evaluate_goal:268 | Backward Chaining evaluated goal='DATA_EXFILTRATION' proven=False conf=0.0000 in 0.02ms
2026-08-09 11:09:00 | INFO | app.ai.backward_chaining:evaluate_goal:268 | Backward Chaining evaluated goal='PRIVILEGE_ESCALATION' proven=False conf=0.0000 in 0.02ms
2026-08-09 11:09:00 | INFO | app.ai.backward_chaining:evaluate_goal:268 | Backward Chaining evaluated goal='LATERAL_MOVEMENT' proven=False conf=0.0000 in 0.02ms
2026-08-09 11:09:00 | INFO | app.ai.backward_chaining:evaluate_goal:268 | Backward Chaining evaluated goal='PERSISTENCE' proven=False conf=0.0000 in 0.02ms
2026-08-09 11:09:00 | INFO | app.ai.backward_chaining:evaluate_goal:268 | Backward Chaining evaluated goal='DATA_EXFILTRATION' proven=False conf=0.0000 in 0.02ms
2026-08-09 11:09:00 | INFO | app.ai.backward_chaining:evaluate_goal:268 | Backward Chaining evaluated goal='PRIVILEGE_ESCALATION' proven=False conf=0.0000 in 0.02ms
2026-08-09 11:09:00 | INFO | app.ai.backward_chaining:evaluate_goal:268 | Backward Chaining evaluated goal='LATERAL_MOVEMENT' proven=False conf=0.0000 in 0.02ms
2026-08-09 11:09:00 | INFO | app.ai.backward_chaining:evaluate_goal:268 | Backward Chaining evaluated goal='DATA_EXFILTRATION' proven=False conf=0.0000 in 0.02ms
2026-08-09 11:09:00 | INFO | app.ai.backward_chaining:evaluate_goal:268 | Backward Chaining evaluated goal='PRIVILEGE_ESCALATION' proven=False conf=0.0000 in 0.02ms
2026-08-09 11:09:00 | INFO | app.ai.backward_chaining:evaluate_goal:268 | Backward Chaining evaluated goal='LATERAL_MOVEMENT' proven=False conf=0.0000 in 0.02ms
2026-08-09 11:09:00 | INFO | httpx._client:_send_single_request:1740 | HTTP Request: GET http://test/api/v1/cases/1/investigation-summary "HTTP/1.1 200 OK"
2026-08-09 11:09:00 | INFO | app.ai.backward_chaining:evaluate_goal:268 | Backward Chaining evaluated goal='DATA_EXFILTRATION' proven=False conf=0.0000 in 0.02ms
2026-08-09 11:09:00 | INFO | app.ai.backward_chaining:evaluate_goal:268 | Backward Chaining evaluated goal='PRIVILEGE_ESCALATION' proven=False conf=0.0000 in 0.02ms
2026-08-09 11:09:00 | INFO | app.ai.backward_chaining:evaluate_goal:268 | Backward Chaining evaluated goal='LATERAL_MOVEMENT' proven=False conf=0.0000 in 0.02ms
2026-08-09 11:09:00 | INFO | app.ai.backward_chaining:evaluate_goal:268 | Backward Chaining evaluated goal='DATA_EXFILTRATION' proven=False conf=0.0000 in 0.02ms
2026-08-09 11:09:00 | INFO | app.ai.backward_chaining:evaluate_goal:268 | Backward Chaining evaluated goal='PRIVILEGE_ESCALATION' proven=False conf=0.0000 in 0.02ms
2026-08-09 11:09:00 | INFO | app.ai.backward_chaining:evaluate_goal:268 | Backward Chaining evaluated goal='LATERAL_MOVEMENT' proven=False conf=0.0000 in 0.02ms
2026-08-09 11:09:00 | INFO | app.ai.backward_chaining:evaluate_goal:268 | Backward Chaining evaluated goal='PERSISTENCE' proven=False conf=0.0000 in 0.03ms
2026-08-09 11:09:00 | INFO | app.ai.backward_chaining:evaluate_goal:268 | Backward Chaining evaluated goal='DATA_EXFILTRATION' proven=False conf=0.0000 in 0.02ms
2026-08-09 11:09:00 | INFO | app.ai.backward_chaining:evaluate_goal:268 | Backward Chaining evaluated goal='PRIVILEGE_ESCALATION' proven=False conf=0.0000 in 0.02ms
2026-08-09 11:09:00 | INFO | app.ai.backward_chaining:evaluate_goal:268 | Backward Chaining evaluated goal='LATERAL_MOVEMENT' proven=False conf=0.0000 in 0.02ms
2026-08-09 11:09:00 | INFO | app.ai.backward_chaining:evaluate_goal:268 | Backward Chaining evaluated goal='DATA_EXFILTRATION' proven=False conf=0.0000 in 0.01ms
2026-08-09 11:09:00 | INFO | app.ai.backward_chaining:evaluate_goal:268 | Backward Chaining evaluated goal='PRIVILEGE_ESCALATION' proven=False conf=0.0000 in 0.05ms
2026-08-09 11:09:00 | INFO | app.ai.backward_chaining:evaluate_goal:268 | Backward Chaining evaluated goal='LATERAL_MOVEMENT' proven=False conf=0.0000 in 0.02ms
2026-08-09 11:09:00 | INFO | httpx._client:_send_single_request:1740 | HTTP Request: GET http://test/api/investigation-summary/1 "HTTP/1.1 200 OK"
2026-08-09 11:09:16 | INFO | app.core.logging:setup_logging:54 | Logging initialized | env=development | debug=True
2026-08-09 11:09:16 | INFO | app.services.astar_service:run_astar:110 | Executing A* Search for Case ID 1 | Start: 'login' | Goal: 'usb_remove'
2026-08-09 11:09:16 | INFO | app.services.astar_service:run_astar:130 | A* Search Succeeded | Case ID: 1 | Start: 'login' | Goal: 'usb_remove' | Visited Nodes: 4 | Total Cost: 3.0000 | Heuristic Cost: 1.0000 | Time: 0.016 ms
2026-08-09 11:09:16 | INFO | httpx._client:_send_single_request:1740 | HTTP Request: POST http://test/api/v1/ai/astar/run "HTTP/1.1 200 OK"
2026-08-09 11:09:17 | INFO | app.services.astar_service:run_astar:110 | Executing A* Search for Case ID 1 | Start: 'login' | Goal: 'isolated_exfil'
2026-08-09 11:09:17 | WARNING | app.services.astar_service:run_astar:120 | A* Search completed: No path found between 'login' and 'isolated_exfil' in Case ID 1. Visited 5 nodes.
2026-08-09 11:09:17 | INFO | httpx._client:_send_single_request:1740 | HTTP Request: POST http://test/api/v1/ai/astar/run "HTTP/1.1 400 Bad Request"
2026-08-09 11:09:17 | WARNING | app.services.astar_service:run_astar:81 | A* Search failed: Start node 'non_existent_start' not found in Case 1.
2026-08-09 11:09:17 | INFO | httpx._client:_send_single_request:1740 | HTTP Request: POST http://test/api/v1/ai/astar/run "HTTP/1.1 404 Not Found"
2026-08-09 11:09:17 | WARNING | app.services.astar_service:run_astar:89 | A* Search failed: Goal node 'non_existent_goal' not found in Case 1.
2026-08-09 11:09:17 | INFO | httpx._client:_send_single_request:1740 | HTTP Request: POST http://test/api/v1/ai/astar/run "HTTP/1.1 404 Not Found"
2026-08-09 11:09:18 | WARNING | app.services.astar_service:run_astar:49 | A* Search failed: Case ID 999999 not found.
2026-08-09 11:09:18 | INFO | httpx._client:_send_single_request:1740 | HTTP Request: POST http://test/api/v1/ai/astar/run "HTTP/1.1 404 Not Found"
2026-08-09 11:09:18 | INFO | app.ai.backward_chaining:evaluate_goal:268 | Backward Chaining evaluated goal='DATA_EXFILTRATION' proven=False conf=0.0000 in 0.04ms
2026-08-09 11:09:18 | INFO | app.ai.backward_chaining:evaluate_goal:268 | Backward Chaining evaluated goal='PRIVILEGE_ESCALATION' proven=False conf=0.0000 in 0.04ms
2026-08-09 11:09:18 | INFO | app.ai.backward_chaining:evaluate_goal:268 | Backward Chaining evaluated goal='LATERAL_MOVEMENT' proven=False conf=0.0000 in 0.04ms
2026-08-09 11:09:18 | INFO | app.ai.backward_chaining:evaluate_goal:268 | Backward Chaining evaluated goal='DATA_EXFILTRATION' proven=False conf=0.0000 in 0.02ms
2026-08-09 11:09:18 | INFO | app.ai.backward_chaining:evaluate_goal:268 | Backward Chaining evaluated goal='PRIVILEGE_ESCALATION' proven=False conf=0.0000 in 0.03ms
2026-08-09 11:09:18 | INFO | app.ai.backward_chaining:evaluate_goal:268 | Backward Chaining evaluated goal='LATERAL_MOVEMENT' proven=False conf=0.0000 in 0.03ms
2026-08-09 11:09:18 | INFO | httpx._client:_send_single_request:1740 | HTTP Request: GET http://test/api/v1/cases/1/attack-path "HTTP/1.1 200 OK"
2026-08-09 11:09:18 | INFO | app.ai.backward_chaining:evaluate_goal:268 | Backward Chaining evaluated goal='DATA_EXFILTRATION' proven=False conf=0.0000 in 0.02ms
2026-08-09 11:09:18 | INFO | app.ai.backward_chaining:evaluate_goal:268 | Backward Chaining evaluated goal='PRIVILEGE_ESCALATION' proven=False conf=0.0000 in 0.03ms
2026-08-09 11:09:18 | INFO | app.ai.backward_chaining:evaluate_goal:268 | Backward Chaining evaluated goal='LATERAL_MOVEMENT' proven=False conf=0.0000 in 0.02ms
2026-08-09 11:09:18 | INFO | app.ai.backward_chaining:evaluate_goal:268 | Backward Chaining evaluated goal='DATA_EXFILTRATION' proven=False conf=0.0000 in 0.02ms
2026-08-09 11:09:18 | INFO | app.ai.backward_chaining:evaluate_goal:268 | Backward Chaining evaluated goal='PRIVILEGE_ESCALATION' proven=False conf=0.0000 in 0.02ms
2026-08-09 11:09:18 | INFO | app.ai.backward_chaining:evaluate_goal:268 | Backward Chaining evaluated goal='LATERAL_MOVEMENT' proven=False conf=0.0000 in 0.02ms
2026-08-09 11:09:18 | INFO | httpx._client:_send_single_request:1740 | HTTP Request: GET http://test/api/v1/cases/1/attack-paths "HTTP/1.1 200 OK"
2026-08-09 11:09:18 | INFO | app.ai.backward_chaining:evaluate_goal:268 | Backward Chaining evaluated goal='DATA_EXFILTRATION' proven=False conf=0.0000 in 0.02ms
2026-08-09 11:09:18 | INFO | app.ai.backward_chaining:evaluate_goal:268 | Backward Chaining evaluated goal='PRIVILEGE_ESCALATION' proven=False conf=0.0000 in 0.02ms
2026-08-09 11:09:18 | INFO | app.ai.backward_chaining:evaluate_goal:268 | Backward Chaining evaluated goal='LATERAL_MOVEMENT' proven=False conf=0.0000 in 0.02ms
2026-08-09 11:09:18 | INFO | app.ai.backward_chaining:evaluate_goal:268 | Backward Chaining evaluated goal='DATA_EXFILTRATION' proven=False conf=0.0000 in 0.03ms
2026-08-09 11:09:18 | INFO | app.ai.backward_chaining:evaluate_goal:268 | Backward Chaining evaluated goal='PRIVILEGE_ESCALATION' proven=False conf=0.0000 in 0.03ms
2026-08-09 11:09:18 | INFO | app.ai.backward_chaining:evaluate_goal:268 | Backward Chaining evaluated goal='LATERAL_MOVEMENT' proven=False conf=0.0000 in 0.03ms
2026-08-09 11:09:18 | INFO | httpx._client:_send_single_request:1740 | HTTP Request: GET http://test/api/attack-path/1 "HTTP/1.1 200 OK"
2026-08-09 11:09:18 | INFO | app.ai.backward_chaining:evaluate_goal:268 | Backward Chaining evaluated goal='DATA_EXFILTRATION' proven=True conf=1.0000 in 0.01ms
2026-08-09 11:09:18 | INFO | app.ai.backward_chaining:evaluate_goal:268 | Backward Chaining evaluated goal='DATA_EXFILTRATION' proven=True conf=0.9500 in 0.04ms
2026-08-09 11:09:18 | INFO | app.ai.backward_chaining:evaluate_goal:268 | Backward Chaining evaluated goal='DATA_EXFILTRATION' proven=True conf=0.9120 in 0.05ms
2026-08-09 11:09:18 | INFO | app.ai.backward_chaining:evaluate_goal:268 | Backward Chaining evaluated goal='DATA_EXFILTRATION' proven=False conf=0.0000 in 0.03ms
2026-08-09 11:09:18 | INFO | app.ai.backward_chaining:evaluate_goal:268 | Backward Chaining evaluated goal='DATA_EXFILTRATION' proven=False conf=0.0000 in 0.03ms
2026-08-09 11:09:18 | WARNING | app.ai.backward_chaining:_prove_goal:298 | Circular rule cycle detected for goal='GOAL_A' at depth=3
2026-08-09 11:09:18 | INFO | app.ai.backward_chaining:evaluate_goal:268 | Backward Chaining evaluated goal='GOAL_A' proven=False conf=0.0000 in 0.57ms
2026-08-09 11:09:18 | INFO | app.ai.backward_chaining:evaluate_goal:268 | Backward Chaining evaluated goal='DATA_EXFILTRATION' proven=True conf=0.9500 in 0.03ms
2026-08-09 11:09:18 | INFO | app.ai.backward_chaining:evaluate_goal:268 | Backward Chaining evaluated goal='DATA_EXFILTRATION' proven=True conf=0.9000 in 0.05ms
2026-08-09 11:09:18 | INFO | app.ai.backward_chaining:evaluate_goal:268 | Backward Chaining evaluated goal='UNKNOWN_NONEXISTENT_GOAL' proven=False conf=0.0000 in 0.01ms
2026-08-09 11:09:18 | INFO | app.ai.backward_chaining:evaluate_goal:268 | Backward Chaining evaluated goal='DATA_EXFILTRATION' proven=False conf=0.0000 in 0.04ms
2026-08-09 11:09:18 | INFO | app.ai.backward_chaining:evaluate_goal:268 | Backward Chaining evaluated goal='N_0' proven=True conf=0.5987 in 0.09ms
2026-08-09 11:09:18 | WARNING | app.ai.backward_chaining:_prove_goal:291 | Backward chaining max depth limit reached at depth=11 for goal='NODE_10'
2026-08-09 11:09:18 | INFO | app.ai.backward_chaining:evaluate_goal:268 | Backward Chaining evaluated goal='NODE_0' proven=False conf=0.0000 in 0.57ms
2026-08-09 11:09:19 | INFO | app.ai.backward_chaining:evaluate_goal:268 | Backward Chaining evaluated goal='DATA_EXFILTRATION' proven=True conf=0.8361 in 0.06ms
2026-08-09 11:09:19 | INFO | httpx._client:_send_single_request:1740 | HTTP Request: POST http://test/api/v1/ai/backward-chaining/run "HTTP/1.1 200 OK"
2026-08-09 11:09:19 | INFO | app.ai.backward_chaining:evaluate_goal:268 | Backward Chaining evaluated goal='PRIVILEGE_ESCALATION' proven=False conf=0.0000 in 0.02ms
2026-08-09 11:09:19 | INFO | httpx._client:_send_single_request:1740 | HTTP Request: POST http://test/api/backward-chaining/evaluate/1?goal=PRIVILEGE_ESCALATION "HTTP/1.1 200 OK"
2026-08-09 11:09:19 | INFO | httpx._client:_send_single_request:1740 | HTTP Request: POST http://test/api/v1/ai/backward-chaining/run "HTTP/1.1 400 Bad Request"
2026-08-09 11:09:20 | INFO | httpx._client:_send_single_request:1740 | HTTP Request: POST http://test/api/cases/ "HTTP/1.1 201 Created"
2026-08-09 11:09:20 | INFO | httpx._client:_send_single_request:1740 | HTTP Request: GET http://test/api/cases/?search=Malware "HTTP/1.1 200 OK"
2026-08-09 11:09:21 | INFO | httpx._client:_send_single_request:1740 | HTTP Request: POST http://test/api/evidence/upload "HTTP/1.1 201 Created"
2026-08-09 11:09:21 | INFO | httpx._client:_send_single_request:1740 | HTTP Request: POST http://test/api/parser/parse/1 "HTTP/1.1 202 Accepted"
2026-08-09 11:09:21 | INFO | httpx._client:_send_single_request:1740 | HTTP Request: POST http://test/api/normalize/1 "HTTP/1.1 202 Accepted"
2026-08-09 11:09:21 | INFO | httpx._client:_send_single_request:1740 | HTTP Request: POST http://test/api/graph/build/1 "HTTP/1.1 202 Accepted"
2026-08-09 11:09:21 | INFO | httpx._client:_send_single_request:1740 | HTTP Request: POST http://test/api/csp/validate/1 "HTTP/1.1 202 Accepted"
2026-08-09 11:09:21 | INFO | httpx._client:_send_single_request:1740 | HTTP Request: GET http://test/api/csp/status/1 "HTTP/1.1 200 OK"
2026-08-09 11:09:21 | INFO | httpx._client:_send_single_request:1740 | HTTP Request: GET http://test/api/csp/results/1 "HTTP/1.1 200 OK"
2026-08-09 11:09:22 | INFO | httpx._client:_send_single_request:1740 | HTTP Request: POST http://test/api/evidence/upload "HTTP/1.1 201 Created"
2026-08-09 11:09:22 | INFO | httpx._client:_send_single_request:1740 | HTTP Request: POST http://test/api/evidence/upload "HTTP/1.1 400 Bad Request"
2026-08-09 11:09:23 | INFO | httpx._client:_send_single_request:1740 | HTTP Request: POST http://test/api/evidence/upload "HTTP/1.1 201 Created"
2026-08-09 11:09:23 | INFO | httpx._client:_send_single_request:1740 | HTTP Request: POST http://test/api/evidence/upload "HTTP/1.1 409 Conflict"
2026-08-09 11:09:23 | INFO | app.services.forward_chaining_service:run_forward_chaining:135 | Running Forward Chaining for Case ID 1 with 6 initial fact(s).
2026-08-09 11:09:23 | INFO | app.services.forward_chaining_service:run_forward_chaining:151 | Forward Chaining completed for Case ID 1 | Fired Rules: 2 | Derived Facts: 4 | Time: 0.037 ms
2026-08-09 11:09:23 | INFO | httpx._client:_send_single_request:1740 | HTTP Request: POST http://test/api/v1/ai/forward-chaining/run "HTTP/1.1 200 OK"
2026-08-09 11:09:23 | WARNING | app.services.forward_chaining_service:run_forward_chaining:49 | Forward Chaining failed: Case ID 999999 not found.
2026-08-09 11:09:23 | INFO | httpx._client:_send_single_request:1740 | HTTP Request: POST http://test/api/v1/ai/forward-chaining/run "HTTP/1.1 404 Not Found"
2026-08-09 11:09:24 | INFO | httpx._client:_send_single_request:1740 | HTTP Request: POST http://test/api/evidence/upload "HTTP/1.1 201 Created"
2026-08-09 11:09:24 | INFO | httpx._client:_send_single_request:1740 | HTTP Request: POST http://test/api/parser/parse/1 "HTTP/1.1 202 Accepted"
2026-08-09 11:09:24 | INFO | httpx._client:_send_single_request:1740 | HTTP Request: POST http://test/api/normalize/1 "HTTP/1.1 202 Accepted"
2026-08-09 11:09:24 | INFO | httpx._client:_send_single_request:1740 | HTTP Request: POST http://test/api/graph/build/1 "HTTP/1.1 202 Accepted"
2026-08-09 11:09:24 | INFO | httpx._client:_send_single_request:1740 | HTTP Request: GET http://test/api/graph/1 "HTTP/1.1 200 OK"
2026-08-09 11:09:24 | INFO | httpx._client:_send_single_request:1740 | HTTP Request: GET http://test/api/graph/statistics/1 "HTTP/1.1 200 OK"
2026-08-09 11:09:24 | INFO | app.ai.backward_chaining:evaluate_goal:268 | Backward Chaining evaluated goal='DATA_EXFILTRATION' proven=False conf=0.0000 in 0.02ms
2026-08-09 11:09:24 | INFO | app.ai.backward_chaining:evaluate_goal:268 | Backward Chaining evaluated goal='PRIVILEGE_ESCALATION' proven=False conf=0.0000 in 0.03ms
2026-08-09 11:09:24 | INFO | app.ai.backward_chaining:evaluate_goal:268 | Backward Chaining evaluated goal='LATERAL_MOVEMENT' proven=False conf=0.0000 in 0.02ms
2026-08-09 11:09:24 | INFO | app.ai.backward_chaining:evaluate_goal:268 | Backward Chaining evaluated goal='DATA_EXFILTRATION' proven=False conf=0.0000 in 0.02ms
2026-08-09 11:09:24 | INFO | app.ai.backward_chaining:evaluate_goal:268 | Backward Chaining evaluated goal='PRIVILEGE_ESCALATION' proven=False conf=0.0000 in 0.03ms
2026-08-09 11:09:24 | INFO | app.ai.backward_chaining:evaluate_goal:268 | Backward Chaining evaluated goal='LATERAL_MOVEMENT' proven=False conf=0.0000 in 0.02ms
2026-08-09 11:09:24 | INFO | app.ai.backward_chaining:evaluate_goal:268 | Backward Chaining evaluated goal='PERSISTENCE' proven=False conf=0.0000 in 0.02ms
2026-08-09 11:09:24 | INFO | app.ai.backward_chaining:evaluate_goal:268 | Backward Chaining evaluated goal='DATA_EXFILTRATION' proven=False conf=0.0000 in 0.02ms
2026-08-09 11:09:24 | INFO | app.ai.backward_chaining:evaluate_goal:268 | Backward Chaining evaluated goal='PRIVILEGE_ESCALATION' proven=False conf=0.0000 in 0.02ms
2026-08-09 11:09:24 | INFO | app.ai.backward_chaining:evaluate_goal:268 | Backward Chaining evaluated goal='LATERAL_MOVEMENT' proven=False conf=0.0000 in 0.05ms
2026-08-09 11:09:24 | INFO | app.ai.backward_chaining:evaluate_goal:268 | Backward Chaining evaluated goal='DATA_EXFILTRATION' proven=False conf=0.0000 in 0.02ms
2026-08-09 11:09:24 | INFO | app.ai.backward_chaining:evaluate_goal:268 | Backward Chaining evaluated goal='PRIVILEGE_ESCALATION' proven=False conf=0.0000 in 0.02ms
2026-08-09 11:09:24 | INFO | app.ai.backward_chaining:evaluate_goal:268 | Backward Chaining evaluated goal='LATERAL_MOVEMENT' proven=False conf=0.0000 in 0.02ms
2026-08-09 11:09:24 | INFO | httpx._client:_send_single_request:1740 | HTTP Request: GET http://test/api/v1/cases/1/investigation-summary "HTTP/1.1 200 OK"
2026-08-09 11:09:25 | INFO | app.ai.backward_chaining:evaluate_goal:268 | Backward Chaining evaluated goal='DATA_EXFILTRATION' proven=False conf=0.0000 in 0.02ms
2026-08-09 11:09:25 | INFO | app.ai.backward_chaining:evaluate_goal:268 | Backward Chaining evaluated goal='PRIVILEGE_ESCALATION' proven=False conf=0.0000 in 0.03ms
2026-08-09 11:09:25 | INFO | app.ai.backward_chaining:evaluate_goal:268 | Backward Chaining evaluated goal='LATERAL_MOVEMENT' proven=False conf=0.0000 in 0.03ms
2026-08-09 11:09:25 | INFO | app.ai.backward_chaining:evaluate_goal:268 | Backward Chaining evaluated goal='DATA_EXFILTRATION' proven=False conf=0.0000 in 0.02ms
2026-08-09 11:09:25 | INFO | app.ai.backward_chaining:evaluate_goal:268 | Backward Chaining evaluated goal='PRIVILEGE_ESCALATION' proven=False conf=0.0000 in 0.02ms
2026-08-09 11:09:25 | INFO | app.ai.backward_chaining:evaluate_goal:268 | Backward Chaining evaluated goal='LATERAL_MOVEMENT' proven=False conf=0.0000 in 0.02ms
2026-08-09 11:09:25 | INFO | app.ai.backward_chaining:evaluate_goal:268 | Backward Chaining evaluated goal='PERSISTENCE' proven=False conf=0.0000 in 0.02ms
2026-08-09 11:09:25 | INFO | app.ai.backward_chaining:evaluate_goal:268 | Backward Chaining evaluated goal='DATA_EXFILTRATION' proven=False conf=0.0000 in 0.02ms
2026-08-09 11:09:25 | INFO | app.ai.backward_chaining:evaluate_goal:268 | Backward Chaining evaluated goal='PRIVILEGE_ESCALATION' proven=False conf=0.0000 in 0.02ms
2026-08-09 11:09:25 | INFO | app.ai.backward_chaining:evaluate_goal:268 | Backward Chaining evaluated goal='LATERAL_MOVEMENT' proven=False conf=0.0000 in 0.02ms
2026-08-09 11:09:25 | INFO | app.ai.backward_chaining:evaluate_goal:268 | Backward Chaining evaluated goal='DATA_EXFILTRATION' proven=False conf=0.0000 in 0.02ms
2026-08-09 11:09:25 | INFO | app.ai.backward_chaining:evaluate_goal:268 | Backward Chaining evaluated goal='PRIVILEGE_ESCALATION' proven=False conf=0.0000 in 0.02ms
2026-08-09 11:09:25 | INFO | app.ai.backward_chaining:evaluate_goal:268 | Backward Chaining evaluated goal='LATERAL_MOVEMENT' proven=False conf=0.0000 in 0.02ms
2026-08-09 11:09:25 | INFO | httpx._client:_send_single_request:1740 | HTTP Request: GET http://test/api/investigation-summary/1 "HTTP/1.1 200 OK"
2026-08-09 11:09:25 | INFO | httpx._client:_send_single_request:1740 | HTTP Request: POST http://test/api/evidence/upload "HTTP/1.1 201 Created"
2026-08-09 11:09:25 | INFO | httpx._client:_send_single_request:1740 | HTTP Request: POST http://test/api/parser/parse/1 "HTTP/1.1 202 Accepted"
2026-08-09 11:09:25 | INFO | httpx._client:_send_single_request:1740 | HTTP Request: POST http://test/api/normalize/1 "HTTP/1.1 202 Accepted"
2026-08-09 11:09:25 | INFO | httpx._client:_send_single_request:1740 | HTTP Request: GET http://test/api/normalized-events/1 "HTTP/1.1 200 OK"
2026-08-09 11:09:26 | INFO | httpx._client:_send_single_request:1740 | HTTP Request: POST http://test/api/evidence/upload "HTTP/1.1 201 Created"
2026-08-09 11:09:26 | INFO | httpx._client:_send_single_request:1740 | HTTP Request: POST http://test/api/parser/parse/1 "HTTP/1.1 202 Accepted"
2026-08-09 11:09:26 | INFO | httpx._client:_send_single_request:1740 | HTTP Request: GET http://test/api/parser/events/case/1 "HTTP/1.1 200 OK"
2026-08-09 11:09:26 | INFO | app.ai.backward_chaining:evaluate_goal:268 | Backward Chaining evaluated goal='DATA_EXFILTRATION' proven=False conf=0.0000 in 0.04ms
2026-08-09 11:09:26 | INFO | app.ai.backward_chaining:evaluate_goal:268 | Backward Chaining evaluated goal='PRIVILEGE_ESCALATION' proven=False conf=0.0000 in 0.05ms
2026-08-09 11:09:26 | INFO | app.ai.backward_chaining:evaluate_goal:268 | Backward Chaining evaluated goal='LATERAL_MOVEMENT' proven=False conf=0.0000 in 0.07ms
2026-08-09 11:09:26 | INFO | app.ai.backward_chaining:evaluate_goal:268 | Backward Chaining evaluated goal='PERSISTENCE' proven=False conf=0.0000 in 0.04ms
2026-08-09 11:09:26 | INFO | httpx._client:_send_single_request:1740 | HTTP Request: GET http://test/api/v1/cases/1/risk-score "HTTP/1.1 200 OK"
2026-08-09 11:09:26 | INFO | app.ai.backward_chaining:evaluate_goal:268 | Backward Chaining evaluated goal='DATA_EXFILTRATION' proven=False conf=0.0000 in 0.04ms
2026-08-09 11:09:26 | INFO | app.ai.backward_chaining:evaluate_goal:268 | Backward Chaining evaluated goal='PRIVILEGE_ESCALATION' proven=False conf=0.0000 in 0.05ms
2026-08-09 11:09:26 | INFO | app.ai.backward_chaining:evaluate_goal:268 | Backward Chaining evaluated goal='LATERAL_MOVEMENT' proven=False conf=0.0000 in 0.05ms
2026-08-09 11:09:26 | INFO | app.ai.backward_chaining:evaluate_goal:268 | Backward Chaining evaluated goal='PERSISTENCE' proven=False conf=0.0000 in 0.04ms
2026-08-09 11:09:26 | INFO | httpx._client:_send_single_request:1740 | HTTP Request: GET http://test/api/risk-score/1 "HTTP/1.1 200 OK"
2026-08-09 11:09:27 | INFO | app.ai.backward_chaining:evaluate_goal:268 | Backward Chaining evaluated goal='DATA_EXFILTRATION' proven=False conf=0.0000 in 0.02ms
2026-08-09 11:09:27 | INFO | app.ai.backward_chaining:evaluate_goal:268 | Backward Chaining evaluated goal='PRIVILEGE_ESCALATION' proven=False conf=0.0000 in 0.02ms
2026-08-09 11:09:27 | INFO | app.ai.backward_chaining:evaluate_goal:268 | Backward Chaining evaluated goal='LATERAL_MOVEMENT' proven=False conf=0.0000 in 0.02ms
2026-08-09 11:09:28 | INFO | app.ai.backward_chaining:evaluate_goal:268 | Backward Chaining evaluated goal='DATA_EXFILTRATION' proven=False conf=0.0000 in 0.02ms
2026-08-09 11:09:28 | INFO | app.ai.backward_chaining:evaluate_goal:268 | Backward Chaining evaluated goal='PRIVILEGE_ESCALATION' proven=False conf=0.0000 in 0.02ms
2026-08-09 11:09:28 | INFO | app.ai.backward_chaining:evaluate_goal:268 | Backward Chaining evaluated goal='LATERAL_MOVEMENT' proven=False conf=0.0000 in 0.02ms
2026-08-09 11:09:28 | INFO | app.ai.backward_chaining:evaluate_goal:268 | Backward Chaining evaluated goal='DATA_EXFILTRATION' proven=False conf=0.0000 in 0.02ms
2026-08-09 11:09:28 | INFO | app.ai.backward_chaining:evaluate_goal:268 | Backward Chaining evaluated goal='PRIVILEGE_ESCALATION' proven=False conf=0.0000 in 0.03ms
2026-08-09 11:09:28 | INFO | app.ai.backward_chaining:evaluate_goal:268 | Backward Chaining evaluated goal='LATERAL_MOVEMENT' proven=False conf=0.0000 in 0.03ms
2026-08-09 11:09:28 | INFO | app.ai.backward_chaining:evaluate_goal:268 | Backward Chaining evaluated goal='DATA_EXFILTRATION' proven=False conf=0.0000 in 0.01ms
2026-08-09 11:09:28 | INFO | app.ai.backward_chaining:evaluate_goal:268 | Backward Chaining evaluated goal='PRIVILEGE_ESCALATION' proven=False conf=0.0000 in 0.02ms
2026-08-09 11:09:28 | INFO | app.ai.backward_chaining:evaluate_goal:268 | Backward Chaining evaluated goal='LATERAL_MOVEMENT' proven=False conf=0.0000 in 0.02ms
2026-08-09 11:09:29 | INFO | app.ai.backward_chaining:evaluate_goal:268 | Backward Chaining evaluated goal='DATA_EXFILTRATION' proven=True conf=1.0000 in 0.00ms
2026-08-09 11:09:29 | INFO | app.ai.backward_chaining:evaluate_goal:268 | Backward Chaining evaluated goal='PRIVILEGE_ESCALATION' proven=False conf=0.0000 in 0.03ms
2026-08-09 11:09:29 | INFO | app.ai.backward_chaining:evaluate_goal:268 | Backward Chaining evaluated goal='LATERAL_MOVEMENT' proven=False conf=0.0000 in 0.02ms
2026-08-09 11:09:29 | INFO | app.ai.backward_chaining:evaluate_goal:268 | Backward Chaining evaluated goal='DATA_EXFILTRATION' proven=True conf=0.9120 in 0.02ms
2026-08-09 11:09:29 | INFO | app.ai.backward_chaining:evaluate_goal:268 | Backward Chaining evaluated goal='PRIVILEGE_ESCALATION' proven=False conf=0.0000 in 0.02ms
2026-08-09 11:09:29 | INFO | app.ai.backward_chaining:evaluate_goal:268 | Backward Chaining evaluated goal='LATERAL_MOVEMENT' proven=False conf=0.0000 in 0.02ms
2026-08-09 11:09:30 | INFO | app.ai.backward_chaining:evaluate_goal:268 | Backward Chaining evaluated goal='DATA_EXFILTRATION' proven=False conf=0.0000 in 0.02ms
2026-08-09 11:09:30 | INFO | app.ai.backward_chaining:evaluate_goal:268 | Backward Chaining evaluated goal='PRIVILEGE_ESCALATION' proven=False conf=0.0000 in 0.02ms
2026-08-09 11:09:30 | INFO | app.ai.backward_chaining:evaluate_goal:268 | Backward Chaining evaluated goal='LATERAL_MOVEMENT' proven=False conf=0.0000 in 0.02ms
2026-08-09 11:09:30 | INFO | app.ai.backward_chaining:evaluate_goal:268 | Backward Chaining evaluated goal='DATA_EXFILTRATION' proven=False conf=0.0000 in 0.02ms
2026-08-09 11:09:30 | INFO | app.ai.backward_chaining:evaluate_goal:268 | Backward Chaining evaluated goal='PRIVILEGE_ESCALATION' proven=False conf=0.0000 in 0.02ms
2026-08-09 11:09:30 | INFO | app.ai.backward_chaining:evaluate_goal:268 | Backward Chaining evaluated goal='LATERAL_MOVEMENT' proven=False conf=0.0000 in 0.02ms
2026-08-09 11:09:31 | INFO | app.ai.backward_chaining:evaluate_goal:268 | Backward Chaining evaluated goal='DATA_EXFILTRATION' proven=False conf=0.0000 in 0.02ms
2026-08-09 11:09:31 | INFO | app.ai.backward_chaining:evaluate_goal:268 | Backward Chaining evaluated goal='PRIVILEGE_ESCALATION' proven=False conf=0.0000 in 0.02ms
2026-08-09 11:09:31 | INFO | app.ai.backward_chaining:evaluate_goal:268 | Backward Chaining evaluated goal='LATERAL_MOVEMENT' proven=False conf=0.0000 in 0.02ms
2026-08-09 11:09:31 | INFO | httpx._client:_send_single_request:1740 | HTTP Request: GET http://test/api/v1/cases/1/timeline "HTTP/1.1 200 OK"
2026-08-09 11:09:31 | INFO | app.ai.backward_chaining:evaluate_goal:268 | Backward Chaining evaluated goal='DATA_EXFILTRATION' proven=False conf=0.0000 in 0.02ms
2026-08-09 11:09:31 | INFO | app.ai.backward_chaining:evaluate_goal:268 | Backward Chaining evaluated goal='PRIVILEGE_ESCALATION' proven=False conf=0.0000 in 0.03ms
2026-08-09 11:09:31 | INFO | app.ai.backward_chaining:evaluate_goal:268 | Backward Chaining evaluated goal='LATERAL_MOVEMENT' proven=False conf=0.0000 in 0.03ms
2026-08-09 11:09:31 | INFO | httpx._client:_send_single_request:1740 | HTTP Request: GET http://test/api/timeline/1 "HTTP/1.1 200 OK"
2026-08-09 11:09:31 | INFO | app.ai.backward_chaining:evaluate_goal:268 | Backward Chaining evaluated goal='DATA_EXFILTRATION' proven=False conf=0.0000 in 0.02ms
2026-08-09 11:09:31 | INFO | app.ai.backward_chaining:evaluate_goal:268 | Backward Chaining evaluated goal='PRIVILEGE_ESCALATION' proven=False conf=0.0000 in 0.02ms
2026-08-09 11:09:31 | INFO | app.ai.backward_chaining:evaluate_goal:268 | Backward Chaining evaluated goal='LATERAL_MOVEMENT' proven=False conf=0.0000 in 0.02ms
2026-08-09 11:09:31 | INFO | httpx._client:_send_single_request:1740 | HTTP Request: GET http://test/api/timeline/1/suspicious "HTTP/1.1 200 OK"
2026-08-09 11:09:31 | INFO | app.services.ucs_service:run_ucs:104 | Executing UCS for Case ID 1 | Start: 'login' | Goal: 'usb_remove'
2026-08-09 11:09:31 | INFO | app.services.ucs_service:run_ucs:124 | UCS Search Succeeded | Case ID: 1 | Start: 'login' | Goal: 'usb_remove' | Visited Nodes: 4 | Total Cost: 3.0000 | Time: 0.010 ms
2026-08-09 11:09:31 | INFO | httpx._client:_send_single_request:1740 | HTTP Request: POST http://test/api/v1/ai/ucs/run "HTTP/1.1 200 OK"
2026-08-09 11:09:32 | INFO | app.services.ucs_service:run_ucs:104 | Executing UCS for Case ID 1 | Start: 'login' | Goal: 'isolated_exfil'
2026-08-09 11:09:32 | WARNING | app.services.ucs_service:run_ucs:114 | UCS search completed: No path found between 'login' and 'isolated_exfil' in Case ID 1. Explored 5 nodes.
2026-08-09 11:09:32 | INFO | httpx._client:_send_single_request:1740 | HTTP Request: POST http://test/api/v1/ai/ucs/run "HTTP/1.1 400 Bad Request"
2026-08-09 11:09:32 | WARNING | app.services.ucs_service:run_ucs:74 | UCS failed: Start node 'non_existent_start' not found in Case 1.
2026-08-09 11:09:32 | INFO | httpx._client:_send_single_request:1740 | HTTP Request: POST http://test/api/v1/ai/ucs/run "HTTP/1.1 404 Not Found"
2026-08-09 11:09:32 | WARNING | app.services.ucs_service:run_ucs:83 | UCS failed: Goal node 'non_existent_goal' not found in Case 1.
2026-08-09 11:09:32 | INFO | httpx._client:_send_single_request:1740 | HTTP Request: POST http://test/api/v1/ai/ucs/run "HTTP/1.1 404 Not Found"
2026-08-09 11:09:33 | WARNING | app.services.ucs_service:run_ucs:48 | UCS failed: Case ID 999999 not found.
2026-08-09 11:09:33 | INFO | httpx._client:_send_single_request:1740 | HTTP Request: POST http://test/api/v1/ai/ucs/run "HTTP/1.1 404 Not Found"
2026-08-09 11:11:27 | INFO | app.core.logging:setup_logging:54 | Logging initialized | env=development | debug=True
2026-08-09 11:11:27 | INFO | app.services.astar_service:run_astar:110 | Executing A* Search for Case ID 1 | Start: 'login' | Goal: 'usb_remove'
2026-08-09 11:11:27 | INFO | app.services.astar_service:run_astar:130 | A* Search Succeeded | Case ID: 1 | Start: 'login' | Goal: 'usb_remove' | Visited Nodes: 4 | Total Cost: 3.0000 | Heuristic Cost: 1.0000 | Time: 0.015 ms
2026-08-09 11:11:27 | INFO | httpx._client:_send_single_request:1740 | HTTP Request: POST http://test/api/v1/ai/astar/run "HTTP/1.1 200 OK"
2026-08-09 11:11:28 | INFO | app.services.astar_service:run_astar:110 | Executing A* Search for Case ID 1 | Start: 'login' | Goal: 'isolated_exfil'
2026-08-09 11:11:28 | WARNING | app.services.astar_service:run_astar:120 | A* Search completed: No path found between 'login' and 'isolated_exfil' in Case ID 1. Visited 5 nodes.
2026-08-09 11:11:28 | INFO | httpx._client:_send_single_request:1740 | HTTP Request: POST http://test/api/v1/ai/astar/run "HTTP/1.1 400 Bad Request"
2026-08-09 11:11:28 | WARNING | app.services.astar_service:run_astar:81 | A* Search failed: Start node 'non_existent_start' not found in Case 1.
2026-08-09 11:11:28 | INFO | httpx._client:_send_single_request:1740 | HTTP Request: POST http://test/api/v1/ai/astar/run "HTTP/1.1 404 Not Found"
2026-08-09 11:11:28 | WARNING | app.services.astar_service:run_astar:89 | A* Search failed: Goal node 'non_existent_goal' not found in Case 1.
2026-08-09 11:11:28 | INFO | httpx._client:_send_single_request:1740 | HTTP Request: POST http://test/api/v1/ai/astar/run "HTTP/1.1 404 Not Found"
2026-08-09 11:11:29 | WARNING | app.services.astar_service:run_astar:49 | A* Search failed: Case ID 999999 not found.
2026-08-09 11:11:29 | INFO | httpx._client:_send_single_request:1740 | HTTP Request: POST http://test/api/v1/ai/astar/run "HTTP/1.1 404 Not Found"
2026-08-09 11:11:29 | INFO | app.ai.backward_chaining:evaluate_goal:268 | Backward Chaining evaluated goal='DATA_EXFILTRATION' proven=False conf=0.0000 in 0.04ms
2026-08-09 11:11:29 | INFO | app.ai.backward_chaining:evaluate_goal:268 | Backward Chaining evaluated goal='PRIVILEGE_ESCALATION' proven=False conf=0.0000 in 0.03ms
2026-08-09 11:11:29 | INFO | app.ai.backward_chaining:evaluate_goal:268 | Backward Chaining evaluated goal='LATERAL_MOVEMENT' proven=False conf=0.0000 in 0.02ms
2026-08-09 11:11:29 | INFO | app.ai.backward_chaining:evaluate_goal:268 | Backward Chaining evaluated goal='DATA_EXFILTRATION' proven=False conf=0.0000 in 0.01ms
2026-08-09 11:11:29 | INFO | app.ai.backward_chaining:evaluate_goal:268 | Backward Chaining evaluated goal='PRIVILEGE_ESCALATION' proven=False conf=0.0000 in 0.03ms
2026-08-09 11:11:29 | INFO | app.ai.backward_chaining:evaluate_goal:268 | Backward Chaining evaluated goal='LATERAL_MOVEMENT' proven=False conf=0.0000 in 0.02ms
2026-08-09 11:11:29 | INFO | httpx._client:_send_single_request:1740 | HTTP Request: GET http://test/api/v1/cases/1/attack-path "HTTP/1.1 200 OK"
2026-08-09 11:11:29 | INFO | app.ai.backward_chaining:evaluate_goal:268 | Backward Chaining evaluated goal='DATA_EXFILTRATION' proven=False conf=0.0000 in 0.01ms
2026-08-09 11:11:29 | INFO | app.ai.backward_chaining:evaluate_goal:268 | Backward Chaining evaluated goal='PRIVILEGE_ESCALATION' proven=False conf=0.0000 in 0.02ms
2026-08-09 11:11:29 | INFO | app.ai.backward_chaining:evaluate_goal:268 | Backward Chaining evaluated goal='LATERAL_MOVEMENT' proven=False conf=0.0000 in 0.02ms
2026-08-09 11:11:29 | INFO | app.ai.backward_chaining:evaluate_goal:268 | Backward Chaining evaluated goal='DATA_EXFILTRATION' proven=False conf=0.0000 in 0.02ms
2026-08-09 11:11:29 | INFO | app.ai.backward_chaining:evaluate_goal:268 | Backward Chaining evaluated goal='PRIVILEGE_ESCALATION' proven=False conf=0.0000 in 0.03ms
2026-08-09 11:11:29 | INFO | app.ai.backward_chaining:evaluate_goal:268 | Backward Chaining evaluated goal='LATERAL_MOVEMENT' proven=False conf=0.0000 in 0.02ms
2026-08-09 11:11:29 | INFO | httpx._client:_send_single_request:1740 | HTTP Request: GET http://test/api/v1/cases/1/attack-paths "HTTP/1.1 200 OK"
2026-08-09 11:11:29 | INFO | app.ai.backward_chaining:evaluate_goal:268 | Backward Chaining evaluated goal='DATA_EXFILTRATION' proven=False conf=0.0000 in 0.02ms
2026-08-09 11:11:29 | INFO | app.ai.backward_chaining:evaluate_goal:268 | Backward Chaining evaluated goal='PRIVILEGE_ESCALATION' proven=False conf=0.0000 in 0.02ms
2026-08-09 11:11:29 | INFO | app.ai.backward_chaining:evaluate_goal:268 | Backward Chaining evaluated goal='LATERAL_MOVEMENT' proven=False conf=0.0000 in 0.02ms
2026-08-09 11:11:29 | INFO | app.ai.backward_chaining:evaluate_goal:268 | Backward Chaining evaluated goal='DATA_EXFILTRATION' proven=False conf=0.0000 in 0.02ms
2026-08-09 11:11:29 | INFO | app.ai.backward_chaining:evaluate_goal:268 | Backward Chaining evaluated goal='PRIVILEGE_ESCALATION' proven=False conf=0.0000 in 0.02ms
2026-08-09 11:11:29 | INFO | app.ai.backward_chaining:evaluate_goal:268 | Backward Chaining evaluated goal='LATERAL_MOVEMENT' proven=False conf=0.0000 in 0.02ms
2026-08-09 11:11:29 | INFO | httpx._client:_send_single_request:1740 | HTTP Request: GET http://test/api/attack-path/1 "HTTP/1.1 200 OK"
2026-08-09 11:11:29 | INFO | app.ai.backward_chaining:evaluate_goal:268 | Backward Chaining evaluated goal='DATA_EXFILTRATION' proven=True conf=1.0000 in 0.01ms
2026-08-09 11:11:29 | INFO | app.ai.backward_chaining:evaluate_goal:268 | Backward Chaining evaluated goal='DATA_EXFILTRATION' proven=True conf=0.9500 in 0.02ms
2026-08-09 11:11:29 | INFO | app.ai.backward_chaining:evaluate_goal:268 | Backward Chaining evaluated goal='DATA_EXFILTRATION' proven=True conf=0.9120 in 0.02ms
2026-08-09 11:11:29 | INFO | app.ai.backward_chaining:evaluate_goal:268 | Backward Chaining evaluated goal='DATA_EXFILTRATION' proven=False conf=0.0000 in 0.01ms
2026-08-09 11:11:29 | INFO | app.ai.backward_chaining:evaluate_goal:268 | Backward Chaining evaluated goal='DATA_EXFILTRATION' proven=False conf=0.0000 in 0.01ms
2026-08-09 11:11:29 | WARNING | app.ai.backward_chaining:_prove_goal:298 | Circular rule cycle detected for goal='GOAL_A' at depth=3
2026-08-09 11:11:29 | INFO | app.ai.backward_chaining:evaluate_goal:268 | Backward Chaining evaluated goal='GOAL_A' proven=False conf=0.0000 in 0.22ms
2026-08-09 11:11:29 | INFO | app.ai.backward_chaining:evaluate_goal:268 | Backward Chaining evaluated goal='DATA_EXFILTRATION' proven=True conf=0.9500 in 0.02ms
2026-08-09 11:11:29 | INFO | app.ai.backward_chaining:evaluate_goal:268 | Backward Chaining evaluated goal='DATA_EXFILTRATION' proven=True conf=0.9000 in 0.02ms
2026-08-09 11:11:29 | INFO | app.ai.backward_chaining:evaluate_goal:268 | Backward Chaining evaluated goal='UNKNOWN_NONEXISTENT_GOAL' proven=False conf=0.0000 in 0.00ms
2026-08-09 11:11:29 | INFO | app.ai.backward_chaining:evaluate_goal:268 | Backward Chaining evaluated goal='DATA_EXFILTRATION' proven=False conf=0.0000 in 0.02ms
2026-08-09 11:11:29 | INFO | app.ai.backward_chaining:evaluate_goal:268 | Backward Chaining evaluated goal='N_0' proven=True conf=0.5987 in 0.04ms
2026-08-09 11:11:29 | WARNING | app.ai.backward_chaining:_prove_goal:291 | Backward chaining max depth limit reached at depth=11 for goal='NODE_10'
2026-08-09 11:11:29 | INFO | app.ai.backward_chaining:evaluate_goal:268 | Backward Chaining evaluated goal='NODE_0' proven=False conf=0.0000 in 0.33ms
2026-08-09 11:11:30 | INFO | app.ai.backward_chaining:evaluate_goal:268 | Backward Chaining evaluated goal='DATA_EXFILTRATION' proven=True conf=0.8361 in 0.04ms
2026-08-09 11:11:30 | INFO | httpx._client:_send_single_request:1740 | HTTP Request: POST http://test/api/v1/ai/backward-chaining/run "HTTP/1.1 200 OK"
2026-08-09 11:11:30 | INFO | app.ai.backward_chaining:evaluate_goal:268 | Backward Chaining evaluated goal='PRIVILEGE_ESCALATION' proven=False conf=0.0000 in 0.06ms
2026-08-09 11:11:30 | INFO | httpx._client:_send_single_request:1740 | HTTP Request: POST http://test/api/backward-chaining/evaluate/1?goal=PRIVILEGE_ESCALATION "HTTP/1.1 200 OK"
2026-08-09 11:11:30 | INFO | httpx._client:_send_single_request:1740 | HTTP Request: POST http://test/api/v1/ai/backward-chaining/run "HTTP/1.1 400 Bad Request"
2026-08-09 11:11:30 | INFO | httpx._client:_send_single_request:1740 | HTTP Request: POST http://test/api/cases/ "HTTP/1.1 201 Created"
2026-08-09 11:11:31 | INFO | httpx._client:_send_single_request:1740 | HTTP Request: GET http://test/api/cases/?search=Malware "HTTP/1.1 200 OK"
2026-08-09 11:11:32 | INFO | httpx._client:_send_single_request:1740 | HTTP Request: POST http://test/api/evidence/upload "HTTP/1.1 201 Created"
2026-08-09 11:11:32 | INFO | httpx._client:_send_single_request:1740 | HTTP Request: POST http://test/api/parser/parse/1 "HTTP/1.1 202 Accepted"
2026-08-09 11:11:32 | INFO | httpx._client:_send_single_request:1740 | HTTP Request: POST http://test/api/normalize/1 "HTTP/1.1 202 Accepted"
2026-08-09 11:11:32 | INFO | httpx._client:_send_single_request:1740 | HTTP Request: POST http://test/api/graph/build/1 "HTTP/1.1 202 Accepted"
2026-08-09 11:11:32 | INFO | httpx._client:_send_single_request:1740 | HTTP Request: POST http://test/api/csp/validate/1 "HTTP/1.1 202 Accepted"
2026-08-09 11:11:32 | INFO | httpx._client:_send_single_request:1740 | HTTP Request: GET http://test/api/csp/status/1 "HTTP/1.1 200 OK"
2026-08-09 11:11:32 | INFO | httpx._client:_send_single_request:1740 | HTTP Request: GET http://test/api/csp/results/1 "HTTP/1.1 200 OK"
2026-08-09 11:11:32 | INFO | httpx._client:_send_single_request:1740 | HTTP Request: POST http://test/api/evidence/upload "HTTP/1.1 201 Created"
2026-08-09 11:11:33 | INFO | httpx._client:_send_single_request:1740 | HTTP Request: POST http://test/api/evidence/upload "HTTP/1.1 400 Bad Request"
2026-08-09 11:11:33 | INFO | httpx._client:_send_single_request:1740 | HTTP Request: POST http://test/api/evidence/upload "HTTP/1.1 201 Created"
2026-08-09 11:11:33 | INFO | httpx._client:_send_single_request:1740 | HTTP Request: POST http://test/api/evidence/upload "HTTP/1.1 409 Conflict"
2026-08-09 11:11:34 | INFO | app.services.forward_chaining_service:run_forward_chaining:135 | Running Forward Chaining for Case ID 1 with 6 initial fact(s).
2026-08-09 11:11:34 | INFO | app.services.forward_chaining_service:run_forward_chaining:151 | Forward Chaining completed for Case ID 1 | Fired Rules: 2 | Derived Facts: 4 | Time: 0.039 ms
2026-08-09 11:11:34 | INFO | httpx._client:_send_single_request:1740 | HTTP Request: POST http://test/api/v1/ai/forward-chaining/run "HTTP/1.1 200 OK"
2026-08-09 11:11:34 | WARNING | app.services.forward_chaining_service:run_forward_chaining:49 | Forward Chaining failed: Case ID 999999 not found.
2026-08-09 11:11:34 | INFO | httpx._client:_send_single_request:1740 | HTTP Request: POST http://test/api/v1/ai/forward-chaining/run "HTTP/1.1 404 Not Found"
2026-08-09 11:11:35 | INFO | httpx._client:_send_single_request:1740 | HTTP Request: POST http://test/api/evidence/upload "HTTP/1.1 201 Created"
2026-08-09 11:11:35 | INFO | httpx._client:_send_single_request:1740 | HTTP Request: POST http://test/api/parser/parse/1 "HTTP/1.1 202 Accepted"
2026-08-09 11:11:35 | INFO | httpx._client:_send_single_request:1740 | HTTP Request: POST http://test/api/normalize/1 "HTTP/1.1 202 Accepted"
2026-08-09 11:11:35 | INFO | httpx._client:_send_single_request:1740 | HTTP Request: POST http://test/api/graph/build/1 "HTTP/1.1 202 Accepted"
2026-08-09 11:11:35 | INFO | httpx._client:_send_single_request:1740 | HTTP Request: GET http://test/api/graph/1 "HTTP/1.1 200 OK"
2026-08-09 11:11:35 | INFO | httpx._client:_send_single_request:1740 | HTTP Request: GET http://test/api/graph/statistics/1 "HTTP/1.1 200 OK"
2026-08-09 11:11:35 | INFO | app.ai.backward_chaining:evaluate_goal:268 | Backward Chaining evaluated goal='DATA_EXFILTRATION' proven=False conf=0.0000 in 0.02ms
2026-08-09 11:11:35 | INFO | app.ai.backward_chaining:evaluate_goal:268 | Backward Chaining evaluated goal='PRIVILEGE_ESCALATION' proven=False conf=0.0000 in 0.02ms
2026-08-09 11:11:35 | INFO | app.ai.backward_chaining:evaluate_goal:268 | Backward Chaining evaluated goal='LATERAL_MOVEMENT' proven=False conf=0.0000 in 0.02ms
2026-08-09 11:11:35 | INFO | app.ai.backward_chaining:evaluate_goal:268 | Backward Chaining evaluated goal='DATA_EXFILTRATION' proven=False conf=0.0000 in 0.02ms
2026-08-09 11:11:35 | INFO | app.ai.backward_chaining:evaluate_goal:268 | Backward Chaining evaluated goal='PRIVILEGE_ESCALATION' proven=False conf=0.0000 in 0.04ms
2026-08-09 11:11:35 | INFO | app.ai.backward_chaining:evaluate_goal:268 | Backward Chaining evaluated goal='LATERAL_MOVEMENT' proven=False conf=0.0000 in 0.02ms
2026-08-09 11:11:35 | INFO | app.ai.backward_chaining:evaluate_goal:268 | Backward Chaining evaluated goal='PERSISTENCE' proven=False conf=0.0000 in 0.02ms
2026-08-09 11:11:35 | INFO | app.ai.backward_chaining:evaluate_goal:268 | Backward Chaining evaluated goal='DATA_EXFILTRATION' proven=False conf=0.0000 in 0.02ms
2026-08-09 11:11:35 | INFO | app.ai.backward_chaining:evaluate_goal:268 | Backward Chaining evaluated goal='PRIVILEGE_ESCALATION' proven=False conf=0.0000 in 0.03ms
2026-08-09 11:11:35 | INFO | app.ai.backward_chaining:evaluate_goal:268 | Backward Chaining evaluated goal='LATERAL_MOVEMENT' proven=False conf=0.0000 in 0.02ms
2026-08-09 11:11:35 | INFO | app.ai.backward_chaining:evaluate_goal:268 | Backward Chaining evaluated goal='DATA_EXFILTRATION' proven=False conf=0.0000 in 0.01ms
2026-08-09 11:11:35 | INFO | app.ai.backward_chaining:evaluate_goal:268 | Backward Chaining evaluated goal='PRIVILEGE_ESCALATION' proven=False conf=0.0000 in 0.02ms
2026-08-09 11:11:35 | INFO | app.ai.backward_chaining:evaluate_goal:268 | Backward Chaining evaluated goal='LATERAL_MOVEMENT' proven=False conf=0.0000 in 0.02ms
2026-08-09 11:11:35 | INFO | httpx._client:_send_single_request:1740 | HTTP Request: GET http://test/api/v1/cases/1/investigation-summary "HTTP/1.1 200 OK"
2026-08-09 11:11:35 | INFO | app.ai.backward_chaining:evaluate_goal:268 | Backward Chaining evaluated goal='DATA_EXFILTRATION' proven=False conf=0.0000 in 0.02ms
2026-08-09 11:11:35 | INFO | app.ai.backward_chaining:evaluate_goal:268 | Backward Chaining evaluated goal='PRIVILEGE_ESCALATION' proven=False conf=0.0000 in 0.02ms
2026-08-09 11:11:35 | INFO | app.ai.backward_chaining:evaluate_goal:268 | Backward Chaining evaluated goal='LATERAL_MOVEMENT' proven=False conf=0.0000 in 0.02ms
2026-08-09 11:11:35 | INFO | app.ai.backward_chaining:evaluate_goal:268 | Backward Chaining evaluated goal='DATA_EXFILTRATION' proven=False conf=0.0000 in 0.02ms
2026-08-09 11:11:35 | INFO | app.ai.backward_chaining:evaluate_goal:268 | Backward Chaining evaluated goal='PRIVILEGE_ESCALATION' proven=False conf=0.0000 in 0.02ms
2026-08-09 11:11:35 | INFO | app.ai.backward_chaining:evaluate_goal:268 | Backward Chaining evaluated goal='LATERAL_MOVEMENT' proven=False conf=0.0000 in 0.02ms
2026-08-09 11:11:35 | INFO | app.ai.backward_chaining:evaluate_goal:268 | Backward Chaining evaluated goal='PERSISTENCE' proven=False conf=0.0000 in 0.02ms
2026-08-09 11:11:35 | INFO | app.ai.backward_chaining:evaluate_goal:268 | Backward Chaining evaluated goal='DATA_EXFILTRATION' proven=False conf=0.0000 in 0.02ms
2026-08-09 11:11:35 | INFO | app.ai.backward_chaining:evaluate_goal:268 | Backward Chaining evaluated goal='PRIVILEGE_ESCALATION' proven=False conf=0.0000 in 0.02ms
2026-08-09 11:11:35 | INFO | app.ai.backward_chaining:evaluate_goal:268 | Backward Chaining evaluated goal='LATERAL_MOVEMENT' proven=False conf=0.0000 in 0.02ms
2026-08-09 11:11:35 | INFO | app.ai.backward_chaining:evaluate_goal:268 | Backward Chaining evaluated goal='DATA_EXFILTRATION' proven=False conf=0.0000 in 0.02ms
2026-08-09 11:11:35 | INFO | app.ai.backward_chaining:evaluate_goal:268 | Backward Chaining evaluated goal='PRIVILEGE_ESCALATION' proven=False conf=0.0000 in 0.02ms
2026-08-09 11:11:35 | INFO | app.ai.backward_chaining:evaluate_goal:268 | Backward Chaining evaluated goal='LATERAL_MOVEMENT' proven=False conf=0.0000 in 0.02ms
2026-08-09 11:11:35 | INFO | httpx._client:_send_single_request:1740 | HTTP Request: GET http://test/api/investigation-summary/1 "HTTP/1.1 200 OK"
2026-08-09 11:11:36 | INFO | httpx._client:_send_single_request:1740 | HTTP Request: POST http://test/api/evidence/upload "HTTP/1.1 201 Created"
2026-08-09 11:11:36 | INFO | httpx._client:_send_single_request:1740 | HTTP Request: POST http://test/api/parser/parse/1 "HTTP/1.1 202 Accepted"
2026-08-09 11:11:36 | INFO | httpx._client:_send_single_request:1740 | HTTP Request: POST http://test/api/normalize/1 "HTTP/1.1 202 Accepted"
2026-08-09 11:11:36 | INFO | httpx._client:_send_single_request:1740 | HTTP Request: GET http://test/api/normalized-events/1 "HTTP/1.1 200 OK"
2026-08-09 11:11:37 | INFO | httpx._client:_send_single_request:1740 | HTTP Request: POST http://test/api/evidence/upload "HTTP/1.1 201 Created"
2026-08-09 11:11:37 | INFO | httpx._client:_send_single_request:1740 | HTTP Request: POST http://test/api/parser/parse/1 "HTTP/1.1 202 Accepted"
2026-08-09 11:11:37 | INFO | httpx._client:_send_single_request:1740 | HTTP Request: GET http://test/api/parser/events/case/1 "HTTP/1.1 200 OK"
2026-08-09 11:11:37 | INFO | app.ai.backward_chaining:evaluate_goal:268 | Backward Chaining evaluated goal='DATA_EXFILTRATION' proven=False conf=0.0000 in 0.01ms
2026-08-09 11:11:37 | INFO | app.ai.backward_chaining:evaluate_goal:268 | Backward Chaining evaluated goal='PRIVILEGE_ESCALATION' proven=False conf=0.0000 in 0.02ms
2026-08-09 11:11:37 | INFO | app.ai.backward_chaining:evaluate_goal:268 | Backward Chaining evaluated goal='LATERAL_MOVEMENT' proven=False conf=0.0000 in 0.02ms
2026-08-09 11:11:37 | INFO | app.ai.backward_chaining:evaluate_goal:268 | Backward Chaining evaluated goal='PERSISTENCE' proven=False conf=0.0000 in 0.01ms
2026-08-09 11:11:37 | INFO | httpx._client:_send_single_request:1740 | HTTP Request: GET http://test/api/v1/cases/1/risk-score "HTTP/1.1 200 OK"
2026-08-09 11:11:37 | INFO | app.ai.backward_chaining:evaluate_goal:268 | Backward Chaining evaluated goal='DATA_EXFILTRATION' proven=False conf=0.0000 in 0.02ms
2026-08-09 11:11:37 | INFO | app.ai.backward_chaining:evaluate_goal:268 | Backward Chaining evaluated goal='PRIVILEGE_ESCALATION' proven=False conf=0.0000 in 0.02ms
2026-08-09 11:11:37 | INFO | app.ai.backward_chaining:evaluate_goal:268 | Backward Chaining evaluated goal='LATERAL_MOVEMENT' proven=False conf=0.0000 in 0.02ms
2026-08-09 11:11:37 | INFO | app.ai.backward_chaining:evaluate_goal:268 | Backward Chaining evaluated goal='PERSISTENCE' proven=False conf=0.0000 in 0.01ms
2026-08-09 11:11:37 | INFO | httpx._client:_send_single_request:1740 | HTTP Request: GET http://test/api/risk-score/1 "HTTP/1.1 200 OK"
2026-08-09 11:11:38 | INFO | app.ai.backward_chaining:evaluate_goal:268 | Backward Chaining evaluated goal='DATA_EXFILTRATION' proven=False conf=0.0000 in 0.03ms
2026-08-09 11:11:38 | INFO | app.ai.backward_chaining:evaluate_goal:268 | Backward Chaining evaluated goal='PRIVILEGE_ESCALATION' proven=False conf=0.0000 in 0.04ms
2026-08-09 11:11:38 | INFO | app.ai.backward_chaining:evaluate_goal:268 | Backward Chaining evaluated goal='LATERAL_MOVEMENT' proven=False conf=0.0000 in 0.04ms
2026-08-09 11:11:38 | INFO | app.ai.backward_chaining:evaluate_goal:268 | Backward Chaining evaluated goal='DATA_EXFILTRATION' proven=False conf=0.0000 in 0.01ms
2026-08-09 11:11:38 | INFO | app.ai.backward_chaining:evaluate_goal:268 | Backward Chaining evaluated goal='PRIVILEGE_ESCALATION' proven=False conf=0.0000 in 0.02ms
2026-08-09 11:11:38 | INFO | app.ai.backward_chaining:evaluate_goal:268 | Backward Chaining evaluated goal='LATERAL_MOVEMENT' proven=False conf=0.0000 in 0.02ms
2026-08-09 11:11:38 | INFO | app.ai.backward_chaining:evaluate_goal:268 | Backward Chaining evaluated goal='DATA_EXFILTRATION' proven=False conf=0.0000 in 0.01ms
2026-08-09 11:11:38 | INFO | app.ai.backward_chaining:evaluate_goal:268 | Backward Chaining evaluated goal='PRIVILEGE_ESCALATION' proven=False conf=0.0000 in 0.02ms
2026-08-09 11:11:38 | INFO | app.ai.backward_chaining:evaluate_goal:268 | Backward Chaining evaluated goal='LATERAL_MOVEMENT' proven=False conf=0.0000 in 0.02ms
2026-08-09 11:11:39 | INFO | app.ai.backward_chaining:evaluate_goal:268 | Backward Chaining evaluated goal='DATA_EXFILTRATION' proven=False conf=0.0000 in 0.02ms
2026-08-09 11:11:39 | INFO | app.ai.backward_chaining:evaluate_goal:268 | Backward Chaining evaluated goal='PRIVILEGE_ESCALATION' proven=False conf=0.0000 in 0.03ms
2026-08-09 11:11:39 | INFO | app.ai.backward_chaining:evaluate_goal:268 | Backward Chaining evaluated goal='LATERAL_MOVEMENT' proven=False conf=0.0000 in 0.03ms
2026-08-09 11:11:39 | INFO | app.ai.backward_chaining:evaluate_goal:268 | Backward Chaining evaluated goal='DATA_EXFILTRATION' proven=True conf=1.0000 in 0.00ms
2026-08-09 11:11:39 | INFO | app.ai.backward_chaining:evaluate_goal:268 | Backward Chaining evaluated goal='PRIVILEGE_ESCALATION' proven=False conf=0.0000 in 0.02ms
2026-08-09 11:11:39 | INFO | app.ai.backward_chaining:evaluate_goal:268 | Backward Chaining evaluated goal='LATERAL_MOVEMENT' proven=False conf=0.0000 in 0.02ms
2026-08-09 11:11:40 | INFO | app.ai.backward_chaining:evaluate_goal:268 | Backward Chaining evaluated goal='DATA_EXFILTRATION' proven=True conf=0.9120 in 0.02ms
2026-08-09 11:11:40 | INFO | app.ai.backward_chaining:evaluate_goal:268 | Backward Chaining evaluated goal='PRIVILEGE_ESCALATION' proven=False conf=0.0000 in 0.02ms
2026-08-09 11:11:40 | INFO | app.ai.backward_chaining:evaluate_goal:268 | Backward Chaining evaluated goal='LATERAL_MOVEMENT' proven=False conf=0.0000 in 0.02ms
2026-08-09 11:11:40 | INFO | app.ai.backward_chaining:evaluate_goal:268 | Backward Chaining evaluated goal='DATA_EXFILTRATION' proven=False conf=0.0000 in 0.02ms
2026-08-09 11:11:40 | INFO | app.ai.backward_chaining:evaluate_goal:268 | Backward Chaining evaluated goal='PRIVILEGE_ESCALATION' proven=False conf=0.0000 in 0.02ms
2026-08-09 11:11:40 | INFO | app.ai.backward_chaining:evaluate_goal:268 | Backward Chaining evaluated goal='LATERAL_MOVEMENT' proven=False conf=0.0000 in 0.02ms
2026-08-09 11:11:41 | INFO | app.ai.backward_chaining:evaluate_goal:268 | Backward Chaining evaluated goal='DATA_EXFILTRATION' proven=False conf=0.0000 in 0.02ms
2026-08-09 11:11:41 | INFO | app.ai.backward_chaining:evaluate_goal:268 | Backward Chaining evaluated goal='PRIVILEGE_ESCALATION' proven=False conf=0.0000 in 0.02ms
2026-08-09 11:11:41 | INFO | app.ai.backward_chaining:evaluate_goal:268 | Backward Chaining evaluated goal='LATERAL_MOVEMENT' proven=False conf=0.0000 in 0.02ms
2026-08-09 11:11:42 | INFO | app.ai.backward_chaining:evaluate_goal:268 | Backward Chaining evaluated goal='DATA_EXFILTRATION' proven=False conf=0.0000 in 0.02ms
2026-08-09 11:11:42 | INFO | app.ai.backward_chaining:evaluate_goal:268 | Backward Chaining evaluated goal='PRIVILEGE_ESCALATION' proven=False conf=0.0000 in 0.03ms
2026-08-09 11:11:42 | INFO | app.ai.backward_chaining:evaluate_goal:268 | Backward Chaining evaluated goal='LATERAL_MOVEMENT' proven=False conf=0.0000 in 0.02ms
2026-08-09 11:11:42 | INFO | httpx._client:_send_single_request:1740 | HTTP Request: GET http://test/api/v1/cases/1/timeline "HTTP/1.1 200 OK"
2026-08-09 11:11:42 | INFO | app.ai.backward_chaining:evaluate_goal:268 | Backward Chaining evaluated goal='DATA_EXFILTRATION' proven=False conf=0.0000 in 0.01ms
2026-08-09 11:11:42 | INFO | app.ai.backward_chaining:evaluate_goal:268 | Backward Chaining evaluated goal='PRIVILEGE_ESCALATION' proven=False conf=0.0000 in 0.02ms
2026-08-09 11:11:42 | INFO | app.ai.backward_chaining:evaluate_goal:268 | Backward Chaining evaluated goal='LATERAL_MOVEMENT' proven=False conf=0.0000 in 0.02ms
2026-08-09 11:11:42 | INFO | httpx._client:_send_single_request:1740 | HTTP Request: GET http://test/api/timeline/1 "HTTP/1.1 200 OK"
2026-08-09 11:11:42 | INFO | app.ai.backward_chaining:evaluate_goal:268 | Backward Chaining evaluated goal='DATA_EXFILTRATION' proven=False conf=0.0000 in 0.01ms
2026-08-09 11:11:42 | INFO | app.ai.backward_chaining:evaluate_goal:268 | Backward Chaining evaluated goal='PRIVILEGE_ESCALATION' proven=False conf=0.0000 in 0.02ms
2026-08-09 11:11:42 | INFO | app.ai.backward_chaining:evaluate_goal:268 | Backward Chaining evaluated goal='LATERAL_MOVEMENT' proven=False conf=0.0000 in 0.02ms
2026-08-09 11:11:42 | INFO | httpx._client:_send_single_request:1740 | HTTP Request: GET http://test/api/timeline/1/suspicious "HTTP/1.1 200 OK"
2026-08-09 11:11:42 | INFO | app.services.ucs_service:run_ucs:104 | Executing UCS for Case ID 1 | Start: 'login' | Goal: 'usb_remove'
2026-08-09 11:11:42 | INFO | app.services.ucs_service:run_ucs:124 | UCS Search Succeeded | Case ID: 1 | Start: 'login' | Goal: 'usb_remove' | Visited Nodes: 4 | Total Cost: 3.0000 | Time: 0.010 ms
2026-08-09 11:11:42 | INFO | httpx._client:_send_single_request:1740 | HTTP Request: POST http://test/api/v1/ai/ucs/run "HTTP/1.1 200 OK"
2026-08-09 11:11:42 | INFO | app.services.ucs_service:run_ucs:104 | Executing UCS for Case ID 1 | Start: 'login' | Goal: 'isolated_exfil'
2026-08-09 11:11:42 | WARNING | app.services.ucs_service:run_ucs:114 | UCS search completed: No path found between 'login' and 'isolated_exfil' in Case ID 1. Explored 5 nodes.
2026-08-09 11:11:42 | INFO | httpx._client:_send_single_request:1740 | HTTP Request: POST http://test/api/v1/ai/ucs/run "HTTP/1.1 400 Bad Request"
2026-08-09 11:11:43 | WARNING | app.services.ucs_service:run_ucs:74 | UCS failed: Start node 'non_existent_start' not found in Case 1.
2026-08-09 11:11:43 | INFO | httpx._client:_send_single_request:1740 | HTTP Request: POST http://test/api/v1/ai/ucs/run "HTTP/1.1 404 Not Found"
2026-08-09 11:11:43 | WARNING | app.services.ucs_service:run_ucs:83 | UCS failed: Goal node 'non_existent_goal' not found in Case 1.
2026-08-09 11:11:43 | INFO | httpx._client:_send_single_request:1740 | HTTP Request: POST http://test/api/v1/ai/ucs/run "HTTP/1.1 404 Not Found"
2026-08-09 11:11:43 | WARNING | app.services.ucs_service:run_ucs:48 | UCS failed: Case ID 999999 not found.
2026-08-09 11:11:43 | INFO | httpx._client:_send_single_request:1740 | HTTP Request: POST http://test/api/v1/ai/ucs/run "HTTP/1.1 404 Not Found"
2026-08-09 11:19:36 | INFO | app.core.logging:setup_logging:54 | Logging initialized | env=development | debug=True
2026-08-09 11:19:50 | INFO | app.core.logging:setup_logging:54 | Logging initialized | env=development | debug=True
2026-08-09 11:20:03 | INFO | app.core.logging:setup_logging:54 | Logging initialized | env=development | debug=True
2026-08-09 11:20:18 | INFO | app.core.logging:setup_logging:54 | Logging initialized | env=development | debug=True
2026-08-09 11:20:33 | INFO | app.core.logging:setup_logging:54 | Logging initialized | env=development | debug=True
2026-08-09 11:20:46 | INFO | app.core.logging:setup_logging:54 | Logging initialized | env=development | debug=True
2026-08-09 11:20:46 | INFO | app.ai.backward_chaining:evaluate_goal:268 | Backward Chaining evaluated goal='DATA_EXFILTRATION' proven=False conf=0.0000 in 0.03ms
2026-08-09 11:20:46 | INFO | app.ai.backward_chaining:evaluate_goal:268 | Backward Chaining evaluated goal='PRIVILEGE_ESCALATION' proven=False conf=0.0000 in 0.02ms
2026-08-09 11:20:46 | INFO | app.ai.backward_chaining:evaluate_goal:268 | Backward Chaining evaluated goal='LATERAL_MOVEMENT' proven=False conf=0.0000 in 0.02ms
2026-08-09 11:20:46 | INFO | app.ai.backward_chaining:evaluate_goal:268 | Backward Chaining evaluated goal='DATA_EXFILTRATION' proven=False conf=0.0000 in 0.02ms
2026-08-09 11:20:46 | INFO | app.ai.backward_chaining:evaluate_goal:268 | Backward Chaining evaluated goal='PRIVILEGE_ESCALATION' proven=False conf=0.0000 in 0.02ms
2026-08-09 11:20:46 | INFO | app.ai.backward_chaining:evaluate_goal:268 | Backward Chaining evaluated goal='LATERAL_MOVEMENT' proven=False conf=0.0000 in 0.02ms
2026-08-09 11:20:46 | INFO | app.ai.backward_chaining:evaluate_goal:268 | Backward Chaining evaluated goal='PERSISTENCE' proven=False conf=0.0000 in 0.02ms
2026-08-09 11:20:46 | INFO | app.ai.backward_chaining:evaluate_goal:268 | Backward Chaining evaluated goal='DATA_EXFILTRATION' proven=False conf=0.0000 in 0.02ms
2026-08-09 11:20:46 | INFO | app.ai.backward_chaining:evaluate_goal:268 | Backward Chaining evaluated goal='PRIVILEGE_ESCALATION' proven=False conf=0.0000 in 0.02ms
2026-08-09 11:20:46 | INFO | app.ai.backward_chaining:evaluate_goal:268 | Backward Chaining evaluated goal='LATERAL_MOVEMENT' proven=False conf=0.0000 in 0.02ms
2026-08-09 11:20:46 | INFO | app.ai.backward_chaining:evaluate_goal:268 | Backward Chaining evaluated goal='DATA_EXFILTRATION' proven=False conf=0.0000 in 0.02ms
2026-08-09 11:20:46 | INFO | app.ai.backward_chaining:evaluate_goal:268 | Backward Chaining evaluated goal='PRIVILEGE_ESCALATION' proven=False conf=0.0000 in 0.02ms
2026-08-09 11:20:46 | INFO | app.ai.backward_chaining:evaluate_goal:268 | Backward Chaining evaluated goal='LATERAL_MOVEMENT' proven=False conf=0.0000 in 0.03ms
2026-08-09 11:20:46 | INFO | app.ai.backward_chaining:evaluate_goal:268 | Backward Chaining evaluated goal='DATA_EXFILTRATION' proven=False conf=0.0000 in 0.02ms
2026-08-09 11:20:46 | INFO | app.ai.backward_chaining:evaluate_goal:268 | Backward Chaining evaluated goal='PRIVILEGE_ESCALATION' proven=False conf=0.0000 in 0.02ms
2026-08-09 11:20:46 | INFO | app.ai.backward_chaining:evaluate_goal:268 | Backward Chaining evaluated goal='LATERAL_MOVEMENT' proven=False conf=0.0000 in 0.02ms
2026-08-09 11:20:46 | INFO | app.ai.backward_chaining:evaluate_goal:268 | Backward Chaining evaluated goal='DATA_EXFILTRATION' proven=False conf=0.0000 in 0.01ms
2026-08-09 11:20:46 | INFO | app.ai.backward_chaining:evaluate_goal:268 | Backward Chaining evaluated goal='PRIVILEGE_ESCALATION' proven=False conf=0.0000 in 0.02ms
2026-08-09 11:20:46 | INFO | app.ai.backward_chaining:evaluate_goal:268 | Backward Chaining evaluated goal='LATERAL_MOVEMENT' proven=False conf=0.0000 in 0.02ms
2026-08-09 11:20:46 | INFO | app.ai.backward_chaining:evaluate_goal:268 | Backward Chaining evaluated goal='PERSISTENCE' proven=False conf=0.0000 in 0.02ms
2026-08-09 11:20:46 | INFO | app.ai.backward_chaining:evaluate_goal:268 | Backward Chaining evaluated goal='DATA_EXFILTRATION' proven=False conf=0.0000 in 0.02ms
2026-08-09 11:20:46 | INFO | app.ai.backward_chaining:evaluate_goal:268 | Backward Chaining evaluated goal='PRIVILEGE_ESCALATION' proven=False conf=0.0000 in 0.03ms
2026-08-09 11:20:47 | INFO | app.ai.backward_chaining:evaluate_goal:268 | Backward Chaining evaluated goal='LATERAL_MOVEMENT' proven=False conf=0.0000 in 0.03ms
2026-08-09 11:20:47 | INFO | app.ai.backward_chaining:evaluate_goal:268 | Backward Chaining evaluated goal='DATA_EXFILTRATION' proven=False conf=0.0000 in 0.02ms
2026-08-09 11:20:47 | INFO | app.ai.backward_chaining:evaluate_goal:268 | Backward Chaining evaluated goal='PRIVILEGE_ESCALATION' proven=False conf=0.0000 in 0.03ms
2026-08-09 11:20:47 | INFO | app.ai.backward_chaining:evaluate_goal:268 | Backward Chaining evaluated goal='LATERAL_MOVEMENT' proven=False conf=0.0000 in 0.02ms
2026-08-09 11:20:47 | INFO | app.ai.backward_chaining:evaluate_goal:268 | Backward Chaining evaluated goal='DATA_EXFILTRATION' proven=False conf=0.0000 in 0.02ms
2026-08-09 11:20:47 | INFO | app.ai.backward_chaining:evaluate_goal:268 | Backward Chaining evaluated goal='PRIVILEGE_ESCALATION' proven=False conf=0.0000 in 0.02ms
2026-08-09 11:20:47 | INFO | app.ai.backward_chaining:evaluate_goal:268 | Backward Chaining evaluated goal='LATERAL_MOVEMENT' proven=False conf=0.0000 in 0.02ms
2026-08-09 11:20:47 | INFO | app.ai.backward_chaining:evaluate_goal:268 | Backward Chaining evaluated goal='DATA_EXFILTRATION' proven=False conf=0.0000 in 0.02ms
2026-08-09 11:20:47 | INFO | app.ai.backward_chaining:evaluate_goal:268 | Backward Chaining evaluated goal='PRIVILEGE_ESCALATION' proven=False conf=0.0000 in 0.04ms
2026-08-09 11:20:47 | INFO | app.ai.backward_chaining:evaluate_goal:268 | Backward Chaining evaluated goal='LATERAL_MOVEMENT' proven=False conf=0.0000 in 0.02ms
2026-08-09 11:20:47 | INFO | app.ai.backward_chaining:evaluate_goal:268 | Backward Chaining evaluated goal='PERSISTENCE' proven=False conf=0.0000 in 0.02ms
2026-08-09 11:20:47 | INFO | app.ai.backward_chaining:evaluate_goal:268 | Backward Chaining evaluated goal='DATA_EXFILTRATION' proven=False conf=0.0000 in 0.02ms
2026-08-09 11:20:47 | INFO | app.ai.backward_chaining:evaluate_goal:268 | Backward Chaining evaluated goal='PRIVILEGE_ESCALATION' proven=False conf=0.0000 in 0.02ms
2026-08-09 11:20:47 | INFO | app.ai.backward_chaining:evaluate_goal:268 | Backward Chaining evaluated goal='LATERAL_MOVEMENT' proven=False conf=0.0000 in 0.03ms
2026-08-09 11:20:47 | INFO | app.ai.backward_chaining:evaluate_goal:268 | Backward Chaining evaluated goal='DATA_EXFILTRATION' proven=False conf=0.0000 in 0.02ms
2026-08-09 11:20:47 | INFO | app.ai.backward_chaining:evaluate_goal:268 | Backward Chaining evaluated goal='PRIVILEGE_ESCALATION' proven=False conf=0.0000 in 0.02ms
2026-08-09 11:20:47 | INFO | app.ai.backward_chaining:evaluate_goal:268 | Backward Chaining evaluated goal='LATERAL_MOVEMENT' proven=False conf=0.0000 in 0.02ms
2026-08-09 11:20:47 | INFO | app.ai.backward_chaining:evaluate_goal:268 | Backward Chaining evaluated goal='DATA_EXFILTRATION' proven=False conf=0.0000 in 0.03ms
2026-08-09 11:20:47 | INFO | app.ai.backward_chaining:evaluate_goal:268 | Backward Chaining evaluated goal='PRIVILEGE_ESCALATION' proven=False conf=0.0000 in 0.02ms
2026-08-09 11:20:47 | INFO | app.ai.backward_chaining:evaluate_goal:268 | Backward Chaining evaluated goal='LATERAL_MOVEMENT' proven=False conf=0.0000 in 0.02ms
2026-08-09 11:20:47 | INFO | app.ai.backward_chaining:evaluate_goal:268 | Backward Chaining evaluated goal='DATA_EXFILTRATION' proven=False conf=0.0000 in 0.02ms
2026-08-09 11:20:47 | INFO | app.ai.backward_chaining:evaluate_goal:268 | Backward Chaining evaluated goal='PRIVILEGE_ESCALATION' proven=False conf=0.0000 in 0.05ms
2026-08-09 11:20:47 | INFO | app.ai.backward_chaining:evaluate_goal:268 | Backward Chaining evaluated goal='LATERAL_MOVEMENT' proven=False conf=0.0000 in 0.03ms
2026-08-09 11:20:47 | INFO | app.ai.backward_chaining:evaluate_goal:268 | Backward Chaining evaluated goal='PERSISTENCE' proven=False conf=0.0000 in 0.03ms
2026-08-09 11:20:47 | INFO | app.ai.backward_chaining:evaluate_goal:268 | Backward Chaining evaluated goal='DATA_EXFILTRATION' proven=False conf=0.0000 in 0.03ms
2026-08-09 11:20:47 | INFO | app.ai.backward_chaining:evaluate_goal:268 | Backward Chaining evaluated goal='PRIVILEGE_ESCALATION' proven=False conf=0.0000 in 0.02ms
2026-08-09 11:20:47 | INFO | app.ai.backward_chaining:evaluate_goal:268 | Backward Chaining evaluated goal='LATERAL_MOVEMENT' proven=False conf=0.0000 in 0.04ms
2026-08-09 11:20:47 | INFO | app.ai.backward_chaining:evaluate_goal:268 | Backward Chaining evaluated goal='DATA_EXFILTRATION' proven=False conf=0.0000 in 0.02ms
2026-08-09 11:20:47 | INFO | app.ai.backward_chaining:evaluate_goal:268 | Backward Chaining evaluated goal='PRIVILEGE_ESCALATION' proven=False conf=0.0000 in 0.02ms
2026-08-09 11:20:47 | INFO | app.ai.backward_chaining:evaluate_goal:268 | Backward Chaining evaluated goal='LATERAL_MOVEMENT' proven=False conf=0.0000 in 0.02ms
2026-08-09 11:20:48 | INFO | app.ai.backward_chaining:evaluate_goal:268 | Backward Chaining evaluated goal='DATA_EXFILTRATION' proven=False conf=0.0000 in 0.02ms
2026-08-09 11:20:48 | INFO | app.ai.backward_chaining:evaluate_goal:268 | Backward Chaining evaluated goal='PRIVILEGE_ESCALATION' proven=False conf=0.0000 in 0.02ms
2026-08-09 11:20:48 | INFO | app.ai.backward_chaining:evaluate_goal:268 | Backward Chaining evaluated goal='LATERAL_MOVEMENT' proven=False conf=0.0000 in 0.02ms
2026-08-09 11:20:48 | INFO | app.ai.backward_chaining:evaluate_goal:268 | Backward Chaining evaluated goal='DATA_EXFILTRATION' proven=False conf=0.0000 in 0.02ms
2026-08-09 11:20:48 | INFO | app.ai.backward_chaining:evaluate_goal:268 | Backward Chaining evaluated goal='PRIVILEGE_ESCALATION' proven=False conf=0.0000 in 0.02ms
2026-08-09 11:20:48 | INFO | app.ai.backward_chaining:evaluate_goal:268 | Backward Chaining evaluated goal='LATERAL_MOVEMENT' proven=False conf=0.0000 in 0.02ms
2026-08-09 11:20:48 | INFO | app.ai.backward_chaining:evaluate_goal:268 | Backward Chaining evaluated goal='PERSISTENCE' proven=False conf=0.0000 in 0.02ms
2026-08-09 11:20:48 | INFO | app.ai.backward_chaining:evaluate_goal:268 | Backward Chaining evaluated goal='DATA_EXFILTRATION' proven=False conf=0.0000 in 0.02ms
2026-08-09 11:20:48 | INFO | app.ai.backward_chaining:evaluate_goal:268 | Backward Chaining evaluated goal='PRIVILEGE_ESCALATION' proven=False conf=0.0000 in 0.03ms
2026-08-09 11:20:48 | INFO | app.ai.backward_chaining:evaluate_goal:268 | Backward Chaining evaluated goal='LATERAL_MOVEMENT' proven=False conf=0.0000 in 0.02ms
2026-08-09 11:20:48 | INFO | app.ai.backward_chaining:evaluate_goal:268 | Backward Chaining evaluated goal='DATA_EXFILTRATION' proven=False conf=0.0000 in 0.02ms
2026-08-09 11:20:48 | INFO | app.ai.backward_chaining:evaluate_goal:268 | Backward Chaining evaluated goal='PRIVILEGE_ESCALATION' proven=False conf=0.0000 in 0.02ms
2026-08-09 11:20:48 | INFO | app.ai.backward_chaining:evaluate_goal:268 | Backward Chaining evaluated goal='LATERAL_MOVEMENT' proven=False conf=0.0000 in 0.02ms
2026-08-09 11:20:48 | INFO | app.ai.backward_chaining:evaluate_goal:268 | Backward Chaining evaluated goal='DATA_EXFILTRATION' proven=False conf=0.0000 in 0.01ms
2026-08-09 11:20:48 | INFO | app.ai.backward_chaining:evaluate_goal:268 | Backward Chaining evaluated goal='PRIVILEGE_ESCALATION' proven=False conf=0.0000 in 0.03ms
2026-08-09 11:20:48 | INFO | app.ai.backward_chaining:evaluate_goal:268 | Backward Chaining evaluated goal='LATERAL_MOVEMENT' proven=False conf=0.0000 in 0.02ms
2026-08-09 11:20:48 | INFO | app.ai.backward_chaining:evaluate_goal:268 | Backward Chaining evaluated goal='DATA_EXFILTRATION' proven=False conf=0.0000 in 0.02ms
2026-08-09 11:20:48 | INFO | app.ai.backward_chaining:evaluate_goal:268 | Backward Chaining evaluated goal='PRIVILEGE_ESCALATION' proven=False conf=0.0000 in 0.02ms
2026-08-09 11:20:48 | INFO | app.ai.backward_chaining:evaluate_goal:268 | Backward Chaining evaluated goal='LATERAL_MOVEMENT' proven=False conf=0.0000 in 0.02ms
2026-08-09 11:20:48 | INFO | app.ai.backward_chaining:evaluate_goal:268 | Backward Chaining evaluated goal='PERSISTENCE' proven=False conf=0.0000 in 0.02ms
2026-08-09 11:20:48 | INFO | app.ai.backward_chaining:evaluate_goal:268 | Backward Chaining evaluated goal='DATA_EXFILTRATION' proven=False conf=0.0000 in 0.02ms
2026-08-09 11:20:48 | INFO | app.ai.backward_chaining:evaluate_goal:268 | Backward Chaining evaluated goal='PRIVILEGE_ESCALATION' proven=False conf=0.0000 in 0.02ms
2026-08-09 11:20:48 | INFO | app.ai.backward_chaining:evaluate_goal:268 | Backward Chaining evaluated goal='LATERAL_MOVEMENT' proven=False conf=0.0000 in 0.02ms
2026-08-09 11:20:48 | INFO | app.ai.backward_chaining:evaluate_goal:268 | Backward Chaining evaluated goal='DATA_EXFILTRATION' proven=False conf=0.0000 in 0.02ms
2026-08-09 11:20:48 | INFO | app.ai.backward_chaining:evaluate_goal:268 | Backward Chaining evaluated goal='PRIVILEGE_ESCALATION' proven=False conf=0.0000 in 0.02ms
2026-08-09 11:20:48 | INFO | app.ai.backward_chaining:evaluate_goal:268 | Backward Chaining evaluated goal='LATERAL_MOVEMENT' proven=False conf=0.0000 in 0.03ms
2026-08-09 11:20:49 | INFO | httpx._client:_send_single_request:1740 | HTTP Request: POST http://test/api/v1/cases/1/reports "HTTP/1.1 201 Created"
2026-08-09 11:20:49 | INFO | httpx._client:_send_single_request:1740 | HTTP Request: GET http://test/api/v1/cases/1/reports/history "HTTP/1.1 200 OK"
2026-08-09 11:20:49 | INFO | httpx._client:_send_single_request:1740 | HTTP Request: GET http://test/api/v1/cases/1/reports/2308bef5-83d3-4631-a726-5dfa0862c439/download "HTTP/1.1 200 OK"
2026-08-09 11:20:49 | INFO | httpx._client:_send_single_request:1740 | HTTP Request: GET http://test/api/v1/cases/1/reports/2308bef5-83d3-4631-a726-5dfa0862c439/download "HTTP/1.1 401 Unauthorized"
2026-08-09 11:20:56 | INFO | app.core.logging:setup_logging:54 | Logging initialized | env=development | debug=True
2026-08-09 11:20:57 | INFO | app.services.astar_service:run_astar:110 | Executing A* Search for Case ID 1 | Start: 'login' | Goal: 'usb_remove'
2026-08-09 11:20:57 | INFO | app.services.astar_service:run_astar:130 | A* Search Succeeded | Case ID: 1 | Start: 'login' | Goal: 'usb_remove' | Visited Nodes: 4 | Total Cost: 3.0000 | Heuristic Cost: 1.0000 | Time: 0.017 ms
2026-08-09 11:20:57 | INFO | httpx._client:_send_single_request:1740 | HTTP Request: POST http://test/api/v1/ai/astar/run "HTTP/1.1 200 OK"
2026-08-09 11:20:57 | INFO | app.services.astar_service:run_astar:110 | Executing A* Search for Case ID 1 | Start: 'login' | Goal: 'isolated_exfil'
2026-08-09 11:20:57 | WARNING | app.services.astar_service:run_astar:120 | A* Search completed: No path found between 'login' and 'isolated_exfil' in Case ID 1. Visited 5 nodes.
2026-08-09 11:20:57 | INFO | httpx._client:_send_single_request:1740 | HTTP Request: POST http://test/api/v1/ai/astar/run "HTTP/1.1 400 Bad Request"
2026-08-09 11:20:57 | WARNING | app.services.astar_service:run_astar:81 | A* Search failed: Start node 'non_existent_start' not found in Case 1.
2026-08-09 11:20:57 | INFO | httpx._client:_send_single_request:1740 | HTTP Request: POST http://test/api/v1/ai/astar/run "HTTP/1.1 404 Not Found"
2026-08-09 11:20:58 | WARNING | app.services.astar_service:run_astar:89 | A* Search failed: Goal node 'non_existent_goal' not found in Case 1.
2026-08-09 11:20:58 | INFO | httpx._client:_send_single_request:1740 | HTTP Request: POST http://test/api/v1/ai/astar/run "HTTP/1.1 404 Not Found"
2026-08-09 11:20:58 | WARNING | app.services.astar_service:run_astar:49 | A* Search failed: Case ID 999999 not found.
2026-08-09 11:20:58 | INFO | httpx._client:_send_single_request:1740 | HTTP Request: POST http://test/api/v1/ai/astar/run "HTTP/1.1 404 Not Found"
2026-08-09 11:20:59 | INFO | app.ai.backward_chaining:evaluate_goal:268 | Backward Chaining evaluated goal='DATA_EXFILTRATION' proven=False conf=0.0000 in 0.05ms
2026-08-09 11:20:59 | INFO | app.ai.backward_chaining:evaluate_goal:268 | Backward Chaining evaluated goal='PRIVILEGE_ESCALATION' proven=False conf=0.0000 in 0.04ms
2026-08-09 11:20:59 | INFO | app.ai.backward_chaining:evaluate_goal:268 | Backward Chaining evaluated goal='LATERAL_MOVEMENT' proven=False conf=0.0000 in 0.03ms
2026-08-09 11:20:59 | INFO | app.ai.backward_chaining:evaluate_goal:268 | Backward Chaining evaluated goal='DATA_EXFILTRATION' proven=False conf=0.0000 in 0.02ms
2026-08-09 11:20:59 | INFO | app.ai.backward_chaining:evaluate_goal:268 | Backward Chaining evaluated goal='PRIVILEGE_ESCALATION' proven=False conf=0.0000 in 0.02ms
2026-08-09 11:20:59 | INFO | app.ai.backward_chaining:evaluate_goal:268 | Backward Chaining evaluated goal='LATERAL_MOVEMENT' proven=False conf=0.0000 in 0.02ms
2026-08-09 11:20:59 | INFO | httpx._client:_send_single_request:1740 | HTTP Request: GET http://test/api/v1/cases/1/attack-path "HTTP/1.1 200 OK"
2026-08-09 11:20:59 | INFO | app.ai.backward_chaining:evaluate_goal:268 | Backward Chaining evaluated goal='DATA_EXFILTRATION' proven=False conf=0.0000 in 0.02ms
2026-08-09 11:20:59 | INFO | app.ai.backward_chaining:evaluate_goal:268 | Backward Chaining evaluated goal='PRIVILEGE_ESCALATION' proven=False conf=0.0000 in 0.03ms
2026-08-09 11:20:59 | INFO | app.ai.backward_chaining:evaluate_goal:268 | Backward Chaining evaluated goal='LATERAL_MOVEMENT' proven=False conf=0.0000 in 0.02ms
2026-08-09 11:20:59 | INFO | app.ai.backward_chaining:evaluate_goal:268 | Backward Chaining evaluated goal='DATA_EXFILTRATION' proven=False conf=0.0000 in 0.02ms
2026-08-09 11:20:59 | INFO | app.ai.backward_chaining:evaluate_goal:268 | Backward Chaining evaluated goal='PRIVILEGE_ESCALATION' proven=False conf=0.0000 in 0.02ms
2026-08-09 11:20:59 | INFO | app.ai.backward_chaining:evaluate_goal:268 | Backward Chaining evaluated goal='LATERAL_MOVEMENT' proven=False conf=0.0000 in 0.02ms
2026-08-09 11:20:59 | INFO | httpx._client:_send_single_request:1740 | HTTP Request: GET http://test/api/v1/cases/1/attack-paths "HTTP/1.1 200 OK"
2026-08-09 11:20:59 | INFO | app.ai.backward_chaining:evaluate_goal:268 | Backward Chaining evaluated goal='DATA_EXFILTRATION' proven=False conf=0.0000 in 0.02ms
2026-08-09 11:20:59 | INFO | app.ai.backward_chaining:evaluate_goal:268 | Backward Chaining evaluated goal='PRIVILEGE_ESCALATION' proven=False conf=0.0000 in 0.03ms
2026-08-09 11:20:59 | INFO | app.ai.backward_chaining:evaluate_goal:268 | Backward Chaining evaluated goal='LATERAL_MOVEMENT' proven=False conf=0.0000 in 0.04ms
2026-08-09 11:20:59 | INFO | app.ai.backward_chaining:evaluate_goal:268 | Backward Chaining evaluated goal='DATA_EXFILTRATION' proven=False conf=0.0000 in 0.03ms
2026-08-09 11:20:59 | INFO | app.ai.backward_chaining:evaluate_goal:268 | Backward Chaining evaluated goal='PRIVILEGE_ESCALATION' proven=False conf=0.0000 in 0.04ms
2026-08-09 11:20:59 | INFO | app.ai.backward_chaining:evaluate_goal:268 | Backward Chaining evaluated goal='LATERAL_MOVEMENT' proven=False conf=0.0000 in 0.03ms
2026-08-09 11:20:59 | INFO | httpx._client:_send_single_request:1740 | HTTP Request: GET http://test/api/attack-path/1 "HTTP/1.1 200 OK"
2026-08-09 11:20:59 | INFO | app.ai.backward_chaining:evaluate_goal:268 | Backward Chaining evaluated goal='DATA_EXFILTRATION' proven=True conf=1.0000 in 0.01ms
2026-08-09 11:20:59 | INFO | app.ai.backward_chaining:evaluate_goal:268 | Backward Chaining evaluated goal='DATA_EXFILTRATION' proven=True conf=0.9500 in 0.03ms
2026-08-09 11:20:59 | INFO | app.ai.backward_chaining:evaluate_goal:268 | Backward Chaining evaluated goal='DATA_EXFILTRATION' proven=True conf=0.9120 in 0.03ms
2026-08-09 11:20:59 | INFO | app.ai.backward_chaining:evaluate_goal:268 | Backward Chaining evaluated goal='DATA_EXFILTRATION' proven=False conf=0.0000 in 0.03ms
2026-08-09 11:20:59 | INFO | app.ai.backward_chaining:evaluate_goal:268 | Backward Chaining evaluated goal='DATA_EXFILTRATION' proven=False conf=0.0000 in 0.02ms
2026-08-09 11:20:59 | WARNING | app.ai.backward_chaining:_prove_goal:298 | Circular rule cycle detected for goal='GOAL_A' at depth=3
2026-08-09 11:20:59 | INFO | app.ai.backward_chaining:evaluate_goal:268 | Backward Chaining evaluated goal='GOAL_A' proven=False conf=0.0000 in 0.35ms
2026-08-09 11:20:59 | INFO | app.ai.backward_chaining:evaluate_goal:268 | Backward Chaining evaluated goal='DATA_EXFILTRATION' proven=True conf=0.9500 in 0.04ms
2026-08-09 11:20:59 | INFO | app.ai.backward_chaining:evaluate_goal:268 | Backward Chaining evaluated goal='DATA_EXFILTRATION' proven=True conf=0.9000 in 0.02ms
2026-08-09 11:20:59 | INFO | app.ai.backward_chaining:evaluate_goal:268 | Backward Chaining evaluated goal='UNKNOWN_NONEXISTENT_GOAL' proven=False conf=0.0000 in 0.00ms
2026-08-09 11:20:59 | INFO | app.ai.backward_chaining:evaluate_goal:268 | Backward Chaining evaluated goal='DATA_EXFILTRATION' proven=False conf=0.0000 in 0.03ms
2026-08-09 11:20:59 | INFO | app.ai.backward_chaining:evaluate_goal:268 | Backward Chaining evaluated goal='N_0' proven=True conf=0.5987 in 0.08ms
2026-08-09 11:20:59 | WARNING | app.ai.backward_chaining:_prove_goal:291 | Backward chaining max depth limit reached at depth=11 for goal='NODE_10'
2026-08-09 11:20:59 | INFO | app.ai.backward_chaining:evaluate_goal:268 | Backward Chaining evaluated goal='NODE_0' proven=False conf=0.0000 in 0.73ms
2026-08-09 11:21:00 | INFO | app.ai.backward_chaining:evaluate_goal:268 | Backward Chaining evaluated goal='DATA_EXFILTRATION' proven=True conf=0.8361 in 0.04ms
2026-08-09 11:21:00 | INFO | httpx._client:_send_single_request:1740 | HTTP Request: POST http://test/api/v1/ai/backward-chaining/run "HTTP/1.1 200 OK"
2026-08-09 11:21:00 | INFO | app.ai.backward_chaining:evaluate_goal:268 | Backward Chaining evaluated goal='PRIVILEGE_ESCALATION' proven=False conf=0.0000 in 0.03ms
2026-08-09 11:21:00 | INFO | httpx._client:_send_single_request:1740 | HTTP Request: POST http://test/api/backward-chaining/evaluate/1?goal=PRIVILEGE_ESCALATION "HTTP/1.1 200 OK"
2026-08-09 11:21:00 | INFO | httpx._client:_send_single_request:1740 | HTTP Request: POST http://test/api/v1/ai/backward-chaining/run "HTTP/1.1 400 Bad Request"
2026-08-09 11:21:00 | INFO | httpx._client:_send_single_request:1740 | HTTP Request: POST http://test/api/cases/ "HTTP/1.1 201 Created"
2026-08-09 11:21:01 | INFO | httpx._client:_send_single_request:1740 | HTTP Request: GET http://test/api/cases/?search=Malware "HTTP/1.1 200 OK"
2026-08-09 11:21:01 | INFO | httpx._client:_send_single_request:1740 | HTTP Request: POST http://test/api/evidence/upload "HTTP/1.1 201 Created"
2026-08-09 11:21:01 | INFO | httpx._client:_send_single_request:1740 | HTTP Request: POST http://test/api/parser/parse/1 "HTTP/1.1 202 Accepted"
2026-08-09 11:21:02 | INFO | httpx._client:_send_single_request:1740 | HTTP Request: POST http://test/api/normalize/1 "HTTP/1.1 202 Accepted"
2026-08-09 11:21:02 | INFO | httpx._client:_send_single_request:1740 | HTTP Request: POST http://test/api/graph/build/1 "HTTP/1.1 202 Accepted"
2026-08-09 11:21:02 | INFO | httpx._client:_send_single_request:1740 | HTTP Request: POST http://test/api/csp/validate/1 "HTTP/1.1 202 Accepted"
2026-08-09 11:21:02 | INFO | httpx._client:_send_single_request:1740 | HTTP Request: GET http://test/api/csp/status/1 "HTTP/1.1 200 OK"
2026-08-09 11:21:02 | INFO | httpx._client:_send_single_request:1740 | HTTP Request: GET http://test/api/csp/results/1 "HTTP/1.1 200 OK"
2026-08-09 11:21:02 | INFO | httpx._client:_send_single_request:1740 | HTTP Request: POST http://test/api/evidence/upload "HTTP/1.1 201 Created"
2026-08-09 11:21:03 | INFO | httpx._client:_send_single_request:1740 | HTTP Request: POST http://test/api/evidence/upload "HTTP/1.1 400 Bad Request"
2026-08-09 11:21:04 | INFO | httpx._client:_send_single_request:1740 | HTTP Request: POST http://test/api/evidence/upload "HTTP/1.1 201 Created"
2026-08-09 11:21:04 | INFO | httpx._client:_send_single_request:1740 | HTTP Request: POST http://test/api/evidence/upload "HTTP/1.1 409 Conflict"
2026-08-09 11:21:04 | INFO | app.services.forward_chaining_service:run_forward_chaining:135 | Running Forward Chaining for Case ID 1 with 6 initial fact(s).
2026-08-09 11:21:04 | INFO | app.services.forward_chaining_service:run_forward_chaining:151 | Forward Chaining completed for Case ID 1 | Fired Rules: 2 | Derived Facts: 4 | Time: 0.038 ms
2026-08-09 11:21:04 | INFO | httpx._client:_send_single_request:1740 | HTTP Request: POST http://test/api/v1/ai/forward-chaining/run "HTTP/1.1 200 OK"
2026-08-09 11:21:04 | WARNING | app.services.forward_chaining_service:run_forward_chaining:49 | Forward Chaining failed: Case ID 999999 not found.
2026-08-09 11:21:04 | INFO | httpx._client:_send_single_request:1740 | HTTP Request: POST http://test/api/v1/ai/forward-chaining/run "HTTP/1.1 404 Not Found"
2026-08-09 11:21:05 | INFO | httpx._client:_send_single_request:1740 | HTTP Request: POST http://test/api/evidence/upload "HTTP/1.1 201 Created"
2026-08-09 11:21:05 | INFO | httpx._client:_send_single_request:1740 | HTTP Request: POST http://test/api/parser/parse/1 "HTTP/1.1 202 Accepted"
2026-08-09 11:21:05 | INFO | httpx._client:_send_single_request:1740 | HTTP Request: POST http://test/api/normalize/1 "HTTP/1.1 202 Accepted"
2026-08-09 11:21:05 | INFO | httpx._client:_send_single_request:1740 | HTTP Request: POST http://test/api/graph/build/1 "HTTP/1.1 202 Accepted"
2026-08-09 11:21:05 | INFO | httpx._client:_send_single_request:1740 | HTTP Request: GET http://test/api/graph/1 "HTTP/1.1 200 OK"
2026-08-09 11:21:05 | INFO | httpx._client:_send_single_request:1740 | HTTP Request: GET http://test/api/graph/statistics/1 "HTTP/1.1 200 OK"
2026-08-09 11:21:06 | INFO | app.ai.backward_chaining:evaluate_goal:268 | Backward Chaining evaluated goal='DATA_EXFILTRATION' proven=False conf=0.0000 in 0.02ms
2026-08-09 11:21:06 | INFO | app.ai.backward_chaining:evaluate_goal:268 | Backward Chaining evaluated goal='PRIVILEGE_ESCALATION' proven=False conf=0.0000 in 0.03ms
2026-08-09 11:21:06 | INFO | app.ai.backward_chaining:evaluate_goal:268 | Backward Chaining evaluated goal='LATERAL_MOVEMENT' proven=False conf=0.0000 in 0.02ms
2026-08-09 11:21:06 | INFO | app.ai.backward_chaining:evaluate_goal:268 | Backward Chaining evaluated goal='DATA_EXFILTRATION' proven=False conf=0.0000 in 0.02ms
2026-08-09 11:21:06 | INFO | app.ai.backward_chaining:evaluate_goal:268 | Backward Chaining evaluated goal='PRIVILEGE_ESCALATION' proven=False conf=0.0000 in 0.02ms
2026-08-09 11:21:06 | INFO | app.ai.backward_chaining:evaluate_goal:268 | Backward Chaining evaluated goal='LATERAL_MOVEMENT' proven=False conf=0.0000 in 0.02ms
2026-08-09 11:21:06 | INFO | app.ai.backward_chaining:evaluate_goal:268 | Backward Chaining evaluated goal='PERSISTENCE' proven=False conf=0.0000 in 0.02ms
2026-08-09 11:21:06 | INFO | app.ai.backward_chaining:evaluate_goal:268 | Backward Chaining evaluated goal='DATA_EXFILTRATION' proven=False conf=0.0000 in 0.03ms
2026-08-09 11:21:06 | INFO | app.ai.backward_chaining:evaluate_goal:268 | Backward Chaining evaluated goal='PRIVILEGE_ESCALATION' proven=False conf=0.0000 in 0.03ms
2026-08-09 11:21:06 | INFO | app.ai.backward_chaining:evaluate_goal:268 | Backward Chaining evaluated goal='LATERAL_MOVEMENT' proven=False conf=0.0000 in 0.05ms
2026-08-09 11:21:06 | INFO | app.ai.backward_chaining:evaluate_goal:268 | Backward Chaining evaluated goal='DATA_EXFILTRATION' proven=False conf=0.0000 in 0.03ms
2026-08-09 11:21:06 | INFO | app.ai.backward_chaining:evaluate_goal:268 | Backward Chaining evaluated goal='PRIVILEGE_ESCALATION' proven=False conf=0.0000 in 0.03ms
2026-08-09 11:21:06 | INFO | app.ai.backward_chaining:evaluate_goal:268 | Backward Chaining evaluated goal='LATERAL_MOVEMENT' proven=False conf=0.0000 in 0.04ms
2026-08-09 11:21:06 | INFO | httpx._client:_send_single_request:1740 | HTTP Request: GET http://test/api/v1/cases/1/investigation-summary "HTTP/1.1 200 OK"
2026-08-09 11:21:06 | INFO | app.ai.backward_chaining:evaluate_goal:268 | Backward Chaining evaluated goal='DATA_EXFILTRATION' proven=False conf=0.0000 in 0.02ms
2026-08-09 11:21:06 | INFO | app.ai.backward_chaining:evaluate_goal:268 | Backward Chaining evaluated goal='PRIVILEGE_ESCALATION' proven=False conf=0.0000 in 0.03ms
2026-08-09 11:21:06 | INFO | app.ai.backward_chaining:evaluate_goal:268 | Backward Chaining evaluated goal='LATERAL_MOVEMENT' proven=False conf=0.0000 in 0.02ms
2026-08-09 11:21:06 | INFO | app.ai.backward_chaining:evaluate_goal:268 | Backward Chaining evaluated goal='DATA_EXFILTRATION' proven=False conf=0.0000 in 0.03ms
2026-08-09 11:21:06 | INFO | app.ai.backward_chaining:evaluate_goal:268 | Backward Chaining evaluated goal='PRIVILEGE_ESCALATION' proven=False conf=0.0000 in 0.03ms
2026-08-09 11:21:06 | INFO | app.ai.backward_chaining:evaluate_goal:268 | Backward Chaining evaluated goal='LATERAL_MOVEMENT' proven=False conf=0.0000 in 0.02ms
2026-08-09 11:21:06 | INFO | app.ai.backward_chaining:evaluate_goal:268 | Backward Chaining evaluated goal='PERSISTENCE' proven=False conf=0.0000 in 0.02ms
2026-08-09 11:21:06 | INFO | app.ai.backward_chaining:evaluate_goal:268 | Backward Chaining evaluated goal='DATA_EXFILTRATION' proven=False conf=0.0000 in 0.02ms
2026-08-09 11:21:06 | INFO | app.ai.backward_chaining:evaluate_goal:268 | Backward Chaining evaluated goal='PRIVILEGE_ESCALATION' proven=False conf=0.0000 in 0.02ms
2026-08-09 11:21:06 | INFO | app.ai.backward_chaining:evaluate_goal:268 | Backward Chaining evaluated goal='LATERAL_MOVEMENT' proven=False conf=0.0000 in 0.02ms
2026-08-09 11:21:06 | INFO | app.ai.backward_chaining:evaluate_goal:268 | Backward Chaining evaluated goal='DATA_EXFILTRATION' proven=False conf=0.0000 in 0.02ms
2026-08-09 11:21:06 | INFO | app.ai.backward_chaining:evaluate_goal:268 | Backward Chaining evaluated goal='PRIVILEGE_ESCALATION' proven=False conf=0.0000 in 0.03ms
2026-08-09 11:21:06 | INFO | app.ai.backward_chaining:evaluate_goal:268 | Backward Chaining evaluated goal='LATERAL_MOVEMENT' proven=False conf=0.0000 in 0.03ms
2026-08-09 11:21:06 | INFO | httpx._client:_send_single_request:1740 | HTTP Request: GET http://test/api/investigation-summary/1 "HTTP/1.1 200 OK"
2026-08-09 11:21:06 | INFO | httpx._client:_send_single_request:1740 | HTTP Request: POST http://test/api/evidence/upload "HTTP/1.1 201 Created"
2026-08-09 11:21:06 | INFO | httpx._client:_send_single_request:1740 | HTTP Request: POST http://test/api/parser/parse/1 "HTTP/1.1 202 Accepted"
2026-08-09 11:21:06 | INFO | httpx._client:_send_single_request:1740 | HTTP Request: POST http://test/api/normalize/1 "HTTP/1.1 202 Accepted"
2026-08-09 11:21:06 | INFO | httpx._client:_send_single_request:1740 | HTTP Request: GET http://test/api/normalized-events/1 "HTTP/1.1 200 OK"
2026-08-09 11:21:07 | INFO | httpx._client:_send_single_request:1740 | HTTP Request: POST http://test/api/evidence/upload "HTTP/1.1 201 Created"
2026-08-09 11:21:07 | INFO | httpx._client:_send_single_request:1740 | HTTP Request: POST http://test/api/parser/parse/1 "HTTP/1.1 202 Accepted"
2026-08-09 11:21:07 | INFO | httpx._client:_send_single_request:1740 | HTTP Request: GET http://test/api/parser/events/case/1 "HTTP/1.1 200 OK"
2026-08-09 11:21:08 | INFO | app.ai.backward_chaining:evaluate_goal:268 | Backward Chaining evaluated goal='DATA_EXFILTRATION' proven=False conf=0.0000 in 0.02ms
2026-08-09 11:21:08 | INFO | app.ai.backward_chaining:evaluate_goal:268 | Backward Chaining evaluated goal='PRIVILEGE_ESCALATION' proven=False conf=0.0000 in 0.02ms
2026-08-09 11:21:08 | INFO | app.ai.backward_chaining:evaluate_goal:268 | Backward Chaining evaluated goal='LATERAL_MOVEMENT' proven=False conf=0.0000 in 0.03ms
2026-08-09 11:21:08 | INFO | app.ai.backward_chaining:evaluate_goal:268 | Backward Chaining evaluated goal='DATA_EXFILTRATION' proven=False conf=0.0000 in 0.03ms
2026-08-09 11:21:08 | INFO | app.ai.backward_chaining:evaluate_goal:268 | Backward Chaining evaluated goal='PRIVILEGE_ESCALATION' proven=False conf=0.0000 in 0.04ms
2026-08-09 11:21:08 | INFO | app.ai.backward_chaining:evaluate_goal:268 | Backward Chaining evaluated goal='LATERAL_MOVEMENT' proven=False conf=0.0000 in 0.03ms
2026-08-09 11:21:08 | INFO | app.ai.backward_chaining:evaluate_goal:268 | Backward Chaining evaluated goal='PERSISTENCE' proven=False conf=0.0000 in 0.02ms
2026-08-09 11:21:08 | INFO | app.ai.backward_chaining:evaluate_goal:268 | Backward Chaining evaluated goal='DATA_EXFILTRATION' proven=False conf=0.0000 in 0.03ms
2026-08-09 11:21:08 | INFO | app.ai.backward_chaining:evaluate_goal:268 | Backward Chaining evaluated goal='PRIVILEGE_ESCALATION' proven=False conf=0.0000 in 0.02ms
2026-08-09 11:21:08 | INFO | app.ai.backward_chaining:evaluate_goal:268 | Backward Chaining evaluated goal='LATERAL_MOVEMENT' proven=False conf=0.0000 in 0.02ms
2026-08-09 11:21:08 | INFO | app.ai.backward_chaining:evaluate_goal:268 | Backward Chaining evaluated goal='DATA_EXFILTRATION' proven=False conf=0.0000 in 0.02ms
2026-08-09 11:21:08 | INFO | app.ai.backward_chaining:evaluate_goal:268 | Backward Chaining evaluated goal='PRIVILEGE_ESCALATION' proven=False conf=0.0000 in 0.02ms
2026-08-09 11:21:08 | INFO | app.ai.backward_chaining:evaluate_goal:268 | Backward Chaining evaluated goal='LATERAL_MOVEMENT' proven=False conf=0.0000 in 0.03ms
2026-08-09 11:21:08 | INFO | app.ai.backward_chaining:evaluate_goal:268 | Backward Chaining evaluated goal='DATA_EXFILTRATION' proven=False conf=0.0000 in 0.02ms
2026-08-09 11:21:08 | INFO | app.ai.backward_chaining:evaluate_goal:268 | Backward Chaining evaluated goal='PRIVILEGE_ESCALATION' proven=False conf=0.0000 in 0.02ms
2026-08-09 11:21:08 | INFO | app.ai.backward_chaining:evaluate_goal:268 | Backward Chaining evaluated goal='LATERAL_MOVEMENT' proven=False conf=0.0000 in 0.02ms
2026-08-09 11:21:08 | INFO | app.ai.backward_chaining:evaluate_goal:268 | Backward Chaining evaluated goal='DATA_EXFILTRATION' proven=False conf=0.0000 in 0.02ms
2026-08-09 11:21:08 | INFO | app.ai.backward_chaining:evaluate_goal:268 | Backward Chaining evaluated goal='PRIVILEGE_ESCALATION' proven=False conf=0.0000 in 0.03ms
2026-08-09 11:21:08 | INFO | app.ai.backward_chaining:evaluate_goal:268 | Backward Chaining evaluated goal='LATERAL_MOVEMENT' proven=False conf=0.0000 in 0.03ms
2026-08-09 11:21:08 | INFO | app.ai.backward_chaining:evaluate_goal:268 | Backward Chaining evaluated goal='PERSISTENCE' proven=False conf=0.0000 in 0.02ms
2026-08-09 11:21:08 | INFO | app.ai.backward_chaining:evaluate_goal:268 | Backward Chaining evaluated goal='DATA_EXFILTRATION' proven=False conf=0.0000 in 0.02ms
2026-08-09 11:21:08 | INFO | app.ai.backward_chaining:evaluate_goal:268 | Backward Chaining evaluated goal='PRIVILEGE_ESCALATION' proven=False conf=0.0000 in 0.02ms
2026-08-09 11:21:08 | INFO | app.ai.backward_chaining:evaluate_goal:268 | Backward Chaining evaluated goal='LATERAL_MOVEMENT' proven=False conf=0.0000 in 0.02ms
2026-08-09 11:21:08 | INFO | app.ai.backward_chaining:evaluate_goal:268 | Backward Chaining evaluated goal='DATA_EXFILTRATION' proven=False conf=0.0000 in 0.02ms
2026-08-09 11:21:08 | INFO | app.ai.backward_chaining:evaluate_goal:268 | Backward Chaining evaluated goal='PRIVILEGE_ESCALATION' proven=False conf=0.0000 in 0.02ms
2026-08-09 11:21:08 | INFO | app.ai.backward_chaining:evaluate_goal:268 | Backward Chaining evaluated goal='LATERAL_MOVEMENT' proven=False conf=0.0000 in 0.02ms
2026-08-09 11:21:08 | INFO | app.ai.backward_chaining:evaluate_goal:268 | Backward Chaining evaluated goal='DATA_EXFILTRATION' proven=False conf=0.0000 in 0.02ms
2026-08-09 11:21:08 | INFO | app.ai.backward_chaining:evaluate_goal:268 | Backward Chaining evaluated goal='PRIVILEGE_ESCALATION' proven=False conf=0.0000 in 0.02ms
2026-08-09 11:21:08 | INFO | app.ai.backward_chaining:evaluate_goal:268 | Backward Chaining evaluated goal='LATERAL_MOVEMENT' proven=False conf=0.0000 in 0.02ms
2026-08-09 11:21:08 | INFO | app.ai.backward_chaining:evaluate_goal:268 | Backward Chaining evaluated goal='DATA_EXFILTRATION' proven=False conf=0.0000 in 0.02ms
2026-08-09 11:21:08 | INFO | app.ai.backward_chaining:evaluate_goal:268 | Backward Chaining evaluated goal='PRIVILEGE_ESCALATION' proven=False conf=0.0000 in 0.02ms
2026-08-09 11:21:08 | INFO | app.ai.backward_chaining:evaluate_goal:268 | Backward Chaining evaluated goal='LATERAL_MOVEMENT' proven=False conf=0.0000 in 0.02ms
2026-08-09 11:21:08 | INFO | app.ai.backward_chaining:evaluate_goal:268 | Backward Chaining evaluated goal='PERSISTENCE' proven=False conf=0.0000 in 0.02ms
2026-08-09 11:21:08 | INFO | app.ai.backward_chaining:evaluate_goal:268 | Backward Chaining evaluated goal='DATA_EXFILTRATION' proven=False conf=0.0000 in 0.02ms
2026-08-09 11:21:08 | INFO | app.ai.backward_chaining:evaluate_goal:268 | Backward Chaining evaluated goal='PRIVILEGE_ESCALATION' proven=False conf=0.0000 in 0.02ms
2026-08-09 11:21:08 | INFO | app.ai.backward_chaining:evaluate_goal:268 | Backward Chaining evaluated goal='LATERAL_MOVEMENT' proven=False conf=0.0000 in 0.02ms
2026-08-09 11:21:08 | INFO | app.ai.backward_chaining:evaluate_goal:268 | Backward Chaining evaluated goal='DATA_EXFILTRATION' proven=False conf=0.0000 in 0.02ms
2026-08-09 11:21:08 | INFO | app.ai.backward_chaining:evaluate_goal:268 | Backward Chaining evaluated goal='PRIVILEGE_ESCALATION' proven=False conf=0.0000 in 0.03ms
2026-08-09 11:21:08 | INFO | app.ai.backward_chaining:evaluate_goal:268 | Backward Chaining evaluated goal='LATERAL_MOVEMENT' proven=False conf=0.0000 in 0.02ms
2026-08-09 11:21:08 | INFO | app.ai.backward_chaining:evaluate_goal:268 | Backward Chaining evaluated goal='DATA_EXFILTRATION' proven=False conf=0.0000 in 0.02ms
2026-08-09 11:21:08 | INFO | app.ai.backward_chaining:evaluate_goal:268 | Backward Chaining evaluated goal='PRIVILEGE_ESCALATION' proven=False conf=0.0000 in 0.03ms
2026-08-09 11:21:08 | INFO | app.ai.backward_chaining:evaluate_goal:268 | Backward Chaining evaluated goal='LATERAL_MOVEMENT' proven=False conf=0.0000 in 0.02ms
2026-08-09 11:21:08 | INFO | app.ai.backward_chaining:evaluate_goal:268 | Backward Chaining evaluated goal='DATA_EXFILTRATION' proven=False conf=0.0000 in 0.02ms
2026-08-09 11:21:08 | INFO | app.ai.backward_chaining:evaluate_goal:268 | Backward Chaining evaluated goal='PRIVILEGE_ESCALATION' proven=False conf=0.0000 in 0.02ms
2026-08-09 11:21:08 | INFO | app.ai.backward_chaining:evaluate_goal:268 | Backward Chaining evaluated goal='LATERAL_MOVEMENT' proven=False conf=0.0000 in 0.02ms
2026-08-09 11:21:08 | INFO | app.ai.backward_chaining:evaluate_goal:268 | Backward Chaining evaluated goal='PERSISTENCE' proven=False conf=0.0000 in 0.02ms
2026-08-09 11:21:08 | INFO | app.ai.backward_chaining:evaluate_goal:268 | Backward Chaining evaluated goal='DATA_EXFILTRATION' proven=False conf=0.0000 in 0.03ms
2026-08-09 11:21:08 | INFO | app.ai.backward_chaining:evaluate_goal:268 | Backward Chaining evaluated goal='PRIVILEGE_ESCALATION' proven=False conf=0.0000 in 0.03ms
2026-08-09 11:21:08 | INFO | app.ai.backward_chaining:evaluate_goal:268 | Backward Chaining evaluated goal='LATERAL_MOVEMENT' proven=False conf=0.0000 in 0.03ms
2026-08-09 11:21:08 | INFO | app.ai.backward_chaining:evaluate_goal:268 | Backward Chaining evaluated goal='DATA_EXFILTRATION' proven=False conf=0.0000 in 0.02ms
2026-08-09 11:21:08 | INFO | app.ai.backward_chaining:evaluate_goal:268 | Backward Chaining evaluated goal='PRIVILEGE_ESCALATION' proven=False conf=0.0000 in 0.02ms
2026-08-09 11:21:08 | INFO | app.ai.backward_chaining:evaluate_goal:268 | Backward Chaining evaluated goal='LATERAL_MOVEMENT' proven=False conf=0.0000 in 0.02ms
2026-08-09 11:21:10 | INFO | app.ai.backward_chaining:evaluate_goal:268 | Backward Chaining evaluated goal='DATA_EXFILTRATION' proven=False conf=0.0000 in 0.02ms
2026-08-09 11:21:10 | INFO | app.ai.backward_chaining:evaluate_goal:268 | Backward Chaining evaluated goal='PRIVILEGE_ESCALATION' proven=False conf=0.0000 in 0.03ms
2026-08-09 11:21:10 | INFO | app.ai.backward_chaining:evaluate_goal:268 | Backward Chaining evaluated goal='LATERAL_MOVEMENT' proven=False conf=0.0000 in 0.03ms
2026-08-09 11:21:10 | INFO | app.ai.backward_chaining:evaluate_goal:268 | Backward Chaining evaluated goal='DATA_EXFILTRATION' proven=False conf=0.0000 in 0.02ms
2026-08-09 11:21:10 | INFO | app.ai.backward_chaining:evaluate_goal:268 | Backward Chaining evaluated goal='PRIVILEGE_ESCALATION' proven=False conf=0.0000 in 0.02ms
2026-08-09 11:21:10 | INFO | app.ai.backward_chaining:evaluate_goal:268 | Backward Chaining evaluated goal='LATERAL_MOVEMENT' proven=False conf=0.0000 in 0.02ms
2026-08-09 11:21:10 | INFO | app.ai.backward_chaining:evaluate_goal:268 | Backward Chaining evaluated goal='PERSISTENCE' proven=False conf=0.0000 in 0.02ms
2026-08-09 11:21:10 | INFO | app.ai.backward_chaining:evaluate_goal:268 | Backward Chaining evaluated goal='DATA_EXFILTRATION' proven=False conf=0.0000 in 0.02ms
2026-08-09 11:21:10 | INFO | app.ai.backward_chaining:evaluate_goal:268 | Backward Chaining evaluated goal='PRIVILEGE_ESCALATION' proven=False conf=0.0000 in 0.03ms
2026-08-09 11:21:10 | INFO | app.ai.backward_chaining:evaluate_goal:268 | Backward Chaining evaluated goal='LATERAL_MOVEMENT' proven=False conf=0.0000 in 0.03ms
2026-08-09 11:21:10 | INFO | app.ai.backward_chaining:evaluate_goal:268 | Backward Chaining evaluated goal='DATA_EXFILTRATION' proven=False conf=0.0000 in 0.02ms
2026-08-09 11:21:10 | INFO | app.ai.backward_chaining:evaluate_goal:268 | Backward Chaining evaluated goal='PRIVILEGE_ESCALATION' proven=False conf=0.0000 in 0.02ms
2026-08-09 11:21:10 | INFO | app.ai.backward_chaining:evaluate_goal:268 | Backward Chaining evaluated goal='LATERAL_MOVEMENT' proven=False conf=0.0000 in 0.02ms
2026-08-09 11:21:10 | INFO | app.ai.backward_chaining:evaluate_goal:268 | Backward Chaining evaluated goal='DATA_EXFILTRATION' proven=False conf=0.0000 in 0.02ms
2026-08-09 11:21:10 | INFO | app.ai.backward_chaining:evaluate_goal:268 | Backward Chaining evaluated goal='PRIVILEGE_ESCALATION' proven=False conf=0.0000 in 0.02ms
2026-08-09 11:21:10 | INFO | app.ai.backward_chaining:evaluate_goal:268 | Backward Chaining evaluated goal='LATERAL_MOVEMENT' proven=False conf=0.0000 in 0.02ms
2026-08-09 11:21:10 | INFO | app.ai.backward_chaining:evaluate_goal:268 | Backward Chaining evaluated goal='DATA_EXFILTRATION' proven=False conf=0.0000 in 0.02ms
2026-08-09 11:21:10 | INFO | app.ai.backward_chaining:evaluate_goal:268 | Backward Chaining evaluated goal='PRIVILEGE_ESCALATION' proven=False conf=0.0000 in 0.02ms
2026-08-09 11:21:10 | INFO | app.ai.backward_chaining:evaluate_goal:268 | Backward Chaining evaluated goal='LATERAL_MOVEMENT' proven=False conf=0.0000 in 0.02ms
2026-08-09 11:21:10 | INFO | app.ai.backward_chaining:evaluate_goal:268 | Backward Chaining evaluated goal='PERSISTENCE' proven=False conf=0.0000 in 0.02ms
2026-08-09 11:21:10 | INFO | app.ai.backward_chaining:evaluate_goal:268 | Backward Chaining evaluated goal='DATA_EXFILTRATION' proven=False conf=0.0000 in 0.02ms
2026-08-09 11:21:10 | INFO | app.ai.backward_chaining:evaluate_goal:268 | Backward Chaining evaluated goal='PRIVILEGE_ESCALATION' proven=False conf=0.0000 in 0.02ms
2026-08-09 11:21:10 | INFO | app.ai.backward_chaining:evaluate_goal:268 | Backward Chaining evaluated goal='LATERAL_MOVEMENT' proven=False conf=0.0000 in 0.02ms
2026-08-09 11:21:10 | INFO | app.ai.backward_chaining:evaluate_goal:268 | Backward Chaining evaluated goal='DATA_EXFILTRATION' proven=False conf=0.0000 in 0.02ms
2026-08-09 11:21:10 | INFO | app.ai.backward_chaining:evaluate_goal:268 | Backward Chaining evaluated goal='PRIVILEGE_ESCALATION' proven=False conf=0.0000 in 0.02ms
2026-08-09 11:21:10 | INFO | app.ai.backward_chaining:evaluate_goal:268 | Backward Chaining evaluated goal='LATERAL_MOVEMENT' proven=False conf=0.0000 in 0.02ms
2026-08-09 11:21:10 | INFO | httpx._client:_send_single_request:1740 | HTTP Request: POST http://test/api/v1/cases/1/reports "HTTP/1.1 201 Created"
2026-08-09 11:21:10 | INFO | httpx._client:_send_single_request:1740 | HTTP Request: GET http://test/api/v1/cases/1/reports/history "HTTP/1.1 200 OK"
2026-08-09 11:21:10 | INFO | httpx._client:_send_single_request:1740 | HTTP Request: GET http://test/api/v1/cases/1/reports/e9fcff2e-c704-4d1c-90ad-a32dd96222c6/download "HTTP/1.1 200 OK"
2026-08-09 11:21:10 | INFO | httpx._client:_send_single_request:1740 | HTTP Request: GET http://test/api/v1/cases/1/reports/e9fcff2e-c704-4d1c-90ad-a32dd96222c6/download "HTTP/1.1 401 Unauthorized"
2026-08-09 11:21:10 | INFO | app.ai.backward_chaining:evaluate_goal:268 | Backward Chaining evaluated goal='DATA_EXFILTRATION' proven=False conf=0.0000 in 0.02ms
2026-08-09 11:21:10 | INFO | app.ai.backward_chaining:evaluate_goal:268 | Backward Chaining evaluated goal='PRIVILEGE_ESCALATION' proven=False conf=0.0000 in 0.02ms
2026-08-09 11:21:10 | INFO | app.ai.backward_chaining:evaluate_goal:268 | Backward Chaining evaluated goal='LATERAL_MOVEMENT' proven=False conf=0.0000 in 0.03ms
2026-08-09 11:21:10 | INFO | app.ai.backward_chaining:evaluate_goal:268 | Backward Chaining evaluated goal='PERSISTENCE' proven=False conf=0.0000 in 0.02ms
2026-08-09 11:21:10 | INFO | httpx._client:_send_single_request:1740 | HTTP Request: GET http://test/api/v1/cases/1/risk-score "HTTP/1.1 200 OK"
2026-08-09 11:21:10 | INFO | app.ai.backward_chaining:evaluate_goal:268 | Backward Chaining evaluated goal='DATA_EXFILTRATION' proven=False conf=0.0000 in 0.02ms
2026-08-09 11:21:10 | INFO | app.ai.backward_chaining:evaluate_goal:268 | Backward Chaining evaluated goal='PRIVILEGE_ESCALATION' proven=False conf=0.0000 in 0.02ms
2026-08-09 11:21:10 | INFO | app.ai.backward_chaining:evaluate_goal:268 | Backward Chaining evaluated goal='LATERAL_MOVEMENT' proven=False conf=0.0000 in 0.02ms
2026-08-09 11:21:10 | INFO | app.ai.backward_chaining:evaluate_goal:268 | Backward Chaining evaluated goal='PERSISTENCE' proven=False conf=0.0000 in 0.02ms
2026-08-09 11:21:10 | INFO | httpx._client:_send_single_request:1740 | HTTP Request: GET http://test/api/risk-score/1 "HTTP/1.1 200 OK"
2026-08-09 11:21:11 | INFO | app.ai.backward_chaining:evaluate_goal:268 | Backward Chaining evaluated goal='DATA_EXFILTRATION' proven=False conf=0.0000 in 0.02ms
2026-08-09 11:21:11 | INFO | app.ai.backward_chaining:evaluate_goal:268 | Backward Chaining evaluated goal='PRIVILEGE_ESCALATION' proven=False conf=0.0000 in 0.03ms
2026-08-09 11:21:11 | INFO | app.ai.backward_chaining:evaluate_goal:268 | Backward Chaining evaluated goal='LATERAL_MOVEMENT' proven=False conf=0.0000 in 0.02ms
2026-08-09 11:21:12 | INFO | app.ai.backward_chaining:evaluate_goal:268 | Backward Chaining evaluated goal='DATA_EXFILTRATION' proven=False conf=0.0000 in 0.02ms
2026-08-09 11:21:12 | INFO | app.ai.backward_chaining:evaluate_goal:268 | Backward Chaining evaluated goal='PRIVILEGE_ESCALATION' proven=False conf=0.0000 in 0.02ms
2026-08-09 11:21:12 | INFO | app.ai.backward_chaining:evaluate_goal:268 | Backward Chaining evaluated goal='LATERAL_MOVEMENT' proven=False conf=0.0000 in 0.02ms
2026-08-09 11:21:12 | INFO | app.ai.backward_chaining:evaluate_goal:268 | Backward Chaining evaluated goal='DATA_EXFILTRATION' proven=False conf=0.0000 in 0.02ms
2026-08-09 11:21:12 | INFO | app.ai.backward_chaining:evaluate_goal:268 | Backward Chaining evaluated goal='PRIVILEGE_ESCALATION' proven=False conf=0.0000 in 0.02ms
2026-08-09 11:21:12 | INFO | app.ai.backward_chaining:evaluate_goal:268 | Backward Chaining evaluated goal='LATERAL_MOVEMENT' proven=False conf=0.0000 in 0.02ms
2026-08-09 11:21:12 | INFO | app.ai.backward_chaining:evaluate_goal:268 | Backward Chaining evaluated goal='DATA_EXFILTRATION' proven=False conf=0.0000 in 0.05ms
2026-08-09 11:21:12 | INFO | app.ai.backward_chaining:evaluate_goal:268 | Backward Chaining evaluated goal='PRIVILEGE_ESCALATION' proven=False conf=0.0000 in 0.07ms
2026-08-09 11:21:12 | INFO | app.ai.backward_chaining:evaluate_goal:268 | Backward Chaining evaluated goal='LATERAL_MOVEMENT' proven=False conf=0.0000 in 0.06ms
2026-08-09 11:21:13 | INFO | app.ai.backward_chaining:evaluate_goal:268 | Backward Chaining evaluated goal='DATA_EXFILTRATION' proven=True conf=1.0000 in 0.00ms
2026-08-09 11:21:13 | INFO | app.ai.backward_chaining:evaluate_goal:268 | Backward Chaining evaluated goal='PRIVILEGE_ESCALATION' proven=False conf=0.0000 in 0.02ms
2026-08-09 11:21:13 | INFO | app.ai.backward_chaining:evaluate_goal:268 | Backward Chaining evaluated goal='LATERAL_MOVEMENT' proven=False conf=0.0000 in 0.02ms
2026-08-09 11:21:14 | INFO | app.ai.backward_chaining:evaluate_goal:268 | Backward Chaining evaluated goal='DATA_EXFILTRATION' proven=True conf=0.9120 in 0.02ms
2026-08-09 11:21:14 | INFO | app.ai.backward_chaining:evaluate_goal:268 | Backward Chaining evaluated goal='PRIVILEGE_ESCALATION' proven=False conf=0.0000 in 0.02ms
2026-08-09 11:21:14 | INFO | app.ai.backward_chaining:evaluate_goal:268 | Backward Chaining evaluated goal='LATERAL_MOVEMENT' proven=False conf=0.0000 in 0.02ms
2026-08-09 11:21:14 | INFO | app.ai.backward_chaining:evaluate_goal:268 | Backward Chaining evaluated goal='DATA_EXFILTRATION' proven=False conf=0.0000 in 0.02ms
2026-08-09 11:21:14 | INFO | app.ai.backward_chaining:evaluate_goal:268 | Backward Chaining evaluated goal='PRIVILEGE_ESCALATION' proven=False conf=0.0000 in 0.02ms
2026-08-09 11:21:14 | INFO | app.ai.backward_chaining:evaluate_goal:268 | Backward Chaining evaluated goal='LATERAL_MOVEMENT' proven=False conf=0.0000 in 0.02ms
2026-08-09 11:21:15 | INFO | app.ai.backward_chaining:evaluate_goal:268 | Backward Chaining evaluated goal='DATA_EXFILTRATION' proven=False conf=0.0000 in 0.02ms
2026-08-09 11:21:15 | INFO | app.ai.backward_chaining:evaluate_goal:268 | Backward Chaining evaluated goal='PRIVILEGE_ESCALATION' proven=False conf=0.0000 in 0.02ms
2026-08-09 11:21:15 | INFO | app.ai.backward_chaining:evaluate_goal:268 | Backward Chaining evaluated goal='LATERAL_MOVEMENT' proven=False conf=0.0000 in 0.02ms
2026-08-09 11:21:16 | INFO | app.ai.backward_chaining:evaluate_goal:268 | Backward Chaining evaluated goal='DATA_EXFILTRATION' proven=False conf=0.0000 in 0.02ms
2026-08-09 11:21:16 | INFO | app.ai.backward_chaining:evaluate_goal:268 | Backward Chaining evaluated goal='PRIVILEGE_ESCALATION' proven=False conf=0.0000 in 0.02ms
2026-08-09 11:21:16 | INFO | app.ai.backward_chaining:evaluate_goal:268 | Backward Chaining evaluated goal='LATERAL_MOVEMENT' proven=False conf=0.0000 in 0.02ms
2026-08-09 11:21:16 | INFO | httpx._client:_send_single_request:1740 | HTTP Request: GET http://test/api/v1/cases/1/timeline "HTTP/1.1 200 OK"
2026-08-09 11:21:16 | INFO | app.ai.backward_chaining:evaluate_goal:268 | Backward Chaining evaluated goal='DATA_EXFILTRATION' proven=False conf=0.0000 in 0.02ms
2026-08-09 11:21:16 | INFO | app.ai.backward_chaining:evaluate_goal:268 | Backward Chaining evaluated goal='PRIVILEGE_ESCALATION' proven=False conf=0.0000 in 0.02ms
2026-08-09 11:21:16 | INFO | app.ai.backward_chaining:evaluate_goal:268 | Backward Chaining evaluated goal='LATERAL_MOVEMENT' proven=False conf=0.0000 in 0.02ms
2026-08-09 11:21:16 | INFO | httpx._client:_send_single_request:1740 | HTTP Request: GET http://test/api/timeline/1 "HTTP/1.1 200 OK"
2026-08-09 11:21:16 | INFO | app.ai.backward_chaining:evaluate_goal:268 | Backward Chaining evaluated goal='DATA_EXFILTRATION' proven=False conf=0.0000 in 0.02ms
2026-08-09 11:21:16 | INFO | app.ai.backward_chaining:evaluate_goal:268 | Backward Chaining evaluated goal='PRIVILEGE_ESCALATION' proven=False conf=0.0000 in 0.03ms
2026-08-09 11:21:16 | INFO | app.ai.backward_chaining:evaluate_goal:268 | Backward Chaining evaluated goal='LATERAL_MOVEMENT' proven=False conf=0.0000 in 0.02ms
2026-08-09 11:21:16 | INFO | httpx._client:_send_single_request:1740 | HTTP Request: GET http://test/api/timeline/1/suspicious "HTTP/1.1 200 OK"
2026-08-09 11:21:16 | INFO | app.services.ucs_service:run_ucs:104 | Executing UCS for Case ID 1 | Start: 'login' | Goal: 'usb_remove'
2026-08-09 11:21:16 | INFO | app.services.ucs_service:run_ucs:124 | UCS Search Succeeded | Case ID: 1 | Start: 'login' | Goal: 'usb_remove' | Visited Nodes: 4 | Total Cost: 3.0000 | Time: 0.016 ms
2026-08-09 11:21:16 | INFO | httpx._client:_send_single_request:1740 | HTTP Request: POST http://test/api/v1/ai/ucs/run "HTTP/1.1 200 OK"
2026-08-09 11:21:17 | INFO | app.services.ucs_service:run_ucs:104 | Executing UCS for Case ID 1 | Start: 'login' | Goal: 'isolated_exfil'
2026-08-09 11:21:17 | WARNING | app.services.ucs_service:run_ucs:114 | UCS search completed: No path found between 'login' and 'isolated_exfil' in Case ID 1. Explored 5 nodes.
2026-08-09 11:21:17 | INFO | httpx._client:_send_single_request:1740 | HTTP Request: POST http://test/api/v1/ai/ucs/run "HTTP/1.1 400 Bad Request"
2026-08-09 11:21:17 | WARNING | app.services.ucs_service:run_ucs:74 | UCS failed: Start node 'non_existent_start' not found in Case 1.
2026-08-09 11:21:17 | INFO | httpx._client:_send_single_request:1740 | HTTP Request: POST http://test/api/v1/ai/ucs/run "HTTP/1.1 404 Not Found"
2026-08-09 11:21:17 | WARNING | app.services.ucs_service:run_ucs:83 | UCS failed: Goal node 'non_existent_goal' not found in Case 1.
2026-08-09 11:21:17 | INFO | httpx._client:_send_single_request:1740 | HTTP Request: POST http://test/api/v1/ai/ucs/run "HTTP/1.1 404 Not Found"
2026-08-09 11:21:18 | WARNING | app.services.ucs_service:run_ucs:48 | UCS failed: Case ID 999999 not found.
2026-08-09 11:21:18 | INFO | httpx._client:_send_single_request:1740 | HTTP Request: POST http://test/api/v1/ai/ucs/run "HTTP/1.1 404 Not Found"
2026-08-09 11:22:09 | INFO | app.core.logging:setup_logging:54 | Logging initialized | env=development | debug=True
2026-08-09 11:22:10 | INFO | httpx._client:_send_single_request:1740 | HTTP Request: GET http://test/health "HTTP/1.1 200 OK"
2026-08-09 11:22:10 | INFO | httpx._client:_send_single_request:1740 | HTTP Request: GET http://test/api/v1/cases/1 "HTTP/1.1 404 Not Found"
2026-08-09 11:22:10 | INFO | app.ai.backward_chaining:evaluate_goal:268 | Backward Chaining evaluated goal='DATA_EXFILTRATION' proven=False conf=0.0000 in 0.03ms
2026-08-09 11:22:10 | INFO | app.ai.backward_chaining:evaluate_goal:268 | Backward Chaining evaluated goal='PRIVILEGE_ESCALATION' proven=False conf=0.0000 in 0.02ms
2026-08-09 11:22:10 | INFO | app.ai.backward_chaining:evaluate_goal:268 | Backward Chaining evaluated goal='LATERAL_MOVEMENT' proven=False conf=0.0000 in 0.02ms
2026-08-09 11:22:10 | INFO | app.ai.backward_chaining:evaluate_goal:268 | Backward Chaining evaluated goal='DATA_EXFILTRATION' proven=False conf=0.0000 in 0.02ms
2026-08-09 11:22:10 | INFO | app.ai.backward_chaining:evaluate_goal:268 | Backward Chaining evaluated goal='PRIVILEGE_ESCALATION' proven=False conf=0.0000 in 0.02ms
2026-08-09 11:22:10 | INFO | app.ai.backward_chaining:evaluate_goal:268 | Backward Chaining evaluated goal='LATERAL_MOVEMENT' proven=False conf=0.0000 in 0.02ms
2026-08-09 11:22:10 | INFO | app.ai.backward_chaining:evaluate_goal:268 | Backward Chaining evaluated goal='PERSISTENCE' proven=False conf=0.0000 in 0.02ms
2026-08-09 11:22:10 | INFO | app.ai.backward_chaining:evaluate_goal:268 | Backward Chaining evaluated goal='DATA_EXFILTRATION' proven=False conf=0.0000 in 0.02ms
2026-08-09 11:22:10 | INFO | app.ai.backward_chaining:evaluate_goal:268 | Backward Chaining evaluated goal='PRIVILEGE_ESCALATION' proven=False conf=0.0000 in 0.03ms
2026-08-09 11:22:10 | INFO | app.ai.backward_chaining:evaluate_goal:268 | Backward Chaining evaluated goal='LATERAL_MOVEMENT' proven=False conf=0.0000 in 0.02ms
2026-08-09 11:22:10 | INFO | app.ai.backward_chaining:evaluate_goal:268 | Backward Chaining evaluated goal='DATA_EXFILTRATION' proven=False conf=0.0000 in 0.02ms
2026-08-09 11:22:10 | INFO | app.ai.backward_chaining:evaluate_goal:268 | Backward Chaining evaluated goal='PRIVILEGE_ESCALATION' proven=False conf=0.0000 in 0.02ms
2026-08-09 11:22:10 | INFO | app.ai.backward_chaining:evaluate_goal:268 | Backward Chaining evaluated goal='LATERAL_MOVEMENT' proven=False conf=0.0000 in 0.02ms
2026-08-09 11:22:10 | INFO | app.ai.backward_chaining:evaluate_goal:268 | Backward Chaining evaluated goal='DATA_EXFILTRATION' proven=False conf=0.0000 in 0.02ms
2026-08-09 11:22:10 | INFO | app.ai.backward_chaining:evaluate_goal:268 | Backward Chaining evaluated goal='PRIVILEGE_ESCALATION' proven=False conf=0.0000 in 0.02ms
2026-08-09 11:22:10 | INFO | app.ai.backward_chaining:evaluate_goal:268 | Backward Chaining evaluated goal='LATERAL_MOVEMENT' proven=False conf=0.0000 in 0.02ms
2026-08-09 11:22:10 | INFO | app.ai.backward_chaining:evaluate_goal:268 | Backward Chaining evaluated goal='DATA_EXFILTRATION' proven=False conf=0.0000 in 0.02ms
2026-08-09 11:22:10 | INFO | app.ai.backward_chaining:evaluate_goal:268 | Backward Chaining evaluated goal='PRIVILEGE_ESCALATION' proven=False conf=0.0000 in 0.02ms
2026-08-09 11:22:10 | INFO | app.ai.backward_chaining:evaluate_goal:268 | Backward Chaining evaluated goal='LATERAL_MOVEMENT' proven=False conf=0.0000 in 0.02ms
2026-08-09 11:22:10 | INFO | app.ai.backward_chaining:evaluate_goal:268 | Backward Chaining evaluated goal='PERSISTENCE' proven=False conf=0.0000 in 0.02ms
2026-08-09 11:22:10 | INFO | app.ai.backward_chaining:evaluate_goal:268 | Backward Chaining evaluated goal='DATA_EXFILTRATION' proven=False conf=0.0000 in 0.02ms
2026-08-09 11:22:10 | INFO | app.ai.backward_chaining:evaluate_goal:268 | Backward Chaining evaluated goal='PRIVILEGE_ESCALATION' proven=False conf=0.0000 in 0.02ms
2026-08-09 11:22:10 | INFO | app.ai.backward_chaining:evaluate_goal:268 | Backward Chaining evaluated goal='LATERAL_MOVEMENT' proven=False conf=0.0000 in 0.02ms
2026-08-09 11:22:10 | INFO | app.ai.backward_chaining:evaluate_goal:268 | Backward Chaining evaluated goal='DATA_EXFILTRATION' proven=False conf=0.0000 in 0.02ms
2026-08-09 11:22:10 | INFO | app.ai.backward_chaining:evaluate_goal:268 | Backward Chaining evaluated goal='PRIVILEGE_ESCALATION' proven=False conf=0.0000 in 0.02ms
2026-08-09 11:22:10 | INFO | app.ai.backward_chaining:evaluate_goal:268 | Backward Chaining evaluated goal='LATERAL_MOVEMENT' proven=False conf=0.0000 in 0.02ms
2026-08-09 11:22:10 | INFO | app.ai.backward_chaining:evaluate_goal:268 | Backward Chaining evaluated goal='DATA_EXFILTRATION' proven=False conf=0.0000 in 0.02ms
2026-08-09 11:22:10 | INFO | app.ai.backward_chaining:evaluate_goal:268 | Backward Chaining evaluated goal='PRIVILEGE_ESCALATION' proven=False conf=0.0000 in 0.02ms
2026-08-09 11:22:10 | INFO | app.ai.backward_chaining:evaluate_goal:268 | Backward Chaining evaluated goal='LATERAL_MOVEMENT' proven=False conf=0.0000 in 0.02ms
2026-08-09 11:22:10 | INFO | app.ai.backward_chaining:evaluate_goal:268 | Backward Chaining evaluated goal='DATA_EXFILTRATION' proven=False conf=0.0000 in 0.02ms
2026-08-09 11:22:10 | INFO | app.ai.backward_chaining:evaluate_goal:268 | Backward Chaining evaluated goal='PRIVILEGE_ESCALATION' proven=False conf=0.0000 in 0.02ms
2026-08-09 11:22:10 | INFO | app.ai.backward_chaining:evaluate_goal:268 | Backward Chaining evaluated goal='LATERAL_MOVEMENT' proven=False conf=0.0000 in 0.02ms
2026-08-09 11:22:10 | INFO | app.ai.backward_chaining:evaluate_goal:268 | Backward Chaining evaluated goal='PERSISTENCE' proven=False conf=0.0000 in 0.02ms
2026-08-09 11:22:10 | INFO | app.ai.backward_chaining:evaluate_goal:268 | Backward Chaining evaluated goal='DATA_EXFILTRATION' proven=False conf=0.0000 in 0.02ms
2026-08-09 11:22:10 | INFO | app.ai.backward_chaining:evaluate_goal:268 | Backward Chaining evaluated goal='PRIVILEGE_ESCALATION' proven=False conf=0.0000 in 0.02ms
2026-08-09 11:22:10 | INFO | app.ai.backward_chaining:evaluate_goal:268 | Backward Chaining evaluated goal='LATERAL_MOVEMENT' proven=False conf=0.0000 in 0.02ms
2026-08-09 11:22:10 | INFO | app.ai.backward_chaining:evaluate_goal:268 | Backward Chaining evaluated goal='DATA_EXFILTRATION' proven=False conf=0.0000 in 0.02ms
2026-08-09 11:22:10 | INFO | app.ai.backward_chaining:evaluate_goal:268 | Backward Chaining evaluated goal='PRIVILEGE_ESCALATION' proven=False conf=0.0000 in 0.02ms
2026-08-09 11:22:10 | INFO | app.ai.backward_chaining:evaluate_goal:268 | Backward Chaining evaluated goal='LATERAL_MOVEMENT' proven=False conf=0.0000 in 0.02ms
2026-08-09 11:22:10 | INFO | app.ai.backward_chaining:evaluate_goal:268 | Backward Chaining evaluated goal='DATA_EXFILTRATION' proven=False conf=0.0000 in 0.02ms
2026-08-09 11:22:10 | INFO | app.ai.backward_chaining:evaluate_goal:268 | Backward Chaining evaluated goal='PRIVILEGE_ESCALATION' proven=False conf=0.0000 in 0.03ms
2026-08-09 11:22:10 | INFO | app.ai.backward_chaining:evaluate_goal:268 | Backward Chaining evaluated goal='LATERAL_MOVEMENT' proven=False conf=0.0000 in 0.03ms
2026-08-09 11:22:10 | INFO | app.ai.backward_chaining:evaluate_goal:268 | Backward Chaining evaluated goal='DATA_EXFILTRATION' proven=False conf=0.0000 in 0.02ms
2026-08-09 11:22:10 | INFO | app.ai.backward_chaining:evaluate_goal:268 | Backward Chaining evaluated goal='PRIVILEGE_ESCALATION' proven=False conf=0.0000 in 0.02ms
2026-08-09 11:22:10 | INFO | app.ai.backward_chaining:evaluate_goal:268 | Backward Chaining evaluated goal='LATERAL_MOVEMENT' proven=False conf=0.0000 in 0.02ms
2026-08-09 11:22:10 | INFO | app.ai.backward_chaining:evaluate_goal:268 | Backward Chaining evaluated goal='PERSISTENCE' proven=False conf=0.0000 in 0.02ms
2026-08-09 11:22:10 | INFO | app.ai.backward_chaining:evaluate_goal:268 | Backward Chaining evaluated goal='DATA_EXFILTRATION' proven=False conf=0.0000 in 0.02ms
2026-08-09 11:22:10 | INFO | app.ai.backward_chaining:evaluate_goal:268 | Backward Chaining evaluated goal='PRIVILEGE_ESCALATION' proven=False conf=0.0000 in 0.02ms
2026-08-09 11:22:10 | INFO | app.ai.backward_chaining:evaluate_goal:268 | Backward Chaining evaluated goal='LATERAL_MOVEMENT' proven=False conf=0.0000 in 0.02ms
2026-08-09 11:22:10 | INFO | app.ai.backward_chaining:evaluate_goal:268 | Backward Chaining evaluated goal='DATA_EXFILTRATION' proven=False conf=0.0000 in 0.01ms
2026-08-09 11:22:10 | INFO | app.ai.backward_chaining:evaluate_goal:268 | Backward Chaining evaluated goal='PRIVILEGE_ESCALATION' proven=False conf=0.0000 in 0.02ms
2026-08-09 11:22:10 | INFO | app.ai.backward_chaining:evaluate_goal:268 | Backward Chaining evaluated goal='LATERAL_MOVEMENT' proven=False conf=0.0000 in 0.02ms
2026-08-09 11:22:10 | INFO | httpx._client:_send_single_request:1740 | HTTP Request: POST http://test/api/v1/cases/1/reports "HTTP/1.1 201 Created"
2026-08-09 11:22:10 | INFO | httpx._client:_send_single_request:1740 | HTTP Request: GET http://test/api/v1/cases/1/reports/4021bf48-08ef-47f5-9d94-bfae03970681/download "HTTP/1.1 200 OK"
2026-08-09 11:22:10 | INFO | app.ai.backward_chaining:evaluate_goal:268 | Backward Chaining evaluated goal='DATA_EXFILTRATION' proven=False conf=0.0000 in 0.02ms
2026-08-09 11:22:10 | INFO | app.ai.backward_chaining:evaluate_goal:268 | Backward Chaining evaluated goal='PRIVILEGE_ESCALATION' proven=False conf=0.0000 in 0.02ms
2026-08-09 11:22:10 | INFO | app.ai.backward_chaining:evaluate_goal:268 | Backward Chaining evaluated goal='LATERAL_MOVEMENT' proven=False conf=0.0000 in 0.02ms
2026-08-09 11:22:10 | INFO | app.ai.backward_chaining:evaluate_goal:268 | Backward Chaining evaluated goal='DATA_EXFILTRATION' proven=False conf=0.0000 in 0.02ms
2026-08-09 11:22:10 | INFO | app.ai.backward_chaining:evaluate_goal:268 | Backward Chaining evaluated goal='PRIVILEGE_ESCALATION' proven=False conf=0.0000 in 0.02ms
2026-08-09 11:22:10 | INFO | app.ai.backward_chaining:evaluate_goal:268 | Backward Chaining evaluated goal='LATERAL_MOVEMENT' proven=False conf=0.0000 in 0.03ms
2026-08-09 11:22:10 | INFO | app.ai.backward_chaining:evaluate_goal:268 | Backward Chaining evaluated goal='PERSISTENCE' proven=False conf=0.0000 in 0.02ms
2026-08-09 11:22:10 | INFO | app.ai.backward_chaining:evaluate_goal:268 | Backward Chaining evaluated goal='DATA_EXFILTRATION' proven=False conf=0.0000 in 0.02ms
2026-08-09 11:22:10 | INFO | app.ai.backward_chaining:evaluate_goal:268 | Backward Chaining evaluated goal='PRIVILEGE_ESCALATION' proven=False conf=0.0000 in 0.02ms
2026-08-09 11:22:10 | INFO | app.ai.backward_chaining:evaluate_goal:268 | Backward Chaining evaluated goal='LATERAL_MOVEMENT' proven=False conf=0.0000 in 0.02ms
2026-08-09 11:22:10 | INFO | app.ai.backward_chaining:evaluate_goal:268 | Backward Chaining evaluated goal='DATA_EXFILTRATION' proven=False conf=0.0000 in 0.02ms
2026-08-09 11:22:10 | INFO | app.ai.backward_chaining:evaluate_goal:268 | Backward Chaining evaluated goal='PRIVILEGE_ESCALATION' proven=False conf=0.0000 in 0.02ms
2026-08-09 11:22:10 | INFO | app.ai.backward_chaining:evaluate_goal:268 | Backward Chaining evaluated goal='LATERAL_MOVEMENT' proven=False conf=0.0000 in 0.02ms
2026-08-09 11:22:10 | INFO | app.ai.backward_chaining:evaluate_goal:268 | Backward Chaining evaluated goal='DATA_EXFILTRATION' proven=False conf=0.0000 in 0.02ms
2026-08-09 11:22:10 | INFO | app.ai.backward_chaining:evaluate_goal:268 | Backward Chaining evaluated goal='PRIVILEGE_ESCALATION' proven=False conf=0.0000 in 0.02ms
2026-08-09 11:22:10 | INFO | app.ai.backward_chaining:evaluate_goal:268 | Backward Chaining evaluated goal='LATERAL_MOVEMENT' proven=False conf=0.0000 in 0.02ms
2026-08-09 11:22:10 | INFO | app.ai.backward_chaining:evaluate_goal:268 | Backward Chaining evaluated goal='DATA_EXFILTRATION' proven=False conf=0.0000 in 0.02ms
2026-08-09 11:22:10 | INFO | app.ai.backward_chaining:evaluate_goal:268 | Backward Chaining evaluated goal='PRIVILEGE_ESCALATION' proven=False conf=0.0000 in 0.02ms
2026-08-09 11:22:10 | INFO | app.ai.backward_chaining:evaluate_goal:268 | Backward Chaining evaluated goal='LATERAL_MOVEMENT' proven=False conf=0.0000 in 0.02ms
2026-08-09 11:22:10 | INFO | app.ai.backward_chaining:evaluate_goal:268 | Backward Chaining evaluated goal='PERSISTENCE' proven=False conf=0.0000 in 0.03ms
2026-08-09 11:22:10 | INFO | app.ai.backward_chaining:evaluate_goal:268 | Backward Chaining evaluated goal='DATA_EXFILTRATION' proven=False conf=0.0000 in 0.02ms
2026-08-09 11:22:10 | INFO | app.ai.backward_chaining:evaluate_goal:268 | Backward Chaining evaluated goal='PRIVILEGE_ESCALATION' proven=False conf=0.0000 in 0.02ms
2026-08-09 11:22:10 | INFO | app.ai.backward_chaining:evaluate_goal:268 | Backward Chaining evaluated goal='LATERAL_MOVEMENT' proven=False conf=0.0000 in 0.02ms
2026-08-09 11:22:11 | INFO | app.ai.backward_chaining:evaluate_goal:268 | Backward Chaining evaluated goal='DATA_EXFILTRATION' proven=False conf=0.0000 in 0.02ms
2026-08-09 11:22:11 | INFO | app.ai.backward_chaining:evaluate_goal:268 | Backward Chaining evaluated goal='PRIVILEGE_ESCALATION' proven=False conf=0.0000 in 0.02ms
2026-08-09 11:22:11 | INFO | app.ai.backward_chaining:evaluate_goal:268 | Backward Chaining evaluated goal='LATERAL_MOVEMENT' proven=False conf=0.0000 in 0.02ms
2026-08-09 11:22:11 | INFO | httpx._client:_send_single_request:1740 | HTTP Request: POST http://test/api/v1/cases/1/reports "HTTP/1.1 201 Created"
2026-08-09 11:22:11 | INFO | httpx._client:_send_single_request:1740 | HTTP Request: GET http://test/api/v1/cases/1/reports/7c512097-1360-4c7a-af87-974a3bbf88e5/download "HTTP/1.1 200 OK"
2026-08-09 11:22:12 | INFO | app.ai.backward_chaining:evaluate_goal:268 | Backward Chaining evaluated goal='DATA_EXFILTRATION' proven=False conf=0.0000 in 0.02ms
2026-08-09 11:22:12 | INFO | app.ai.backward_chaining:evaluate_goal:268 | Backward Chaining evaluated goal='PRIVILEGE_ESCALATION' proven=False conf=0.0000 in 0.02ms
2026-08-09 11:22:12 | INFO | app.ai.backward_chaining:evaluate_goal:268 | Backward Chaining evaluated goal='LATERAL_MOVEMENT' proven=False conf=0.0000 in 0.02ms
2026-08-09 11:22:12 | INFO | app.ai.backward_chaining:evaluate_goal:268 | Backward Chaining evaluated goal='PERSISTENCE' proven=False conf=0.0000 in 0.02ms
2026-08-09 11:22:12 | INFO | app.ai.backward_chaining:evaluate_goal:268 | Backward Chaining evaluated goal='DATA_EXFILTRATION' proven=False conf=0.0000 in 0.02ms
2026-08-09 11:22:12 | INFO | app.ai.backward_chaining:evaluate_goal:268 | Backward Chaining evaluated goal='PRIVILEGE_ESCALATION' proven=False conf=0.0000 in 0.02ms
2026-08-09 11:22:12 | INFO | app.ai.backward_chaining:evaluate_goal:268 | Backward Chaining evaluated goal='LATERAL_MOVEMENT' proven=False conf=0.0000 in 0.02ms
2026-08-09 11:22:12 | INFO | app.ai.backward_chaining:evaluate_goal:268 | Backward Chaining evaluated goal='PERSISTENCE' proven=False conf=0.0000 in 0.02ms
2026-08-09 11:22:12 | INFO | app.ai.backward_chaining:evaluate_goal:268 | Backward Chaining evaluated goal='DATA_EXFILTRATION' proven=False conf=0.0000 in 0.02ms
2026-08-09 11:22:12 | INFO | app.ai.backward_chaining:evaluate_goal:268 | Backward Chaining evaluated goal='PRIVILEGE_ESCALATION' proven=False conf=0.0000 in 0.02ms
2026-08-09 11:22:12 | INFO | app.ai.backward_chaining:evaluate_goal:268 | Backward Chaining evaluated goal='LATERAL_MOVEMENT' proven=False conf=0.0000 in 0.02ms
2026-08-09 11:22:12 | INFO | app.ai.backward_chaining:evaluate_goal:268 | Backward Chaining evaluated goal='PERSISTENCE' proven=False conf=0.0000 in 0.02ms
2026-08-09 11:22:13 | INFO | httpx._client:_send_single_request:1740 | HTTP Request: GET http://test/api/v1/cases/1/reports/history "HTTP/1.1 401 Unauthorized"
2026-08-09 11:22:13 | INFO | httpx._client:_send_single_request:1740 | HTTP Request: GET http://test/api/v1/cases/1/reports/history "HTTP/1.1 401 Unauthorized"
2026-08-09 11:22:14 | INFO | app.ai.backward_chaining:evaluate_goal:268 | Backward Chaining evaluated goal='DATA_EXFILTRATION' proven=False conf=0.0000 in 0.02ms
2026-08-09 11:22:14 | INFO | app.ai.backward_chaining:evaluate_goal:268 | Backward Chaining evaluated goal='PRIVILEGE_ESCALATION' proven=False conf=0.0000 in 0.02ms
2026-08-09 11:22:14 | INFO | app.ai.backward_chaining:evaluate_goal:268 | Backward Chaining evaluated goal='LATERAL_MOVEMENT' proven=False conf=0.0000 in 0.02ms
2026-08-09 11:22:14 | INFO | app.ai.backward_chaining:evaluate_goal:268 | Backward Chaining evaluated goal='DATA_EXFILTRATION' proven=False conf=0.0000 in 0.02ms
2026-08-09 11:22:14 | INFO | app.ai.backward_chaining:evaluate_goal:268 | Backward Chaining evaluated goal='PRIVILEGE_ESCALATION' proven=False conf=0.0000 in 0.02ms
2026-08-09 11:22:14 | INFO | app.ai.backward_chaining:evaluate_goal:268 | Backward Chaining evaluated goal='LATERAL_MOVEMENT' proven=False conf=0.0000 in 0.02ms
2026-08-09 11:22:14 | INFO | app.ai.backward_chaining:evaluate_goal:268 | Backward Chaining evaluated goal='PERSISTENCE' proven=False conf=0.0000 in 0.02ms
2026-08-09 11:22:14 | INFO | app.ai.backward_chaining:evaluate_goal:268 | Backward Chaining evaluated goal='DATA_EXFILTRATION' proven=False conf=0.0000 in 0.02ms
2026-08-09 11:22:14 | INFO | app.ai.backward_chaining:evaluate_goal:268 | Backward Chaining evaluated goal='PRIVILEGE_ESCALATION' proven=False conf=0.0000 in 0.02ms
2026-08-09 11:22:14 | INFO | app.ai.backward_chaining:evaluate_goal:268 | Backward Chaining evaluated goal='LATERAL_MOVEMENT' proven=False conf=0.0000 in 0.02ms
2026-08-09 11:22:14 | INFO | app.ai.backward_chaining:evaluate_goal:268 | Backward Chaining evaluated goal='DATA_EXFILTRATION' proven=False conf=0.0000 in 0.02ms
2026-08-09 11:22:14 | INFO | app.ai.backward_chaining:evaluate_goal:268 | Backward Chaining evaluated goal='PRIVILEGE_ESCALATION' proven=False conf=0.0000 in 0.03ms
2026-08-09 11:22:14 | INFO | app.ai.backward_chaining:evaluate_goal:268 | Backward Chaining evaluated goal='LATERAL_MOVEMENT' proven=False conf=0.0000 in 0.02ms
2026-08-09 11:22:32 | INFO | app.core.logging:setup_logging:54 | Logging initialized | env=development | debug=True
2026-08-09 11:22:33 | INFO | httpx._client:_send_single_request:1740 | HTTP Request: GET http://test/health "HTTP/1.1 200 OK"
2026-08-09 11:22:33 | INFO | httpx._client:_send_single_request:1740 | HTTP Request: GET http://test/api/v1/cases/1 "HTTP/1.1 404 Not Found"
2026-08-09 11:22:33 | INFO | app.ai.backward_chaining:evaluate_goal:268 | Backward Chaining evaluated goal='DATA_EXFILTRATION' proven=False conf=0.0000 in 0.03ms
2026-08-09 11:22:33 | INFO | app.ai.backward_chaining:evaluate_goal:268 | Backward Chaining evaluated goal='PRIVILEGE_ESCALATION' proven=False conf=0.0000 in 0.03ms
2026-08-09 11:22:33 | INFO | app.ai.backward_chaining:evaluate_goal:268 | Backward Chaining evaluated goal='LATERAL_MOVEMENT' proven=False conf=0.0000 in 0.03ms
2026-08-09 11:22:33 | INFO | app.ai.backward_chaining:evaluate_goal:268 | Backward Chaining evaluated goal='DATA_EXFILTRATION' proven=False conf=0.0000 in 0.02ms
2026-08-09 11:22:33 | INFO | app.ai.backward_chaining:evaluate_goal:268 | Backward Chaining evaluated goal='PRIVILEGE_ESCALATION' proven=False conf=0.0000 in 0.02ms
2026-08-09 11:22:33 | INFO | app.ai.backward_chaining:evaluate_goal:268 | Backward Chaining evaluated goal='LATERAL_MOVEMENT' proven=False conf=0.0000 in 0.02ms
2026-08-09 11:22:33 | INFO | app.ai.backward_chaining:evaluate_goal:268 | Backward Chaining evaluated goal='PERSISTENCE' proven=False conf=0.0000 in 0.02ms
2026-08-09 11:22:33 | INFO | app.ai.backward_chaining:evaluate_goal:268 | Backward Chaining evaluated goal='DATA_EXFILTRATION' proven=False conf=0.0000 in 0.02ms
2026-08-09 11:22:33 | INFO | app.ai.backward_chaining:evaluate_goal:268 | Backward Chaining evaluated goal='PRIVILEGE_ESCALATION' proven=False conf=0.0000 in 0.02ms
2026-08-09 11:22:33 | INFO | app.ai.backward_chaining:evaluate_goal:268 | Backward Chaining evaluated goal='LATERAL_MOVEMENT' proven=False conf=0.0000 in 0.02ms
2026-08-09 11:22:33 | INFO | app.ai.backward_chaining:evaluate_goal:268 | Backward Chaining evaluated goal='DATA_EXFILTRATION' proven=False conf=0.0000 in 0.02ms
2026-08-09 11:22:33 | INFO | app.ai.backward_chaining:evaluate_goal:268 | Backward Chaining evaluated goal='PRIVILEGE_ESCALATION' proven=False conf=0.0000 in 0.02ms
2026-08-09 11:22:33 | INFO | app.ai.backward_chaining:evaluate_goal:268 | Backward Chaining evaluated goal='LATERAL_MOVEMENT' proven=False conf=0.0000 in 0.02ms
2026-08-09 11:22:33 | INFO | app.ai.backward_chaining:evaluate_goal:268 | Backward Chaining evaluated goal='DATA_EXFILTRATION' proven=False conf=0.0000 in 0.02ms
2026-08-09 11:22:33 | INFO | app.ai.backward_chaining:evaluate_goal:268 | Backward Chaining evaluated goal='PRIVILEGE_ESCALATION' proven=False conf=0.0000 in 0.02ms
2026-08-09 11:22:33 | INFO | app.ai.backward_chaining:evaluate_goal:268 | Backward Chaining evaluated goal='LATERAL_MOVEMENT' proven=False conf=0.0000 in 0.02ms
2026-08-09 11:22:33 | INFO | app.ai.backward_chaining:evaluate_goal:268 | Backward Chaining evaluated goal='DATA_EXFILTRATION' proven=False conf=0.0000 in 0.02ms
2026-08-09 11:22:33 | INFO | app.ai.backward_chaining:evaluate_goal:268 | Backward Chaining evaluated goal='PRIVILEGE_ESCALATION' proven=False conf=0.0000 in 0.02ms
2026-08-09 11:22:33 | INFO | app.ai.backward_chaining:evaluate_goal:268 | Backward Chaining evaluated goal='LATERAL_MOVEMENT' proven=False conf=0.0000 in 0.02ms
2026-08-09 11:22:33 | INFO | app.ai.backward_chaining:evaluate_goal:268 | Backward Chaining evaluated goal='PERSISTENCE' proven=False conf=0.0000 in 0.02ms
2026-08-09 11:22:33 | INFO | app.ai.backward_chaining:evaluate_goal:268 | Backward Chaining evaluated goal='DATA_EXFILTRATION' proven=False conf=0.0000 in 0.02ms
2026-08-09 11:22:33 | INFO | app.ai.backward_chaining:evaluate_goal:268 | Backward Chaining evaluated goal='PRIVILEGE_ESCALATION' proven=False conf=0.0000 in 0.02ms
2026-08-09 11:22:33 | INFO | app.ai.backward_chaining:evaluate_goal:268 | Backward Chaining evaluated goal='LATERAL_MOVEMENT' proven=False conf=0.0000 in 0.02ms
2026-08-09 11:22:33 | INFO | app.ai.backward_chaining:evaluate_goal:268 | Backward Chaining evaluated goal='DATA_EXFILTRATION' proven=False conf=0.0000 in 0.02ms
2026-08-09 11:22:33 | INFO | app.ai.backward_chaining:evaluate_goal:268 | Backward Chaining evaluated goal='PRIVILEGE_ESCALATION' proven=False conf=0.0000 in 0.02ms
2026-08-09 11:22:33 | INFO | app.ai.backward_chaining:evaluate_goal:268 | Backward Chaining evaluated goal='LATERAL_MOVEMENT' proven=False conf=0.0000 in 0.02ms
2026-08-09 11:22:33 | INFO | app.ai.backward_chaining:evaluate_goal:268 | Backward Chaining evaluated goal='DATA_EXFILTRATION' proven=False conf=0.0000 in 0.02ms
2026-08-09 11:22:33 | INFO | app.ai.backward_chaining:evaluate_goal:268 | Backward Chaining evaluated goal='PRIVILEGE_ESCALATION' proven=False conf=0.0000 in 0.02ms
2026-08-09 11:22:33 | INFO | app.ai.backward_chaining:evaluate_goal:268 | Backward Chaining evaluated goal='LATERAL_MOVEMENT' proven=False conf=0.0000 in 0.02ms
2026-08-09 11:22:33 | INFO | app.ai.backward_chaining:evaluate_goal:268 | Backward Chaining evaluated goal='DATA_EXFILTRATION' proven=False conf=0.0000 in 0.02ms
2026-08-09 11:22:33 | INFO | app.ai.backward_chaining:evaluate_goal:268 | Backward Chaining evaluated goal='PRIVILEGE_ESCALATION' proven=False conf=0.0000 in 0.02ms
2026-08-09 11:22:33 | INFO | app.ai.backward_chaining:evaluate_goal:268 | Backward Chaining evaluated goal='LATERAL_MOVEMENT' proven=False conf=0.0000 in 0.02ms
2026-08-09 11:22:33 | INFO | app.ai.backward_chaining:evaluate_goal:268 | Backward Chaining evaluated goal='PERSISTENCE' proven=False conf=0.0000 in 0.02ms
2026-08-09 11:22:33 | INFO | app.ai.backward_chaining:evaluate_goal:268 | Backward Chaining evaluated goal='DATA_EXFILTRATION' proven=False conf=0.0000 in 0.02ms
2026-08-09 11:22:33 | INFO | app.ai.backward_chaining:evaluate_goal:268 | Backward Chaining evaluated goal='PRIVILEGE_ESCALATION' proven=False conf=0.0000 in 0.02ms
2026-08-09 11:22:33 | INFO | app.ai.backward_chaining:evaluate_goal:268 | Backward Chaining evaluated goal='LATERAL_MOVEMENT' proven=False conf=0.0000 in 0.02ms
2026-08-09 11:22:33 | INFO | app.ai.backward_chaining:evaluate_goal:268 | Backward Chaining evaluated goal='DATA_EXFILTRATION' proven=False conf=0.0000 in 0.02ms
2026-08-09 11:22:33 | INFO | app.ai.backward_chaining:evaluate_goal:268 | Backward Chaining evaluated goal='PRIVILEGE_ESCALATION' proven=False conf=0.0000 in 0.02ms
2026-08-09 11:22:33 | INFO | app.ai.backward_chaining:evaluate_goal:268 | Backward Chaining evaluated goal='LATERAL_MOVEMENT' proven=False conf=0.0000 in 0.02ms
2026-08-09 11:22:33 | INFO | app.ai.backward_chaining:evaluate_goal:268 | Backward Chaining evaluated goal='DATA_EXFILTRATION' proven=False conf=0.0000 in 0.02ms
2026-08-09 11:22:33 | INFO | app.ai.backward_chaining:evaluate_goal:268 | Backward Chaining evaluated goal='PRIVILEGE_ESCALATION' proven=False conf=0.0000 in 0.02ms
2026-08-09 11:22:33 | INFO | app.ai.backward_chaining:evaluate_goal:268 | Backward Chaining evaluated goal='LATERAL_MOVEMENT' proven=False conf=0.0000 in 0.02ms
2026-08-09 11:22:33 | INFO | app.ai.backward_chaining:evaluate_goal:268 | Backward Chaining evaluated goal='DATA_EXFILTRATION' proven=False conf=0.0000 in 0.02ms
2026-08-09 11:22:33 | INFO | app.ai.backward_chaining:evaluate_goal:268 | Backward Chaining evaluated goal='PRIVILEGE_ESCALATION' proven=False conf=0.0000 in 0.02ms
2026-08-09 11:22:33 | INFO | app.ai.backward_chaining:evaluate_goal:268 | Backward Chaining evaluated goal='LATERAL_MOVEMENT' proven=False conf=0.0000 in 0.02ms
2026-08-09 11:22:33 | INFO | app.ai.backward_chaining:evaluate_goal:268 | Backward Chaining evaluated goal='PERSISTENCE' proven=False conf=0.0000 in 0.02ms
2026-08-09 11:22:33 | INFO | app.ai.backward_chaining:evaluate_goal:268 | Backward Chaining evaluated goal='DATA_EXFILTRATION' proven=False conf=0.0000 in 0.02ms
2026-08-09 11:22:33 | INFO | app.ai.backward_chaining:evaluate_goal:268 | Backward Chaining evaluated goal='PRIVILEGE_ESCALATION' proven=False conf=0.0000 in 0.02ms
2026-08-09 11:22:33 | INFO | app.ai.backward_chaining:evaluate_goal:268 | Backward Chaining evaluated goal='LATERAL_MOVEMENT' proven=False conf=0.0000 in 0.02ms
2026-08-09 11:22:33 | INFO | app.ai.backward_chaining:evaluate_goal:268 | Backward Chaining evaluated goal='DATA_EXFILTRATION' proven=False conf=0.0000 in 0.02ms
2026-08-09 11:22:33 | INFO | app.ai.backward_chaining:evaluate_goal:268 | Backward Chaining evaluated goal='PRIVILEGE_ESCALATION' proven=False conf=0.0000 in 0.02ms
2026-08-09 11:22:33 | INFO | app.ai.backward_chaining:evaluate_goal:268 | Backward Chaining evaluated goal='LATERAL_MOVEMENT' proven=False conf=0.0000 in 0.02ms
2026-08-09 11:22:33 | INFO | httpx._client:_send_single_request:1740 | HTTP Request: POST http://test/api/v1/cases/1/reports "HTTP/1.1 201 Created"
2026-08-09 11:22:33 | INFO | httpx._client:_send_single_request:1740 | HTTP Request: GET http://test/api/v1/cases/1/reports/c1f44ea3-d188-4e40-9079-858362ac0110/download "HTTP/1.1 200 OK"
2026-08-09 11:22:33 | INFO | app.ai.backward_chaining:evaluate_goal:268 | Backward Chaining evaluated goal='DATA_EXFILTRATION' proven=False conf=0.0000 in 0.02ms
2026-08-09 11:22:33 | INFO | app.ai.backward_chaining:evaluate_goal:268 | Backward Chaining evaluated goal='PRIVILEGE_ESCALATION' proven=False conf=0.0000 in 0.02ms
2026-08-09 11:22:33 | INFO | app.ai.backward_chaining:evaluate_goal:268 | Backward Chaining evaluated goal='LATERAL_MOVEMENT' proven=False conf=0.0000 in 0.02ms
2026-08-09 11:22:33 | INFO | app.ai.backward_chaining:evaluate_goal:268 | Backward Chaining evaluated goal='DATA_EXFILTRATION' proven=False conf=0.0000 in 0.02ms
2026-08-09 11:22:33 | INFO | app.ai.backward_chaining:evaluate_goal:268 | Backward Chaining evaluated goal='PRIVILEGE_ESCALATION' proven=False conf=0.0000 in 0.03ms
2026-08-09 11:22:33 | INFO | app.ai.backward_chaining:evaluate_goal:268 | Backward Chaining evaluated goal='LATERAL_MOVEMENT' proven=False conf=0.0000 in 0.02ms
2026-08-09 11:22:33 | INFO | app.ai.backward_chaining:evaluate_goal:268 | Backward Chaining evaluated goal='PERSISTENCE' proven=False conf=0.0000 in 0.02ms
2026-08-09 11:22:33 | INFO | app.ai.backward_chaining:evaluate_goal:268 | Backward Chaining evaluated goal='DATA_EXFILTRATION' proven=False conf=0.0000 in 0.02ms
2026-08-09 11:22:33 | INFO | app.ai.backward_chaining:evaluate_goal:268 | Backward Chaining evaluated goal='PRIVILEGE_ESCALATION' proven=False conf=0.0000 in 0.02ms
2026-08-09 11:22:33 | INFO | app.ai.backward_chaining:evaluate_goal:268 | Backward Chaining evaluated goal='LATERAL_MOVEMENT' proven=False conf=0.0000 in 0.02ms
2026-08-09 11:22:33 | INFO | app.ai.backward_chaining:evaluate_goal:268 | Backward Chaining evaluated goal='DATA_EXFILTRATION' proven=False conf=0.0000 in 0.02ms
2026-08-09 11:22:33 | INFO | app.ai.backward_chaining:evaluate_goal:268 | Backward Chaining evaluated goal='PRIVILEGE_ESCALATION' proven=False conf=0.0000 in 0.03ms
2026-08-09 11:22:33 | INFO | app.ai.backward_chaining:evaluate_goal:268 | Backward Chaining evaluated goal='LATERAL_MOVEMENT' proven=False conf=0.0000 in 0.02ms
2026-08-09 11:22:33 | INFO | app.ai.backward_chaining:evaluate_goal:268 | Backward Chaining evaluated goal='DATA_EXFILTRATION' proven=False conf=0.0000 in 0.02ms
2026-08-09 11:22:33 | INFO | app.ai.backward_chaining:evaluate_goal:268 | Backward Chaining evaluated goal='PRIVILEGE_ESCALATION' proven=False conf=0.0000 in 0.02ms
2026-08-09 11:22:33 | INFO | app.ai.backward_chaining:evaluate_goal:268 | Backward Chaining evaluated goal='LATERAL_MOVEMENT' proven=False conf=0.0000 in 0.02ms
2026-08-09 11:22:33 | INFO | app.ai.backward_chaining:evaluate_goal:268 | Backward Chaining evaluated goal='DATA_EXFILTRATION' proven=False conf=0.0000 in 0.02ms
2026-08-09 11:22:33 | INFO | app.ai.backward_chaining:evaluate_goal:268 | Backward Chaining evaluated goal='PRIVILEGE_ESCALATION' proven=False conf=0.0000 in 0.02ms
2026-08-09 11:22:33 | INFO | app.ai.backward_chaining:evaluate_goal:268 | Backward Chaining evaluated goal='LATERAL_MOVEMENT' proven=False conf=0.0000 in 0.02ms
2026-08-09 11:22:33 | INFO | app.ai.backward_chaining:evaluate_goal:268 | Backward Chaining evaluated goal='PERSISTENCE' proven=False conf=0.0000 in 0.02ms
2026-08-09 11:22:33 | INFO | app.ai.backward_chaining:evaluate_goal:268 | Backward Chaining evaluated goal='DATA_EXFILTRATION' proven=False conf=0.0000 in 0.02ms
2026-08-09 11:22:33 | INFO | app.ai.backward_chaining:evaluate_goal:268 | Backward Chaining evaluated goal='PRIVILEGE_ESCALATION' proven=False conf=0.0000 in 0.02ms
2026-08-09 11:22:33 | INFO | app.ai.backward_chaining:evaluate_goal:268 | Backward Chaining evaluated goal='LATERAL_MOVEMENT' proven=False conf=0.0000 in 0.02ms
2026-08-09 11:22:33 | INFO | app.ai.backward_chaining:evaluate_goal:268 | Backward Chaining evaluated goal='DATA_EXFILTRATION' proven=False conf=0.0000 in 0.02ms
2026-08-09 11:22:33 | INFO | app.ai.backward_chaining:evaluate_goal:268 | Backward Chaining evaluated goal='PRIVILEGE_ESCALATION' proven=False conf=0.0000 in 0.02ms
2026-08-09 11:22:33 | INFO | app.ai.backward_chaining:evaluate_goal:268 | Backward Chaining evaluated goal='LATERAL_MOVEMENT' proven=False conf=0.0000 in 0.02ms
2026-08-09 11:22:33 | INFO | httpx._client:_send_single_request:1740 | HTTP Request: POST http://test/api/v1/cases/1/reports "HTTP/1.1 201 Created"
2026-08-09 11:22:33 | INFO | httpx._client:_send_single_request:1740 | HTTP Request: GET http://test/api/v1/cases/1/reports/8fe3fa59-7f91-425d-b776-dd40d5d1edeb/download "HTTP/1.1 200 OK"
2026-08-09 11:22:35 | INFO | app.ai.backward_chaining:evaluate_goal:268 | Backward Chaining evaluated goal='DATA_EXFILTRATION' proven=False conf=0.0000 in 0.02ms
2026-08-09 11:22:35 | INFO | app.ai.backward_chaining:evaluate_goal:268 | Backward Chaining evaluated goal='PRIVILEGE_ESCALATION' proven=False conf=0.0000 in 0.02ms
2026-08-09 11:22:35 | INFO | app.ai.backward_chaining:evaluate_goal:268 | Backward Chaining evaluated goal='LATERAL_MOVEMENT' proven=False conf=0.0000 in 0.02ms
2026-08-09 11:22:35 | INFO | app.ai.backward_chaining:evaluate_goal:268 | Backward Chaining evaluated goal='PERSISTENCE' proven=False conf=0.0000 in 0.02ms
2026-08-09 11:22:35 | INFO | app.ai.backward_chaining:evaluate_goal:268 | Backward Chaining evaluated goal='DATA_EXFILTRATION' proven=False conf=0.0000 in 0.02ms
2026-08-09 11:22:35 | INFO | app.ai.backward_chaining:evaluate_goal:268 | Backward Chaining evaluated goal='PRIVILEGE_ESCALATION' proven=False conf=0.0000 in 0.02ms
2026-08-09 11:22:35 | INFO | app.ai.backward_chaining:evaluate_goal:268 | Backward Chaining evaluated goal='LATERAL_MOVEMENT' proven=False conf=0.0000 in 0.02ms
2026-08-09 11:22:35 | INFO | app.ai.backward_chaining:evaluate_goal:268 | Backward Chaining evaluated goal='PERSISTENCE' proven=False conf=0.0000 in 0.02ms
2026-08-09 11:22:35 | INFO | app.ai.backward_chaining:evaluate_goal:268 | Backward Chaining evaluated goal='DATA_EXFILTRATION' proven=False conf=0.0000 in 0.02ms
2026-08-09 11:22:35 | INFO | app.ai.backward_chaining:evaluate_goal:268 | Backward Chaining evaluated goal='PRIVILEGE_ESCALATION' proven=False conf=0.0000 in 0.02ms
2026-08-09 11:22:35 | INFO | app.ai.backward_chaining:evaluate_goal:268 | Backward Chaining evaluated goal='LATERAL_MOVEMENT' proven=False conf=0.0000 in 0.02ms
2026-08-09 11:22:35 | INFO | app.ai.backward_chaining:evaluate_goal:268 | Backward Chaining evaluated goal='PERSISTENCE' proven=False conf=0.0000 in 0.02ms
2026-08-09 11:22:35 | INFO | httpx._client:_send_single_request:1740 | HTTP Request: GET http://test/api/v1/cases/1/reports/history "HTTP/1.1 401 Unauthorized"
2026-08-09 11:22:35 | INFO | httpx._client:_send_single_request:1740 | HTTP Request: GET http://test/api/v1/cases/1/reports/history "HTTP/1.1 401 Unauthorized"
2026-08-09 11:22:36 | INFO | app.ai.backward_chaining:evaluate_goal:268 | Backward Chaining evaluated goal='DATA_EXFILTRATION' proven=False conf=0.0000 in 0.02ms
2026-08-09 11:22:36 | INFO | app.ai.backward_chaining:evaluate_goal:268 | Backward Chaining evaluated goal='PRIVILEGE_ESCALATION' proven=False conf=0.0000 in 0.03ms
2026-08-09 11:22:36 | INFO | app.ai.backward_chaining:evaluate_goal:268 | Backward Chaining evaluated goal='LATERAL_MOVEMENT' proven=False conf=0.0000 in 0.03ms
2026-08-09 11:22:36 | INFO | app.ai.backward_chaining:evaluate_goal:268 | Backward Chaining evaluated goal='DATA_EXFILTRATION' proven=False conf=0.0000 in 0.03ms
2026-08-09 11:22:36 | INFO | app.ai.backward_chaining:evaluate_goal:268 | Backward Chaining evaluated goal='PRIVILEGE_ESCALATION' proven=False conf=0.0000 in 0.04ms
2026-08-09 11:22:36 | INFO | app.ai.backward_chaining:evaluate_goal:268 | Backward Chaining evaluated goal='LATERAL_MOVEMENT' proven=False conf=0.0000 in 0.04ms
2026-08-09 11:22:36 | INFO | app.ai.backward_chaining:evaluate_goal:268 | Backward Chaining evaluated goal='PERSISTENCE' proven=False conf=0.0000 in 0.03ms
2026-08-09 11:22:36 | INFO | app.ai.backward_chaining:evaluate_goal:268 | Backward Chaining evaluated goal='DATA_EXFILTRATION' proven=False conf=0.0000 in 0.04ms
2026-08-09 11:22:36 | INFO | app.ai.backward_chaining:evaluate_goal:268 | Backward Chaining evaluated goal='PRIVILEGE_ESCALATION' proven=False conf=0.0000 in 0.07ms
2026-08-09 11:22:36 | INFO | app.ai.backward_chaining:evaluate_goal:268 | Backward Chaining evaluated goal='LATERAL_MOVEMENT' proven=False conf=0.0000 in 0.04ms
2026-08-09 11:22:36 | INFO | app.ai.backward_chaining:evaluate_goal:268 | Backward Chaining evaluated goal='DATA_EXFILTRATION' proven=False conf=0.0000 in 0.03ms
2026-08-09 11:22:36 | INFO | app.ai.backward_chaining:evaluate_goal:268 | Backward Chaining evaluated goal='PRIVILEGE_ESCALATION' proven=False conf=0.0000 in 0.04ms
2026-08-09 11:22:36 | INFO | app.ai.backward_chaining:evaluate_goal:268 | Backward Chaining evaluated goal='LATERAL_MOVEMENT' proven=False conf=0.0000 in 0.04ms
2026-08-09 11:22:51 | INFO | app.core.logging:setup_logging:54 | Logging initialized | env=development | debug=True
2026-08-09 11:22:52 | INFO | httpx._client:_send_single_request:1740 | HTTP Request: GET http://test/health "HTTP/1.1 200 OK"
2026-08-09 11:22:52 | INFO | httpx._client:_send_single_request:1740 | HTTP Request: GET http://test/api/v1/cases/1 "HTTP/1.1 404 Not Found"
2026-08-09 11:22:52 | INFO | app.ai.backward_chaining:evaluate_goal:268 | Backward Chaining evaluated goal='DATA_EXFILTRATION' proven=False conf=0.0000 in 0.03ms
2026-08-09 11:22:52 | INFO | app.ai.backward_chaining:evaluate_goal:268 | Backward Chaining evaluated goal='PRIVILEGE_ESCALATION' proven=False conf=0.0000 in 0.03ms
2026-08-09 11:22:52 | INFO | app.ai.backward_chaining:evaluate_goal:268 | Backward Chaining evaluated goal='LATERAL_MOVEMENT' proven=False conf=0.0000 in 0.02ms
2026-08-09 11:22:52 | INFO | app.ai.backward_chaining:evaluate_goal:268 | Backward Chaining evaluated goal='DATA_EXFILTRATION' proven=False conf=0.0000 in 0.02ms
2026-08-09 11:22:52 | INFO | app.ai.backward_chaining:evaluate_goal:268 | Backward Chaining evaluated goal='PRIVILEGE_ESCALATION' proven=False conf=0.0000 in 0.04ms
2026-08-09 11:22:52 | INFO | app.ai.backward_chaining:evaluate_goal:268 | Backward Chaining evaluated goal='LATERAL_MOVEMENT' proven=False conf=0.0000 in 0.03ms
2026-08-09 11:22:52 | INFO | app.ai.backward_chaining:evaluate_goal:268 | Backward Chaining evaluated goal='PERSISTENCE' proven=False conf=0.0000 in 0.02ms
2026-08-09 11:22:52 | INFO | app.ai.backward_chaining:evaluate_goal:268 | Backward Chaining evaluated goal='DATA_EXFILTRATION' proven=False conf=0.0000 in 0.02ms
2026-08-09 11:22:52 | INFO | app.ai.backward_chaining:evaluate_goal:268 | Backward Chaining evaluated goal='PRIVILEGE_ESCALATION' proven=False conf=0.0000 in 0.02ms
2026-08-09 11:22:52 | INFO | app.ai.backward_chaining:evaluate_goal:268 | Backward Chaining evaluated goal='LATERAL_MOVEMENT' proven=False conf=0.0000 in 0.02ms
2026-08-09 11:22:52 | INFO | app.ai.backward_chaining:evaluate_goal:268 | Backward Chaining evaluated goal='DATA_EXFILTRATION' proven=False conf=0.0000 in 0.02ms
2026-08-09 11:22:52 | INFO | app.ai.backward_chaining:evaluate_goal:268 | Backward Chaining evaluated goal='PRIVILEGE_ESCALATION' proven=False conf=0.0000 in 0.02ms
2026-08-09 11:22:52 | INFO | app.ai.backward_chaining:evaluate_goal:268 | Backward Chaining evaluated goal='LATERAL_MOVEMENT' proven=False conf=0.0000 in 0.02ms
2026-08-09 11:22:52 | INFO | app.ai.backward_chaining:evaluate_goal:268 | Backward Chaining evaluated goal='DATA_EXFILTRATION' proven=False conf=0.0000 in 0.02ms
2026-08-09 11:22:52 | INFO | app.ai.backward_chaining:evaluate_goal:268 | Backward Chaining evaluated goal='PRIVILEGE_ESCALATION' proven=False conf=0.0000 in 0.02ms
2026-08-09 11:22:52 | INFO | app.ai.backward_chaining:evaluate_goal:268 | Backward Chaining evaluated goal='LATERAL_MOVEMENT' proven=False conf=0.0000 in 0.02ms
2026-08-09 11:22:52 | INFO | app.ai.backward_chaining:evaluate_goal:268 | Backward Chaining evaluated goal='DATA_EXFILTRATION' proven=False conf=0.0000 in 0.02ms
2026-08-09 11:22:52 | INFO | app.ai.backward_chaining:evaluate_goal:268 | Backward Chaining evaluated goal='PRIVILEGE_ESCALATION' proven=False conf=0.0000 in 0.02ms
2026-08-09 11:22:52 | INFO | app.ai.backward_chaining:evaluate_goal:268 | Backward Chaining evaluated goal='LATERAL_MOVEMENT' proven=False conf=0.0000 in 0.02ms
2026-08-09 11:22:52 | INFO | app.ai.backward_chaining:evaluate_goal:268 | Backward Chaining evaluated goal='PERSISTENCE' proven=False conf=0.0000 in 0.02ms
2026-08-09 11:22:52 | INFO | app.ai.backward_chaining:evaluate_goal:268 | Backward Chaining evaluated goal='DATA_EXFILTRATION' proven=False conf=0.0000 in 0.02ms
2026-08-09 11:22:52 | INFO | app.ai.backward_chaining:evaluate_goal:268 | Backward Chaining evaluated goal='PRIVILEGE_ESCALATION' proven=False conf=0.0000 in 0.02ms
2026-08-09 11:22:52 | INFO | app.ai.backward_chaining:evaluate_goal:268 | Backward Chaining evaluated goal='LATERAL_MOVEMENT' proven=False conf=0.0000 in 0.02ms
2026-08-09 11:22:52 | INFO | app.ai.backward_chaining:evaluate_goal:268 | Backward Chaining evaluated goal='DATA_EXFILTRATION' proven=False conf=0.0000 in 0.02ms
2026-08-09 11:22:52 | INFO | app.ai.backward_chaining:evaluate_goal:268 | Backward Chaining evaluated goal='PRIVILEGE_ESCALATION' proven=False conf=0.0000 in 0.03ms
2026-08-09 11:22:52 | INFO | app.ai.backward_chaining:evaluate_goal:268 | Backward Chaining evaluated goal='LATERAL_MOVEMENT' proven=False conf=0.0000 in 0.02ms
2026-08-09 11:22:52 | INFO | app.ai.backward_chaining:evaluate_goal:268 | Backward Chaining evaluated goal='DATA_EXFILTRATION' proven=False conf=0.0000 in 0.03ms
2026-08-09 11:22:52 | INFO | app.ai.backward_chaining:evaluate_goal:268 | Backward Chaining evaluated goal='PRIVILEGE_ESCALATION' proven=False conf=0.0000 in 0.02ms
2026-08-09 11:22:52 | INFO | app.ai.backward_chaining:evaluate_goal:268 | Backward Chaining evaluated goal='LATERAL_MOVEMENT' proven=False conf=0.0000 in 0.02ms
2026-08-09 11:22:52 | INFO | app.ai.backward_chaining:evaluate_goal:268 | Backward Chaining evaluated goal='DATA_EXFILTRATION' proven=False conf=0.0000 in 0.02ms
2026-08-09 11:22:52 | INFO | app.ai.backward_chaining:evaluate_goal:268 | Backward Chaining evaluated goal='PRIVILEGE_ESCALATION' proven=False conf=0.0000 in 0.02ms
2026-08-09 11:22:52 | INFO | app.ai.backward_chaining:evaluate_goal:268 | Backward Chaining evaluated goal='LATERAL_MOVEMENT' proven=False conf=0.0000 in 0.02ms
2026-08-09 11:22:52 | INFO | app.ai.backward_chaining:evaluate_goal:268 | Backward Chaining evaluated goal='PERSISTENCE' proven=False conf=0.0000 in 0.03ms
2026-08-09 11:22:52 | INFO | app.ai.backward_chaining:evaluate_goal:268 | Backward Chaining evaluated goal='DATA_EXFILTRATION' proven=False conf=0.0000 in 0.02ms
2026-08-09 11:22:52 | INFO | app.ai.backward_chaining:evaluate_goal:268 | Backward Chaining evaluated goal='PRIVILEGE_ESCALATION' proven=False conf=0.0000 in 0.02ms
2026-08-09 11:22:52 | INFO | app.ai.backward_chaining:evaluate_goal:268 | Backward Chaining evaluated goal='LATERAL_MOVEMENT' proven=False conf=0.0000 in 0.02ms
2026-08-09 11:22:52 | INFO | app.ai.backward_chaining:evaluate_goal:268 | Backward Chaining evaluated goal='DATA_EXFILTRATION' proven=False conf=0.0000 in 0.02ms
2026-08-09 11:22:52 | INFO | app.ai.backward_chaining:evaluate_goal:268 | Backward Chaining evaluated goal='PRIVILEGE_ESCALATION' proven=False conf=0.0000 in 0.02ms
2026-08-09 11:22:52 | INFO | app.ai.backward_chaining:evaluate_goal:268 | Backward Chaining evaluated goal='LATERAL_MOVEMENT' proven=False conf=0.0000 in 0.02ms
2026-08-09 11:22:52 | INFO | app.ai.backward_chaining:evaluate_goal:268 | Backward Chaining evaluated goal='DATA_EXFILTRATION' proven=False conf=0.0000 in 0.02ms
2026-08-09 11:22:52 | INFO | app.ai.backward_chaining:evaluate_goal:268 | Backward Chaining evaluated goal='PRIVILEGE_ESCALATION' proven=False conf=0.0000 in 0.03ms
2026-08-09 11:22:52 | INFO | app.ai.backward_chaining:evaluate_goal:268 | Backward Chaining evaluated goal='LATERAL_MOVEMENT' proven=False conf=0.0000 in 0.02ms
2026-08-09 11:22:52 | INFO | app.ai.backward_chaining:evaluate_goal:268 | Backward Chaining evaluated goal='DATA_EXFILTRATION' proven=False conf=0.0000 in 0.02ms
2026-08-09 11:22:52 | INFO | app.ai.backward_chaining:evaluate_goal:268 | Backward Chaining evaluated goal='PRIVILEGE_ESCALATION' proven=False conf=0.0000 in 0.02ms
2026-08-09 11:22:52 | INFO | app.ai.backward_chaining:evaluate_goal:268 | Backward Chaining evaluated goal='LATERAL_MOVEMENT' proven=False conf=0.0000 in 0.02ms
2026-08-09 11:22:52 | INFO | app.ai.backward_chaining:evaluate_goal:268 | Backward Chaining evaluated goal='PERSISTENCE' proven=False conf=0.0000 in 0.01ms
2026-08-09 11:22:52 | INFO | app.ai.backward_chaining:evaluate_goal:268 | Backward Chaining evaluated goal='DATA_EXFILTRATION' proven=False conf=0.0000 in 0.02ms
2026-08-09 11:22:52 | INFO | app.ai.backward_chaining:evaluate_goal:268 | Backward Chaining evaluated goal='PRIVILEGE_ESCALATION' proven=False conf=0.0000 in 0.02ms
2026-08-09 11:22:52 | INFO | app.ai.backward_chaining:evaluate_goal:268 | Backward Chaining evaluated goal='LATERAL_MOVEMENT' proven=False conf=0.0000 in 0.02ms
2026-08-09 11:22:52 | INFO | app.ai.backward_chaining:evaluate_goal:268 | Backward Chaining evaluated goal='DATA_EXFILTRATION' proven=False conf=0.0000 in 0.02ms
2026-08-09 11:22:52 | INFO | app.ai.backward_chaining:evaluate_goal:268 | Backward Chaining evaluated goal='PRIVILEGE_ESCALATION' proven=False conf=0.0000 in 0.02ms
2026-08-09 11:22:52 | INFO | app.ai.backward_chaining:evaluate_goal:268 | Backward Chaining evaluated goal='LATERAL_MOVEMENT' proven=False conf=0.0000 in 0.02ms
2026-08-09 11:22:52 | INFO | httpx._client:_send_single_request:1740 | HTTP Request: POST http://test/api/v1/cases/1/reports "HTTP/1.1 201 Created"
2026-08-09 11:22:53 | INFO | httpx._client:_send_single_request:1740 | HTTP Request: GET http://test/api/v1/cases/1/reports/887eac8c-7cfd-420f-af59-81b86c569bfd/download "HTTP/1.1 200 OK"
2026-08-09 11:22:53 | INFO | app.ai.backward_chaining:evaluate_goal:268 | Backward Chaining evaluated goal='DATA_EXFILTRATION' proven=False conf=0.0000 in 0.02ms
2026-08-09 11:22:53 | INFO | app.ai.backward_chaining:evaluate_goal:268 | Backward Chaining evaluated goal='PRIVILEGE_ESCALATION' proven=False conf=0.0000 in 0.02ms
2026-08-09 11:22:53 | INFO | app.ai.backward_chaining:evaluate_goal:268 | Backward Chaining evaluated goal='LATERAL_MOVEMENT' proven=False conf=0.0000 in 0.04ms
2026-08-09 11:22:53 | INFO | app.ai.backward_chaining:evaluate_goal:268 | Backward Chaining evaluated goal='DATA_EXFILTRATION' proven=False conf=0.0000 in 0.03ms
2026-08-09 11:22:53 | INFO | app.ai.backward_chaining:evaluate_goal:268 | Backward Chaining evaluated goal='PRIVILEGE_ESCALATION' proven=False conf=0.0000 in 0.02ms
2026-08-09 11:22:53 | INFO | app.ai.backward_chaining:evaluate_goal:268 | Backward Chaining evaluated goal='LATERAL_MOVEMENT' proven=False conf=0.0000 in 0.02ms
2026-08-09 11:22:53 | INFO | app.ai.backward_chaining:evaluate_goal:268 | Backward Chaining evaluated goal='PERSISTENCE' proven=False conf=0.0000 in 0.02ms
2026-08-09 11:22:53 | INFO | app.ai.backward_chaining:evaluate_goal:268 | Backward Chaining evaluated goal='DATA_EXFILTRATION' proven=False conf=0.0000 in 0.02ms
2026-08-09 11:22:53 | INFO | app.ai.backward_chaining:evaluate_goal:268 | Backward Chaining evaluated goal='PRIVILEGE_ESCALATION' proven=False conf=0.0000 in 0.02ms
2026-08-09 11:22:53 | INFO | app.ai.backward_chaining:evaluate_goal:268 | Backward Chaining evaluated goal='LATERAL_MOVEMENT' proven=False conf=0.0000 in 0.02ms
2026-08-09 11:22:53 | INFO | app.ai.backward_chaining:evaluate_goal:268 | Backward Chaining evaluated goal='DATA_EXFILTRATION' proven=False conf=0.0000 in 0.02ms
2026-08-09 11:22:53 | INFO | app.ai.backward_chaining:evaluate_goal:268 | Backward Chaining evaluated goal='PRIVILEGE_ESCALATION' proven=False conf=0.0000 in 0.03ms
2026-08-09 11:22:53 | INFO | app.ai.backward_chaining:evaluate_goal:268 | Backward Chaining evaluated goal='LATERAL_MOVEMENT' proven=False conf=0.0000 in 0.02ms
2026-08-09 11:22:53 | INFO | app.ai.backward_chaining:evaluate_goal:268 | Backward Chaining evaluated goal='DATA_EXFILTRATION' proven=False conf=0.0000 in 0.02ms
2026-08-09 11:22:53 | INFO | app.ai.backward_chaining:evaluate_goal:268 | Backward Chaining evaluated goal='PRIVILEGE_ESCALATION' proven=False conf=0.0000 in 0.02ms
2026-08-09 11:22:53 | INFO | app.ai.backward_chaining:evaluate_goal:268 | Backward Chaining evaluated goal='LATERAL_MOVEMENT' proven=False conf=0.0000 in 0.02ms
2026-08-09 11:22:53 | INFO | app.ai.backward_chaining:evaluate_goal:268 | Backward Chaining evaluated goal='DATA_EXFILTRATION' proven=False conf=0.0000 in 0.02ms
2026-08-09 11:22:53 | INFO | app.ai.backward_chaining:evaluate_goal:268 | Backward Chaining evaluated goal='PRIVILEGE_ESCALATION' proven=False conf=0.0000 in 0.02ms
2026-08-09 11:22:53 | INFO | app.ai.backward_chaining:evaluate_goal:268 | Backward Chaining evaluated goal='LATERAL_MOVEMENT' proven=False conf=0.0000 in 0.02ms
2026-08-09 11:22:53 | INFO | app.ai.backward_chaining:evaluate_goal:268 | Backward Chaining evaluated goal='PERSISTENCE' proven=False conf=0.0000 in 0.02ms
2026-08-09 11:22:53 | INFO | app.ai.backward_chaining:evaluate_goal:268 | Backward Chaining evaluated goal='DATA_EXFILTRATION' proven=False conf=0.0000 in 0.02ms
2026-08-09 11:22:53 | INFO | app.ai.backward_chaining:evaluate_goal:268 | Backward Chaining evaluated goal='PRIVILEGE_ESCALATION' proven=False conf=0.0000 in 0.02ms
2026-08-09 11:22:53 | INFO | app.ai.backward_chaining:evaluate_goal:268 | Backward Chaining evaluated goal='LATERAL_MOVEMENT' proven=False conf=0.0000 in 0.02ms
2026-08-09 11:22:53 | INFO | app.ai.backward_chaining:evaluate_goal:268 | Backward Chaining evaluated goal='DATA_EXFILTRATION' proven=False conf=0.0000 in 0.02ms
2026-08-09 11:22:53 | INFO | app.ai.backward_chaining:evaluate_goal:268 | Backward Chaining evaluated goal='PRIVILEGE_ESCALATION' proven=False conf=0.0000 in 0.02ms
2026-08-09 11:22:53 | INFO | app.ai.backward_chaining:evaluate_goal:268 | Backward Chaining evaluated goal='LATERAL_MOVEMENT' proven=False conf=0.0000 in 0.04ms
2026-08-09 11:22:53 | INFO | httpx._client:_send_single_request:1740 | HTTP Request: POST http://test/api/v1/cases/1/reports "HTTP/1.1 201 Created"
2026-08-09 11:22:53 | INFO | httpx._client:_send_single_request:1740 | HTTP Request: GET http://test/api/v1/cases/1/reports/9b095ff8-7786-47a5-8155-c2c1deb08fa5/download "HTTP/1.1 200 OK"
2026-08-09 11:22:54 | INFO | app.ai.backward_chaining:evaluate_goal:268 | Backward Chaining evaluated goal='DATA_EXFILTRATION' proven=False conf=0.0000 in 0.02ms
2026-08-09 11:22:54 | INFO | app.ai.backward_chaining:evaluate_goal:268 | Backward Chaining evaluated goal='PRIVILEGE_ESCALATION' proven=False conf=0.0000 in 0.02ms
2026-08-09 11:22:54 | INFO | app.ai.backward_chaining:evaluate_goal:268 | Backward Chaining evaluated goal='LATERAL_MOVEMENT' proven=False conf=0.0000 in 0.03ms
2026-08-09 11:22:54 | INFO | app.ai.backward_chaining:evaluate_goal:268 | Backward Chaining evaluated goal='PERSISTENCE' proven=False conf=0.0000 in 0.02ms
2026-08-09 11:22:54 | INFO | app.ai.backward_chaining:evaluate_goal:268 | Backward Chaining evaluated goal='DATA_EXFILTRATION' proven=False conf=0.0000 in 0.02ms
2026-08-09 11:22:54 | INFO | app.ai.backward_chaining:evaluate_goal:268 | Backward Chaining evaluated goal='PRIVILEGE_ESCALATION' proven=False conf=0.0000 in 0.02ms
2026-08-09 11:22:54 | INFO | app.ai.backward_chaining:evaluate_goal:268 | Backward Chaining evaluated goal='LATERAL_MOVEMENT' proven=False conf=0.0000 in 0.02ms
2026-08-09 11:22:54 | INFO | app.ai.backward_chaining:evaluate_goal:268 | Backward Chaining evaluated goal='PERSISTENCE' proven=False conf=0.0000 in 0.02ms
2026-08-09 11:22:54 | INFO | app.ai.backward_chaining:evaluate_goal:268 | Backward Chaining evaluated goal='DATA_EXFILTRATION' proven=False conf=0.0000 in 0.02ms
2026-08-09 11:22:54 | INFO | app.ai.backward_chaining:evaluate_goal:268 | Backward Chaining evaluated goal='PRIVILEGE_ESCALATION' proven=False conf=0.0000 in 0.02ms
2026-08-09 11:22:54 | INFO | app.ai.backward_chaining:evaluate_goal:268 | Backward Chaining evaluated goal='LATERAL_MOVEMENT' proven=False conf=0.0000 in 0.02ms
2026-08-09 11:22:54 | INFO | app.ai.backward_chaining:evaluate_goal:268 | Backward Chaining evaluated goal='PERSISTENCE' proven=False conf=0.0000 in 0.02ms
2026-08-09 11:22:55 | INFO | httpx._client:_send_single_request:1740 | HTTP Request: GET http://test/api/v1/cases/1/reports/history "HTTP/1.1 401 Unauthorized"
2026-08-09 11:22:55 | INFO | httpx._client:_send_single_request:1740 | HTTP Request: GET http://test/api/v1/cases/1/reports/history "HTTP/1.1 401 Unauthorized"
2026-08-09 11:22:56 | INFO | app.ai.backward_chaining:evaluate_goal:268 | Backward Chaining evaluated goal='DATA_EXFILTRATION' proven=False conf=0.0000 in 0.02ms
2026-08-09 11:22:56 | INFO | app.ai.backward_chaining:evaluate_goal:268 | Backward Chaining evaluated goal='PRIVILEGE_ESCALATION' proven=False conf=0.0000 in 0.02ms
2026-08-09 11:22:56 | INFO | app.ai.backward_chaining:evaluate_goal:268 | Backward Chaining evaluated goal='LATERAL_MOVEMENT' proven=False conf=0.0000 in 0.02ms
2026-08-09 11:22:56 | INFO | app.ai.backward_chaining:evaluate_goal:268 | Backward Chaining evaluated goal='DATA_EXFILTRATION' proven=False conf=0.0000 in 0.02ms
2026-08-09 11:22:56 | INFO | app.ai.backward_chaining:evaluate_goal:268 | Backward Chaining evaluated goal='PRIVILEGE_ESCALATION' proven=False conf=0.0000 in 0.02ms
2026-08-09 11:22:56 | INFO | app.ai.backward_chaining:evaluate_goal:268 | Backward Chaining evaluated goal='LATERAL_MOVEMENT' proven=False conf=0.0000 in 0.02ms
2026-08-09 11:22:56 | INFO | app.ai.backward_chaining:evaluate_goal:268 | Backward Chaining evaluated goal='PERSISTENCE' proven=False conf=0.0000 in 0.02ms
2026-08-09 11:22:56 | INFO | app.ai.backward_chaining:evaluate_goal:268 | Backward Chaining evaluated goal='DATA_EXFILTRATION' proven=False conf=0.0000 in 0.02ms
2026-08-09 11:22:56 | INFO | app.ai.backward_chaining:evaluate_goal:268 | Backward Chaining evaluated goal='PRIVILEGE_ESCALATION' proven=False conf=0.0000 in 0.03ms
2026-08-09 11:22:56 | INFO | app.ai.backward_chaining:evaluate_goal:268 | Backward Chaining evaluated goal='LATERAL_MOVEMENT' proven=False conf=0.0000 in 0.02ms
2026-08-09 11:22:56 | INFO | app.ai.backward_chaining:evaluate_goal:268 | Backward Chaining evaluated goal='DATA_EXFILTRATION' proven=False conf=0.0000 in 0.01ms
2026-08-09 11:22:56 | INFO | app.ai.backward_chaining:evaluate_goal:268 | Backward Chaining evaluated goal='PRIVILEGE_ESCALATION' proven=False conf=0.0000 in 0.02ms
2026-08-09 11:22:56 | INFO | app.ai.backward_chaining:evaluate_goal:268 | Backward Chaining evaluated goal='LATERAL_MOVEMENT' proven=False conf=0.0000 in 0.02ms
2026-08-09 11:23:07 | INFO | app.core.logging:setup_logging:54 | Logging initialized | env=development | debug=True
2026-08-09 11:23:09 | INFO | httpx._client:_send_single_request:1740 | HTTP Request: GET http://test/health "HTTP/1.1 200 OK"
2026-08-09 11:23:09 | INFO | httpx._client:_send_single_request:1740 | HTTP Request: GET http://test/api/v1/cases/1 "HTTP/1.1 404 Not Found"
2026-08-09 11:23:09 | INFO | app.ai.backward_chaining:evaluate_goal:268 | Backward Chaining evaluated goal='DATA_EXFILTRATION' proven=False conf=0.0000 in 0.05ms
2026-08-09 11:23:09 | INFO | app.ai.backward_chaining:evaluate_goal:268 | Backward Chaining evaluated goal='PRIVILEGE_ESCALATION' proven=False conf=0.0000 in 0.05ms
2026-08-09 11:23:09 | INFO | app.ai.backward_chaining:evaluate_goal:268 | Backward Chaining evaluated goal='LATERAL_MOVEMENT' proven=False conf=0.0000 in 0.04ms
2026-08-09 11:23:09 | INFO | app.ai.backward_chaining:evaluate_goal:268 | Backward Chaining evaluated goal='DATA_EXFILTRATION' proven=False conf=0.0000 in 0.04ms
2026-08-09 11:23:09 | INFO | app.ai.backward_chaining:evaluate_goal:268 | Backward Chaining evaluated goal='PRIVILEGE_ESCALATION' proven=False conf=0.0000 in 0.03ms
2026-08-09 11:23:09 | INFO | app.ai.backward_chaining:evaluate_goal:268 | Backward Chaining evaluated goal='LATERAL_MOVEMENT' proven=False conf=0.0000 in 0.05ms
2026-08-09 11:23:09 | INFO | app.ai.backward_chaining:evaluate_goal:268 | Backward Chaining evaluated goal='PERSISTENCE' proven=False conf=0.0000 in 0.05ms
2026-08-09 11:23:09 | INFO | app.ai.backward_chaining:evaluate_goal:268 | Backward Chaining evaluated goal='DATA_EXFILTRATION' proven=False conf=0.0000 in 0.04ms
2026-08-09 11:23:09 | INFO | app.ai.backward_chaining:evaluate_goal:268 | Backward Chaining evaluated goal='PRIVILEGE_ESCALATION' proven=False conf=0.0000 in 0.04ms
2026-08-09 11:23:09 | INFO | app.ai.backward_chaining:evaluate_goal:268 | Backward Chaining evaluated goal='LATERAL_MOVEMENT' proven=False conf=0.0000 in 0.04ms
2026-08-09 11:23:09 | INFO | app.ai.backward_chaining:evaluate_goal:268 | Backward Chaining evaluated goal='DATA_EXFILTRATION' proven=False conf=0.0000 in 0.02ms
2026-08-09 11:23:09 | INFO | app.ai.backward_chaining:evaluate_goal:268 | Backward Chaining evaluated goal='PRIVILEGE_ESCALATION' proven=False conf=0.0000 in 0.03ms
2026-08-09 11:23:09 | INFO | app.ai.backward_chaining:evaluate_goal:268 | Backward Chaining evaluated goal='LATERAL_MOVEMENT' proven=False conf=0.0000 in 0.02ms
2026-08-09 11:23:09 | INFO | app.ai.backward_chaining:evaluate_goal:268 | Backward Chaining evaluated goal='DATA_EXFILTRATION' proven=False conf=0.0000 in 0.04ms
2026-08-09 11:23:09 | INFO | app.ai.backward_chaining:evaluate_goal:268 | Backward Chaining evaluated goal='PRIVILEGE_ESCALATION' proven=False conf=0.0000 in 0.03ms
2026-08-09 11:23:09 | INFO | app.ai.backward_chaining:evaluate_goal:268 | Backward Chaining evaluated goal='LATERAL_MOVEMENT' proven=False conf=0.0000 in 0.03ms
2026-08-09 11:23:09 | INFO | app.ai.backward_chaining:evaluate_goal:268 | Backward Chaining evaluated goal='DATA_EXFILTRATION' proven=False conf=0.0000 in 0.02ms
2026-08-09 11:23:09 | INFO | app.ai.backward_chaining:evaluate_goal:268 | Backward Chaining evaluated goal='PRIVILEGE_ESCALATION' proven=False conf=0.0000 in 0.03ms
2026-08-09 11:23:09 | INFO | app.ai.backward_chaining:evaluate_goal:268 | Backward Chaining evaluated goal='LATERAL_MOVEMENT' proven=False conf=0.0000 in 0.04ms
2026-08-09 11:23:09 | INFO | app.ai.backward_chaining:evaluate_goal:268 | Backward Chaining evaluated goal='PERSISTENCE' proven=False conf=0.0000 in 0.03ms
2026-08-09 11:23:09 | INFO | app.ai.backward_chaining:evaluate_goal:268 | Backward Chaining evaluated goal='DATA_EXFILTRATION' proven=False conf=0.0000 in 0.03ms
2026-08-09 11:23:09 | INFO | app.ai.backward_chaining:evaluate_goal:268 | Backward Chaining evaluated goal='PRIVILEGE_ESCALATION' proven=False conf=0.0000 in 0.04ms
2026-08-09 11:23:09 | INFO | app.ai.backward_chaining:evaluate_goal:268 | Backward Chaining evaluated goal='LATERAL_MOVEMENT' proven=False conf=0.0000 in 0.06ms
2026-08-09 11:23:09 | INFO | app.ai.backward_chaining:evaluate_goal:268 | Backward Chaining evaluated goal='DATA_EXFILTRATION' proven=False conf=0.0000 in 0.05ms
2026-08-09 11:23:09 | INFO | app.ai.backward_chaining:evaluate_goal:268 | Backward Chaining evaluated goal='PRIVILEGE_ESCALATION' proven=False conf=0.0000 in 0.05ms
2026-08-09 11:23:09 | INFO | app.ai.backward_chaining:evaluate_goal:268 | Backward Chaining evaluated goal='LATERAL_MOVEMENT' proven=False conf=0.0000 in 0.07ms
2026-08-09 11:23:09 | INFO | app.ai.backward_chaining:evaluate_goal:268 | Backward Chaining evaluated goal='DATA_EXFILTRATION' proven=False conf=0.0000 in 0.03ms
2026-08-09 11:23:09 | INFO | app.ai.backward_chaining:evaluate_goal:268 | Backward Chaining evaluated goal='PRIVILEGE_ESCALATION' proven=False conf=0.0000 in 0.04ms
2026-08-09 11:23:09 | INFO | app.ai.backward_chaining:evaluate_goal:268 | Backward Chaining evaluated goal='LATERAL_MOVEMENT' proven=False conf=0.0000 in 0.04ms
2026-08-09 11:23:09 | INFO | app.ai.backward_chaining:evaluate_goal:268 | Backward Chaining evaluated goal='DATA_EXFILTRATION' proven=False conf=0.0000 in 0.02ms
2026-08-09 11:23:09 | INFO | app.ai.backward_chaining:evaluate_goal:268 | Backward Chaining evaluated goal='PRIVILEGE_ESCALATION' proven=False conf=0.0000 in 0.02ms
2026-08-09 11:23:09 | INFO | app.ai.backward_chaining:evaluate_goal:268 | Backward Chaining evaluated goal='LATERAL_MOVEMENT' proven=False conf=0.0000 in 0.02ms
2026-08-09 11:23:09 | INFO | app.ai.backward_chaining:evaluate_goal:268 | Backward Chaining evaluated goal='PERSISTENCE' proven=False conf=0.0000 in 0.02ms
2026-08-09 11:23:09 | INFO | app.ai.backward_chaining:evaluate_goal:268 | Backward Chaining evaluated goal='DATA_EXFILTRATION' proven=False conf=0.0000 in 0.03ms
2026-08-09 11:23:09 | INFO | app.ai.backward_chaining:evaluate_goal:268 | Backward Chaining evaluated goal='PRIVILEGE_ESCALATION' proven=False conf=0.0000 in 0.04ms
2026-08-09 11:23:09 | INFO | app.ai.backward_chaining:evaluate_goal:268 | Backward Chaining evaluated goal='LATERAL_MOVEMENT' proven=False conf=0.0000 in 0.04ms
2026-08-09 11:23:09 | INFO | app.ai.backward_chaining:evaluate_goal:268 | Backward Chaining evaluated goal='DATA_EXFILTRATION' proven=False conf=0.0000 in 0.03ms
2026-08-09 11:23:09 | INFO | app.ai.backward_chaining:evaluate_goal:268 | Backward Chaining evaluated goal='PRIVILEGE_ESCALATION' proven=False conf=0.0000 in 0.02ms
2026-08-09 11:23:09 | INFO | app.ai.backward_chaining:evaluate_goal:268 | Backward Chaining evaluated goal='LATERAL_MOVEMENT' proven=False conf=0.0000 in 0.02ms
2026-08-09 11:23:09 | INFO | app.ai.backward_chaining:evaluate_goal:268 | Backward Chaining evaluated goal='DATA_EXFILTRATION' proven=False conf=0.0000 in 0.02ms
2026-08-09 11:23:09 | INFO | app.ai.backward_chaining:evaluate_goal:268 | Backward Chaining evaluated goal='PRIVILEGE_ESCALATION' proven=False conf=0.0000 in 0.03ms
2026-08-09 11:23:09 | INFO | app.ai.backward_chaining:evaluate_goal:268 | Backward Chaining evaluated goal='LATERAL_MOVEMENT' proven=False conf=0.0000 in 0.02ms
2026-08-09 11:23:09 | INFO | app.ai.backward_chaining:evaluate_goal:268 | Backward Chaining evaluated goal='DATA_EXFILTRATION' proven=False conf=0.0000 in 0.02ms
2026-08-09 11:23:09 | INFO | app.ai.backward_chaining:evaluate_goal:268 | Backward Chaining evaluated goal='PRIVILEGE_ESCALATION' proven=False conf=0.0000 in 0.02ms
2026-08-09 11:23:09 | INFO | app.ai.backward_chaining:evaluate_goal:268 | Backward Chaining evaluated goal='LATERAL_MOVEMENT' proven=False conf=0.0000 in 0.02ms
2026-08-09 11:23:09 | INFO | app.ai.backward_chaining:evaluate_goal:268 | Backward Chaining evaluated goal='PERSISTENCE' proven=False conf=0.0000 in 0.02ms
2026-08-09 11:23:09 | INFO | app.ai.backward_chaining:evaluate_goal:268 | Backward Chaining evaluated goal='DATA_EXFILTRATION' proven=False conf=0.0000 in 0.02ms
2026-08-09 11:23:09 | INFO | app.ai.backward_chaining:evaluate_goal:268 | Backward Chaining evaluated goal='PRIVILEGE_ESCALATION' proven=False conf=0.0000 in 0.02ms
2026-08-09 11:23:09 | INFO | app.ai.backward_chaining:evaluate_goal:268 | Backward Chaining evaluated goal='LATERAL_MOVEMENT' proven=False conf=0.0000 in 0.02ms
2026-08-09 11:23:09 | INFO | app.ai.backward_chaining:evaluate_goal:268 | Backward Chaining evaluated goal='DATA_EXFILTRATION' proven=False conf=0.0000 in 0.02ms
2026-08-09 11:23:09 | INFO | app.ai.backward_chaining:evaluate_goal:268 | Backward Chaining evaluated goal='PRIVILEGE_ESCALATION' proven=False conf=0.0000 in 0.03ms
2026-08-09 11:23:09 | INFO | app.ai.backward_chaining:evaluate_goal:268 | Backward Chaining evaluated goal='LATERAL_MOVEMENT' proven=False conf=0.0000 in 0.03ms
2026-08-09 11:23:10 | INFO | httpx._client:_send_single_request:1740 | HTTP Request: POST http://test/api/v1/cases/1/reports "HTTP/1.1 201 Created"
2026-08-09 11:23:10 | INFO | httpx._client:_send_single_request:1740 | HTTP Request: GET http://test/api/v1/cases/1/reports/c98e9b7e-c054-4730-8a73-e346be142ad9/download "HTTP/1.1 200 OK"
2026-08-09 11:23:10 | INFO | app.ai.backward_chaining:evaluate_goal:268 | Backward Chaining evaluated goal='DATA_EXFILTRATION' proven=False conf=0.0000 in 0.02ms
2026-08-09 11:23:10 | INFO | app.ai.backward_chaining:evaluate_goal:268 | Backward Chaining evaluated goal='PRIVILEGE_ESCALATION' proven=False conf=0.0000 in 0.03ms
2026-08-09 11:23:10 | INFO | app.ai.backward_chaining:evaluate_goal:268 | Backward Chaining evaluated goal='LATERAL_MOVEMENT' proven=False conf=0.0000 in 0.02ms
2026-08-09 11:23:10 | INFO | app.ai.backward_chaining:evaluate_goal:268 | Backward Chaining evaluated goal='DATA_EXFILTRATION' proven=False conf=0.0000 in 0.02ms
2026-08-09 11:23:10 | INFO | app.ai.backward_chaining:evaluate_goal:268 | Backward Chaining evaluated goal='PRIVILEGE_ESCALATION' proven=False conf=0.0000 in 0.02ms
2026-08-09 11:23:10 | INFO | app.ai.backward_chaining:evaluate_goal:268 | Backward Chaining evaluated goal='LATERAL_MOVEMENT' proven=False conf=0.0000 in 0.02ms
2026-08-09 11:23:10 | INFO | app.ai.backward_chaining:evaluate_goal:268 | Backward Chaining evaluated goal='PERSISTENCE' proven=False conf=0.0000 in 0.03ms
2026-08-09 11:23:10 | INFO | app.ai.backward_chaining:evaluate_goal:268 | Backward Chaining evaluated goal='DATA_EXFILTRATION' proven=False conf=0.0000 in 0.02ms
2026-08-09 11:23:10 | INFO | app.ai.backward_chaining:evaluate_goal:268 | Backward Chaining evaluated goal='PRIVILEGE_ESCALATION' proven=False conf=0.0000 in 0.02ms
2026-08-09 11:23:10 | INFO | app.ai.backward_chaining:evaluate_goal:268 | Backward Chaining evaluated goal='LATERAL_MOVEMENT' proven=False conf=0.0000 in 0.02ms
2026-08-09 11:23:10 | INFO | app.ai.backward_chaining:evaluate_goal:268 | Backward Chaining evaluated goal='DATA_EXFILTRATION' proven=False conf=0.0000 in 0.02ms
2026-08-09 11:23:10 | INFO | app.ai.backward_chaining:evaluate_goal:268 | Backward Chaining evaluated goal='PRIVILEGE_ESCALATION' proven=False conf=0.0000 in 0.03ms
2026-08-09 11:23:10 | INFO | app.ai.backward_chaining:evaluate_goal:268 | Backward Chaining evaluated goal='LATERAL_MOVEMENT' proven=False conf=0.0000 in 0.03ms
2026-08-09 11:23:10 | INFO | app.ai.backward_chaining:evaluate_goal:268 | Backward Chaining evaluated goal='DATA_EXFILTRATION' proven=False conf=0.0000 in 0.04ms
2026-08-09 11:23:10 | INFO | app.ai.backward_chaining:evaluate_goal:268 | Backward Chaining evaluated goal='PRIVILEGE_ESCALATION' proven=False conf=0.0000 in 0.05ms
2026-08-09 11:23:10 | INFO | app.ai.backward_chaining:evaluate_goal:268 | Backward Chaining evaluated goal='LATERAL_MOVEMENT' proven=False conf=0.0000 in 0.04ms
2026-08-09 11:23:10 | INFO | app.ai.backward_chaining:evaluate_goal:268 | Backward Chaining evaluated goal='DATA_EXFILTRATION' proven=False conf=0.0000 in 0.02ms
2026-08-09 11:23:10 | INFO | app.ai.backward_chaining:evaluate_goal:268 | Backward Chaining evaluated goal='PRIVILEGE_ESCALATION' proven=False conf=0.0000 in 0.03ms
2026-08-09 11:23:10 | INFO | app.ai.backward_chaining:evaluate_goal:268 | Backward Chaining evaluated goal='LATERAL_MOVEMENT' proven=False conf=0.0000 in 0.03ms
2026-08-09 11:23:10 | INFO | app.ai.backward_chaining:evaluate_goal:268 | Backward Chaining evaluated goal='PERSISTENCE' proven=False conf=0.0000 in 0.02ms
2026-08-09 11:23:10 | INFO | app.ai.backward_chaining:evaluate_goal:268 | Backward Chaining evaluated goal='DATA_EXFILTRATION' proven=False conf=0.0000 in 0.03ms
2026-08-09 11:23:10 | INFO | app.ai.backward_chaining:evaluate_goal:268 | Backward Chaining evaluated goal='PRIVILEGE_ESCALATION' proven=False conf=0.0000 in 0.03ms
2026-08-09 11:23:10 | INFO | app.ai.backward_chaining:evaluate_goal:268 | Backward Chaining evaluated goal='LATERAL_MOVEMENT' proven=False conf=0.0000 in 0.03ms
2026-08-09 11:23:10 | INFO | app.ai.backward_chaining:evaluate_goal:268 | Backward Chaining evaluated goal='DATA_EXFILTRATION' proven=False conf=0.0000 in 0.02ms
2026-08-09 11:23:10 | INFO | app.ai.backward_chaining:evaluate_goal:268 | Backward Chaining evaluated goal='PRIVILEGE_ESCALATION' proven=False conf=0.0000 in 0.02ms
2026-08-09 11:23:10 | INFO | app.ai.backward_chaining:evaluate_goal:268 | Backward Chaining evaluated goal='LATERAL_MOVEMENT' proven=False conf=0.0000 in 0.02ms
2026-08-09 11:23:10 | INFO | httpx._client:_send_single_request:1740 | HTTP Request: POST http://test/api/v1/cases/1/reports "HTTP/1.1 201 Created"
2026-08-09 11:23:10 | INFO | httpx._client:_send_single_request:1740 | HTTP Request: GET http://test/api/v1/cases/1/reports/12a0d7a1-f9f9-475d-98e4-a47558dd8f9b/download "HTTP/1.1 200 OK"
2026-08-09 11:23:11 | INFO | app.ai.backward_chaining:evaluate_goal:268 | Backward Chaining evaluated goal='DATA_EXFILTRATION' proven=False conf=0.0000 in 0.02ms
2026-08-09 11:23:11 | INFO | app.ai.backward_chaining:evaluate_goal:268 | Backward Chaining evaluated goal='PRIVILEGE_ESCALATION' proven=False conf=0.0000 in 0.02ms
2026-08-09 11:23:11 | INFO | app.ai.backward_chaining:evaluate_goal:268 | Backward Chaining evaluated goal='LATERAL_MOVEMENT' proven=False conf=0.0000 in 0.02ms
2026-08-09 11:23:11 | INFO | app.ai.backward_chaining:evaluate_goal:268 | Backward Chaining evaluated goal='PERSISTENCE' proven=False conf=0.0000 in 0.02ms
2026-08-09 11:23:11 | INFO | app.ai.backward_chaining:evaluate_goal:268 | Backward Chaining evaluated goal='DATA_EXFILTRATION' proven=False conf=0.0000 in 0.03ms
2026-08-09 11:23:11 | INFO | app.ai.backward_chaining:evaluate_goal:268 | Backward Chaining evaluated goal='PRIVILEGE_ESCALATION' proven=False conf=0.0000 in 0.02ms
2026-08-09 11:23:11 | INFO | app.ai.backward_chaining:evaluate_goal:268 | Backward Chaining evaluated goal='LATERAL_MOVEMENT' proven=False conf=0.0000 in 0.02ms
2026-08-09 11:23:11 | INFO | app.ai.backward_chaining:evaluate_goal:268 | Backward Chaining evaluated goal='PERSISTENCE' proven=False conf=0.0000 in 0.02ms
2026-08-09 11:23:11 | INFO | app.ai.backward_chaining:evaluate_goal:268 | Backward Chaining evaluated goal='DATA_EXFILTRATION' proven=False conf=0.0000 in 0.02ms
2026-08-09 11:23:11 | INFO | app.ai.backward_chaining:evaluate_goal:268 | Backward Chaining evaluated goal='PRIVILEGE_ESCALATION' proven=False conf=0.0000 in 0.02ms
2026-08-09 11:23:11 | INFO | app.ai.backward_chaining:evaluate_goal:268 | Backward Chaining evaluated goal='LATERAL_MOVEMENT' proven=False conf=0.0000 in 0.02ms
2026-08-09 11:23:11 | INFO | app.ai.backward_chaining:evaluate_goal:268 | Backward Chaining evaluated goal='PERSISTENCE' proven=False conf=0.0000 in 0.02ms
2026-08-09 11:23:12 | INFO | httpx._client:_send_single_request:1740 | HTTP Request: GET http://test/api/v1/cases/1/reports/history "HTTP/1.1 401 Unauthorized"
2026-08-09 11:23:12 | INFO | httpx._client:_send_single_request:1740 | HTTP Request: GET http://test/api/v1/cases/1/reports/history "HTTP/1.1 401 Unauthorized"
2026-08-09 11:23:14 | INFO | app.ai.backward_chaining:evaluate_goal:268 | Backward Chaining evaluated goal='DATA_EXFILTRATION' proven=False conf=0.0000 in 0.02ms
2026-08-09 11:23:14 | INFO | app.ai.backward_chaining:evaluate_goal:268 | Backward Chaining evaluated goal='PRIVILEGE_ESCALATION' proven=False conf=0.0000 in 0.03ms
2026-08-09 11:23:14 | INFO | app.ai.backward_chaining:evaluate_goal:268 | Backward Chaining evaluated goal='LATERAL_MOVEMENT' proven=False conf=0.0000 in 0.02ms
2026-08-09 11:23:14 | INFO | app.ai.backward_chaining:evaluate_goal:268 | Backward Chaining evaluated goal='DATA_EXFILTRATION' proven=False conf=0.0000 in 0.04ms
2026-08-09 11:23:14 | INFO | app.ai.backward_chaining:evaluate_goal:268 | Backward Chaining evaluated goal='PRIVILEGE_ESCALATION' proven=False conf=0.0000 in 0.02ms
2026-08-09 11:23:14 | INFO | app.ai.backward_chaining:evaluate_goal:268 | Backward Chaining evaluated goal='LATERAL_MOVEMENT' proven=False conf=0.0000 in 0.02ms
2026-08-09 11:23:14 | INFO | app.ai.backward_chaining:evaluate_goal:268 | Backward Chaining evaluated goal='PERSISTENCE' proven=False conf=0.0000 in 0.02ms
2026-08-09 11:23:14 | INFO | app.ai.backward_chaining:evaluate_goal:268 | Backward Chaining evaluated goal='DATA_EXFILTRATION' proven=False conf=0.0000 in 0.02ms
2026-08-09 11:23:14 | INFO | app.ai.backward_chaining:evaluate_goal:268 | Backward Chaining evaluated goal='PRIVILEGE_ESCALATION' proven=False conf=0.0000 in 0.03ms
2026-08-09 11:23:14 | INFO | app.ai.backward_chaining:evaluate_goal:268 | Backward Chaining evaluated goal='LATERAL_MOVEMENT' proven=False conf=0.0000 in 0.03ms
2026-08-09 11:23:14 | INFO | app.ai.backward_chaining:evaluate_goal:268 | Backward Chaining evaluated goal='DATA_EXFILTRATION' proven=False conf=0.0000 in 0.02ms
2026-08-09 11:23:14 | INFO | app.ai.backward_chaining:evaluate_goal:268 | Backward Chaining evaluated goal='PRIVILEGE_ESCALATION' proven=False conf=0.0000 in 0.02ms
2026-08-09 11:23:14 | INFO | app.ai.backward_chaining:evaluate_goal:268 | Backward Chaining evaluated goal='LATERAL_MOVEMENT' proven=False conf=0.0000 in 0.02ms
2026-08-09 11:23:22 | INFO | app.core.logging:setup_logging:54 | Logging initialized | env=development | debug=True
2026-08-09 11:23:23 | INFO | app.services.astar_service:run_astar:110 | Executing A* Search for Case ID 1 | Start: 'login' | Goal: 'usb_remove'
2026-08-09 11:23:23 | INFO | app.services.astar_service:run_astar:130 | A* Search Succeeded | Case ID: 1 | Start: 'login' | Goal: 'usb_remove' | Visited Nodes: 4 | Total Cost: 3.0000 | Heuristic Cost: 1.0000 | Time: 0.029 ms
2026-08-09 11:23:23 | INFO | httpx._client:_send_single_request:1740 | HTTP Request: POST http://test/api/v1/ai/astar/run "HTTP/1.1 200 OK"
2026-08-09 11:23:23 | INFO | app.services.astar_service:run_astar:110 | Executing A* Search for Case ID 1 | Start: 'login' | Goal: 'isolated_exfil'
2026-08-09 11:23:23 | WARNING | app.services.astar_service:run_astar:120 | A* Search completed: No path found between 'login' and 'isolated_exfil' in Case ID 1. Visited 5 nodes.
2026-08-09 11:23:23 | INFO | httpx._client:_send_single_request:1740 | HTTP Request: POST http://test/api/v1/ai/astar/run "HTTP/1.1 400 Bad Request"
2026-08-09 11:23:24 | WARNING | app.services.astar_service:run_astar:81 | A* Search failed: Start node 'non_existent_start' not found in Case 1.
2026-08-09 11:23:24 | INFO | httpx._client:_send_single_request:1740 | HTTP Request: POST http://test/api/v1/ai/astar/run "HTTP/1.1 404 Not Found"
2026-08-09 11:23:24 | WARNING | app.services.astar_service:run_astar:89 | A* Search failed: Goal node 'non_existent_goal' not found in Case 1.
2026-08-09 11:23:24 | INFO | httpx._client:_send_single_request:1740 | HTTP Request: POST http://test/api/v1/ai/astar/run "HTTP/1.1 404 Not Found"
2026-08-09 11:23:24 | WARNING | app.services.astar_service:run_astar:49 | A* Search failed: Case ID 999999 not found.
2026-08-09 11:23:24 | INFO | httpx._client:_send_single_request:1740 | HTTP Request: POST http://test/api/v1/ai/astar/run "HTTP/1.1 404 Not Found"
2026-08-09 11:23:25 | INFO | app.ai.backward_chaining:evaluate_goal:268 | Backward Chaining evaluated goal='DATA_EXFILTRATION' proven=False conf=0.0000 in 0.04ms
2026-08-09 11:23:25 | INFO | app.ai.backward_chaining:evaluate_goal:268 | Backward Chaining evaluated goal='PRIVILEGE_ESCALATION' proven=False conf=0.0000 in 0.05ms
2026-08-09 11:23:25 | INFO | app.ai.backward_chaining:evaluate_goal:268 | Backward Chaining evaluated goal='LATERAL_MOVEMENT' proven=False conf=0.0000 in 0.02ms
2026-08-09 11:23:25 | INFO | app.ai.backward_chaining:evaluate_goal:268 | Backward Chaining evaluated goal='DATA_EXFILTRATION' proven=False conf=0.0000 in 0.02ms
2026-08-09 11:23:25 | INFO | app.ai.backward_chaining:evaluate_goal:268 | Backward Chaining evaluated goal='PRIVILEGE_ESCALATION' proven=False conf=0.0000 in 0.03ms
2026-08-09 11:23:25 | INFO | app.ai.backward_chaining:evaluate_goal:268 | Backward Chaining evaluated goal='LATERAL_MOVEMENT' proven=False conf=0.0000 in 0.02ms
2026-08-09 11:23:25 | INFO | httpx._client:_send_single_request:1740 | HTTP Request: GET http://test/api/v1/cases/1/attack-path "HTTP/1.1 200 OK"
2026-08-09 11:23:25 | INFO | app.ai.backward_chaining:evaluate_goal:268 | Backward Chaining evaluated goal='DATA_EXFILTRATION' proven=False conf=0.0000 in 0.02ms
2026-08-09 11:23:25 | INFO | app.ai.backward_chaining:evaluate_goal:268 | Backward Chaining evaluated goal='PRIVILEGE_ESCALATION' proven=False conf=0.0000 in 0.03ms
2026-08-09 11:23:25 | INFO | app.ai.backward_chaining:evaluate_goal:268 | Backward Chaining evaluated goal='LATERAL_MOVEMENT' proven=False conf=0.0000 in 0.03ms
2026-08-09 11:23:25 | INFO | app.ai.backward_chaining:evaluate_goal:268 | Backward Chaining evaluated goal='DATA_EXFILTRATION' proven=False conf=0.0000 in 0.02ms
2026-08-09 11:23:25 | INFO | app.ai.backward_chaining:evaluate_goal:268 | Backward Chaining evaluated goal='PRIVILEGE_ESCALATION' proven=False conf=0.0000 in 0.02ms
2026-08-09 11:23:25 | INFO | app.ai.backward_chaining:evaluate_goal:268 | Backward Chaining evaluated goal='LATERAL_MOVEMENT' proven=False conf=0.0000 in 0.02ms
2026-08-09 11:23:25 | INFO | httpx._client:_send_single_request:1740 | HTTP Request: GET http://test/api/v1/cases/1/attack-paths "HTTP/1.1 200 OK"
2026-08-09 11:23:25 | INFO | app.ai.backward_chaining:evaluate_goal:268 | Backward Chaining evaluated goal='DATA_EXFILTRATION' proven=False conf=0.0000 in 0.02ms
2026-08-09 11:23:25 | INFO | app.ai.backward_chaining:evaluate_goal:268 | Backward Chaining evaluated goal='PRIVILEGE_ESCALATION' proven=False conf=0.0000 in 0.02ms
2026-08-09 11:23:25 | INFO | app.ai.backward_chaining:evaluate_goal:268 | Backward Chaining evaluated goal='LATERAL_MOVEMENT' proven=False conf=0.0000 in 0.02ms
2026-08-09 11:23:25 | INFO | app.ai.backward_chaining:evaluate_goal:268 | Backward Chaining evaluated goal='DATA_EXFILTRATION' proven=False conf=0.0000 in 0.03ms
2026-08-09 11:23:25 | INFO | app.ai.backward_chaining:evaluate_goal:268 | Backward Chaining evaluated goal='PRIVILEGE_ESCALATION' proven=False conf=0.0000 in 0.03ms
2026-08-09 11:23:25 | INFO | app.ai.backward_chaining:evaluate_goal:268 | Backward Chaining evaluated goal='LATERAL_MOVEMENT' proven=False conf=0.0000 in 0.05ms
2026-08-09 11:23:25 | INFO | httpx._client:_send_single_request:1740 | HTTP Request: GET http://test/api/attack-path/1 "HTTP/1.1 200 OK"
2026-08-09 11:23:25 | INFO | app.ai.backward_chaining:evaluate_goal:268 | Backward Chaining evaluated goal='DATA_EXFILTRATION' proven=True conf=1.0000 in 0.01ms
2026-08-09 11:23:25 | INFO | app.ai.backward_chaining:evaluate_goal:268 | Backward Chaining evaluated goal='DATA_EXFILTRATION' proven=True conf=0.9500 in 0.03ms
2026-08-09 11:23:25 | INFO | app.ai.backward_chaining:evaluate_goal:268 | Backward Chaining evaluated goal='DATA_EXFILTRATION' proven=True conf=0.9120 in 0.03ms
2026-08-09 11:23:25 | INFO | app.ai.backward_chaining:evaluate_goal:268 | Backward Chaining evaluated goal='DATA_EXFILTRATION' proven=False conf=0.0000 in 0.03ms
2026-08-09 11:23:25 | INFO | app.ai.backward_chaining:evaluate_goal:268 | Backward Chaining evaluated goal='DATA_EXFILTRATION' proven=False conf=0.0000 in 0.02ms
2026-08-09 11:23:25 | WARNING | app.ai.backward_chaining:_prove_goal:298 | Circular rule cycle detected for goal='GOAL_A' at depth=3
2026-08-09 11:23:25 | INFO | app.ai.backward_chaining:evaluate_goal:268 | Backward Chaining evaluated goal='GOAL_A' proven=False conf=0.0000 in 0.38ms
2026-08-09 11:23:25 | INFO | app.ai.backward_chaining:evaluate_goal:268 | Backward Chaining evaluated goal='DATA_EXFILTRATION' proven=True conf=0.9500 in 0.03ms
2026-08-09 11:23:25 | INFO | app.ai.backward_chaining:evaluate_goal:268 | Backward Chaining evaluated goal='DATA_EXFILTRATION' proven=True conf=0.9000 in 0.03ms
2026-08-09 11:23:25 | INFO | app.ai.backward_chaining:evaluate_goal:268 | Backward Chaining evaluated goal='UNKNOWN_NONEXISTENT_GOAL' proven=False conf=0.0000 in 0.01ms
2026-08-09 11:23:25 | INFO | app.ai.backward_chaining:evaluate_goal:268 | Backward Chaining evaluated goal='DATA_EXFILTRATION' proven=False conf=0.0000 in 0.02ms
2026-08-09 11:23:25 | INFO | app.ai.backward_chaining:evaluate_goal:268 | Backward Chaining evaluated goal='N_0' proven=True conf=0.5987 in 0.08ms
2026-08-09 11:23:25 | WARNING | app.ai.backward_chaining:_prove_goal:291 | Backward chaining max depth limit reached at depth=11 for goal='NODE_10'
2026-08-09 11:23:25 | INFO | app.ai.backward_chaining:evaluate_goal:268 | Backward Chaining evaluated goal='NODE_0' proven=False conf=0.0000 in 0.43ms
2026-08-09 11:23:26 | INFO | app.ai.backward_chaining:evaluate_goal:268 | Backward Chaining evaluated goal='DATA_EXFILTRATION' proven=True conf=0.8361 in 0.05ms
2026-08-09 11:23:26 | INFO | httpx._client:_send_single_request:1740 | HTTP Request: POST http://test/api/v1/ai/backward-chaining/run "HTTP/1.1 200 OK"
2026-08-09 11:23:26 | INFO | app.ai.backward_chaining:evaluate_goal:268 | Backward Chaining evaluated goal='PRIVILEGE_ESCALATION' proven=False conf=0.0000 in 0.03ms
2026-08-09 11:23:26 | INFO | httpx._client:_send_single_request:1740 | HTTP Request: POST http://test/api/backward-chaining/evaluate/1?goal=PRIVILEGE_ESCALATION "HTTP/1.1 200 OK"
2026-08-09 11:23:26 | INFO | httpx._client:_send_single_request:1740 | HTTP Request: POST http://test/api/v1/ai/backward-chaining/run "HTTP/1.1 400 Bad Request"
2026-08-09 11:23:27 | INFO | httpx._client:_send_single_request:1740 | HTTP Request: POST http://test/api/cases/ "HTTP/1.1 201 Created"
2026-08-09 11:23:27 | INFO | httpx._client:_send_single_request:1740 | HTTP Request: GET http://test/api/cases/?search=Malware "HTTP/1.1 200 OK"
2026-08-09 11:23:28 | INFO | httpx._client:_send_single_request:1740 | HTTP Request: POST http://test/api/evidence/upload "HTTP/1.1 201 Created"
2026-08-09 11:23:28 | INFO | httpx._client:_send_single_request:1740 | HTTP Request: POST http://test/api/parser/parse/1 "HTTP/1.1 202 Accepted"
2026-08-09 11:23:28 | INFO | httpx._client:_send_single_request:1740 | HTTP Request: POST http://test/api/normalize/1 "HTTP/1.1 202 Accepted"
2026-08-09 11:23:28 | INFO | httpx._client:_send_single_request:1740 | HTTP Request: POST http://test/api/graph/build/1 "HTTP/1.1 202 Accepted"
2026-08-09 11:23:28 | INFO | httpx._client:_send_single_request:1740 | HTTP Request: POST http://test/api/csp/validate/1 "HTTP/1.1 202 Accepted"
2026-08-09 11:23:28 | INFO | httpx._client:_send_single_request:1740 | HTTP Request: GET http://test/api/csp/status/1 "HTTP/1.1 200 OK"
2026-08-09 11:23:28 | INFO | httpx._client:_send_single_request:1740 | HTTP Request: GET http://test/api/csp/results/1 "HTTP/1.1 200 OK"
2026-08-09 11:23:29 | INFO | httpx._client:_send_single_request:1740 | HTTP Request: GET http://test/health "HTTP/1.1 200 OK"
2026-08-09 11:23:29 | INFO | httpx._client:_send_single_request:1740 | HTTP Request: GET http://test/api/v1/cases/1 "HTTP/1.1 404 Not Found"
2026-08-09 11:23:29 | INFO | app.ai.backward_chaining:evaluate_goal:268 | Backward Chaining evaluated goal='DATA_EXFILTRATION' proven=False conf=0.0000 in 0.02ms
2026-08-09 11:23:29 | INFO | app.ai.backward_chaining:evaluate_goal:268 | Backward Chaining evaluated goal='PRIVILEGE_ESCALATION' proven=False conf=0.0000 in 0.02ms
2026-08-09 11:23:29 | INFO | app.ai.backward_chaining:evaluate_goal:268 | Backward Chaining evaluated goal='LATERAL_MOVEMENT' proven=False conf=0.0000 in 0.02ms
2026-08-09 11:23:29 | INFO | app.ai.backward_chaining:evaluate_goal:268 | Backward Chaining evaluated goal='DATA_EXFILTRATION' proven=False conf=0.0000 in 0.02ms
2026-08-09 11:23:29 | INFO | app.ai.backward_chaining:evaluate_goal:268 | Backward Chaining evaluated goal='PRIVILEGE_ESCALATION' proven=False conf=0.0000 in 0.02ms
2026-08-09 11:23:29 | INFO | app.ai.backward_chaining:evaluate_goal:268 | Backward Chaining evaluated goal='LATERAL_MOVEMENT' proven=False conf=0.0000 in 0.02ms
2026-08-09 11:23:29 | INFO | app.ai.backward_chaining:evaluate_goal:268 | Backward Chaining evaluated goal='PERSISTENCE' proven=False conf=0.0000 in 0.02ms
2026-08-09 11:23:29 | INFO | app.ai.backward_chaining:evaluate_goal:268 | Backward Chaining evaluated goal='DATA_EXFILTRATION' proven=False conf=0.0000 in 0.02ms
2026-08-09 11:23:29 | INFO | app.ai.backward_chaining:evaluate_goal:268 | Backward Chaining evaluated goal='PRIVILEGE_ESCALATION' proven=False conf=0.0000 in 0.03ms
2026-08-09 11:23:29 | INFO | app.ai.backward_chaining:evaluate_goal:268 | Backward Chaining evaluated goal='LATERAL_MOVEMENT' proven=False conf=0.0000 in 0.02ms
2026-08-09 11:23:29 | INFO | app.ai.backward_chaining:evaluate_goal:268 | Backward Chaining evaluated goal='DATA_EXFILTRATION' proven=False conf=0.0000 in 0.02ms
2026-08-09 11:23:29 | INFO | app.ai.backward_chaining:evaluate_goal:268 | Backward Chaining evaluated goal='PRIVILEGE_ESCALATION' proven=False conf=0.0000 in 0.03ms
2026-08-09 11:23:29 | INFO | app.ai.backward_chaining:evaluate_goal:268 | Backward Chaining evaluated goal='LATERAL_MOVEMENT' proven=False conf=0.0000 in 0.02ms
2026-08-09 11:23:29 | INFO | app.ai.backward_chaining:evaluate_goal:268 | Backward Chaining evaluated goal='DATA_EXFILTRATION' proven=False conf=0.0000 in 0.02ms
2026-08-09 11:23:29 | INFO | app.ai.backward_chaining:evaluate_goal:268 | Backward Chaining evaluated goal='PRIVILEGE_ESCALATION' proven=False conf=0.0000 in 0.02ms
2026-08-09 11:23:29 | INFO | app.ai.backward_chaining:evaluate_goal:268 | Backward Chaining evaluated goal='LATERAL_MOVEMENT' proven=False conf=0.0000 in 0.02ms
2026-08-09 11:23:29 | INFO | app.ai.backward_chaining:evaluate_goal:268 | Backward Chaining evaluated goal='DATA_EXFILTRATION' proven=False conf=0.0000 in 0.03ms
2026-08-09 11:23:29 | INFO | app.ai.backward_chaining:evaluate_goal:268 | Backward Chaining evaluated goal='PRIVILEGE_ESCALATION' proven=False conf=0.0000 in 0.03ms
2026-08-09 11:23:29 | INFO | app.ai.backward_chaining:evaluate_goal:268 | Backward Chaining evaluated goal='LATERAL_MOVEMENT' proven=False conf=0.0000 in 0.03ms
2026-08-09 11:23:29 | INFO | app.ai.backward_chaining:evaluate_goal:268 | Backward Chaining evaluated goal='PERSISTENCE' proven=False conf=0.0000 in 0.03ms
2026-08-09 11:23:29 | INFO | app.ai.backward_chaining:evaluate_goal:268 | Backward Chaining evaluated goal='DATA_EXFILTRATION' proven=False conf=0.0000 in 0.03ms
2026-08-09 11:23:29 | INFO | app.ai.backward_chaining:evaluate_goal:268 | Backward Chaining evaluated goal='PRIVILEGE_ESCALATION' proven=False conf=0.0000 in 0.03ms
2026-08-09 11:23:29 | INFO | app.ai.backward_chaining:evaluate_goal:268 | Backward Chaining evaluated goal='LATERAL_MOVEMENT' proven=False conf=0.0000 in 0.02ms
2026-08-09 11:23:29 | INFO | app.ai.backward_chaining:evaluate_goal:268 | Backward Chaining evaluated goal='DATA_EXFILTRATION' proven=False conf=0.0000 in 0.02ms
2026-08-09 11:23:29 | INFO | app.ai.backward_chaining:evaluate_goal:268 | Backward Chaining evaluated goal='PRIVILEGE_ESCALATION' proven=False conf=0.0000 in 0.03ms
2026-08-09 11:23:29 | INFO | app.ai.backward_chaining:evaluate_goal:268 | Backward Chaining evaluated goal='LATERAL_MOVEMENT' proven=False conf=0.0000 in 0.02ms
2026-08-09 11:23:29 | INFO | app.ai.backward_chaining:evaluate_goal:268 | Backward Chaining evaluated goal='DATA_EXFILTRATION' proven=False conf=0.0000 in 0.02ms
2026-08-09 11:23:29 | INFO | app.ai.backward_chaining:evaluate_goal:268 | Backward Chaining evaluated goal='PRIVILEGE_ESCALATION' proven=False conf=0.0000 in 0.02ms
2026-08-09 11:23:29 | INFO | app.ai.backward_chaining:evaluate_goal:268 | Backward Chaining evaluated goal='LATERAL_MOVEMENT' proven=False conf=0.0000 in 0.02ms
2026-08-09 11:23:29 | INFO | app.ai.backward_chaining:evaluate_goal:268 | Backward Chaining evaluated goal='DATA_EXFILTRATION' proven=False conf=0.0000 in 0.02ms
2026-08-09 11:23:29 | INFO | app.ai.backward_chaining:evaluate_goal:268 | Backward Chaining evaluated goal='PRIVILEGE_ESCALATION' proven=False conf=0.0000 in 0.02ms
2026-08-09 11:23:29 | INFO | app.ai.backward_chaining:evaluate_goal:268 | Backward Chaining evaluated goal='LATERAL_MOVEMENT' proven=False conf=0.0000 in 0.02ms
2026-08-09 11:23:29 | INFO | app.ai.backward_chaining:evaluate_goal:268 | Backward Chaining evaluated goal='PERSISTENCE' proven=False conf=0.0000 in 0.02ms
2026-08-09 11:23:29 | INFO | app.ai.backward_chaining:evaluate_goal:268 | Backward Chaining evaluated goal='DATA_EXFILTRATION' proven=False conf=0.0000 in 0.02ms
2026-08-09 11:23:29 | INFO | app.ai.backward_chaining:evaluate_goal:268 | Backward Chaining evaluated goal='PRIVILEGE_ESCALATION' proven=False conf=0.0000 in 0.02ms
2026-08-09 11:23:29 | INFO | app.ai.backward_chaining:evaluate_goal:268 | Backward Chaining evaluated goal='LATERAL_MOVEMENT' proven=False conf=0.0000 in 0.02ms
2026-08-09 11:23:29 | INFO | app.ai.backward_chaining:evaluate_goal:268 | Backward Chaining evaluated goal='DATA_EXFILTRATION' proven=False conf=0.0000 in 0.02ms
2026-08-09 11:23:29 | INFO | app.ai.backward_chaining:evaluate_goal:268 | Backward Chaining evaluated goal='PRIVILEGE_ESCALATION' proven=False conf=0.0000 in 0.02ms
2026-08-09 11:23:29 | INFO | app.ai.backward_chaining:evaluate_goal:268 | Backward Chaining evaluated goal='LATERAL_MOVEMENT' proven=False conf=0.0000 in 0.02ms
2026-08-09 11:23:29 | INFO | app.ai.backward_chaining:evaluate_goal:268 | Backward Chaining evaluated goal='DATA_EXFILTRATION' proven=False conf=0.0000 in 0.02ms
2026-08-09 11:23:29 | INFO | app.ai.backward_chaining:evaluate_goal:268 | Backward Chaining evaluated goal='PRIVILEGE_ESCALATION' proven=False conf=0.0000 in 0.02ms
2026-08-09 11:23:29 | INFO | app.ai.backward_chaining:evaluate_goal:268 | Backward Chaining evaluated goal='LATERAL_MOVEMENT' proven=False conf=0.0000 in 0.02ms
2026-08-09 11:23:29 | INFO | app.ai.backward_chaining:evaluate_goal:268 | Backward Chaining evaluated goal='DATA_EXFILTRATION' proven=False conf=0.0000 in 0.02ms
2026-08-09 11:23:29 | INFO | app.ai.backward_chaining:evaluate_goal:268 | Backward Chaining evaluated goal='PRIVILEGE_ESCALATION' proven=False conf=0.0000 in 0.02ms
2026-08-09 11:23:29 | INFO | app.ai.backward_chaining:evaluate_goal:268 | Backward Chaining evaluated goal='LATERAL_MOVEMENT' proven=False conf=0.0000 in 0.02ms
2026-08-09 11:23:29 | INFO | app.ai.backward_chaining:evaluate_goal:268 | Backward Chaining evaluated goal='PERSISTENCE' proven=False conf=0.0000 in 0.02ms
2026-08-09 11:23:29 | INFO | app.ai.backward_chaining:evaluate_goal:268 | Backward Chaining evaluated goal='DATA_EXFILTRATION' proven=False conf=0.0000 in 0.02ms
2026-08-09 11:23:29 | INFO | app.ai.backward_chaining:evaluate_goal:268 | Backward Chaining evaluated goal='PRIVILEGE_ESCALATION' proven=False conf=0.0000 in 0.02ms
2026-08-09 11:23:29 | INFO | app.ai.backward_chaining:evaluate_goal:268 | Backward Chaining evaluated goal='LATERAL_MOVEMENT' proven=False conf=0.0000 in 0.02ms
2026-08-09 11:23:29 | INFO | app.ai.backward_chaining:evaluate_goal:268 | Backward Chaining evaluated goal='DATA_EXFILTRATION' proven=False conf=0.0000 in 0.02ms
2026-08-09 11:23:29 | INFO | app.ai.backward_chaining:evaluate_goal:268 | Backward Chaining evaluated goal='PRIVILEGE_ESCALATION' proven=False conf=0.0000 in 0.02ms
2026-08-09 11:23:29 | INFO | app.ai.backward_chaining:evaluate_goal:268 | Backward Chaining evaluated goal='LATERAL_MOVEMENT' proven=False conf=0.0000 in 0.02ms
2026-08-09 11:23:29 | INFO | httpx._client:_send_single_request:1740 | HTTP Request: POST http://test/api/v1/cases/1/reports "HTTP/1.1 201 Created"
2026-08-09 11:23:30 | INFO | httpx._client:_send_single_request:1740 | HTTP Request: GET http://test/api/v1/cases/1/reports/8cd4b6a3-52a1-4f48-8298-f6bed8ba8e45/download "HTTP/1.1 200 OK"
2026-08-09 11:23:30 | INFO | app.ai.backward_chaining:evaluate_goal:268 | Backward Chaining evaluated goal='DATA_EXFILTRATION' proven=False conf=0.0000 in 0.04ms
2026-08-09 11:23:30 | INFO | app.ai.backward_chaining:evaluate_goal:268 | Backward Chaining evaluated goal='PRIVILEGE_ESCALATION' proven=False conf=0.0000 in 0.05ms
2026-08-09 11:23:30 | INFO | app.ai.backward_chaining:evaluate_goal:268 | Backward Chaining evaluated goal='LATERAL_MOVEMENT' proven=False conf=0.0000 in 0.05ms
2026-08-09 11:23:30 | INFO | app.ai.backward_chaining:evaluate_goal:268 | Backward Chaining evaluated goal='DATA_EXFILTRATION' proven=False conf=0.0000 in 0.03ms
2026-08-09 11:23:30 | INFO | app.ai.backward_chaining:evaluate_goal:268 | Backward Chaining evaluated goal='PRIVILEGE_ESCALATION' proven=False conf=0.0000 in 0.04ms
2026-08-09 11:23:30 | INFO | app.ai.backward_chaining:evaluate_goal:268 | Backward Chaining evaluated goal='LATERAL_MOVEMENT' proven=False conf=0.0000 in 0.04ms
2026-08-09 11:23:30 | INFO | app.ai.backward_chaining:evaluate_goal:268 | Backward Chaining evaluated goal='PERSISTENCE' proven=False conf=0.0000 in 0.03ms
2026-08-09 11:23:30 | INFO | app.ai.backward_chaining:evaluate_goal:268 | Backward Chaining evaluated goal='DATA_EXFILTRATION' proven=False conf=0.0000 in 0.05ms
2026-08-09 11:23:30 | INFO | app.ai.backward_chaining:evaluate_goal:268 | Backward Chaining evaluated goal='PRIVILEGE_ESCALATION' proven=False conf=0.0000 in 0.06ms
2026-08-09 11:23:30 | INFO | app.ai.backward_chaining:evaluate_goal:268 | Backward Chaining evaluated goal='LATERAL_MOVEMENT' proven=False conf=0.0000 in 0.11ms
2026-08-09 11:23:30 | INFO | app.ai.backward_chaining:evaluate_goal:268 | Backward Chaining evaluated goal='DATA_EXFILTRATION' proven=False conf=0.0000 in 0.05ms
2026-08-09 11:23:30 | INFO | app.ai.backward_chaining:evaluate_goal:268 | Backward Chaining evaluated goal='PRIVILEGE_ESCALATION' proven=False conf=0.0000 in 0.06ms
2026-08-09 11:23:30 | INFO | app.ai.backward_chaining:evaluate_goal:268 | Backward Chaining evaluated goal='LATERAL_MOVEMENT' proven=False conf=0.0000 in 0.04ms
2026-08-09 11:23:30 | INFO | app.ai.backward_chaining:evaluate_goal:268 | Backward Chaining evaluated goal='DATA_EXFILTRATION' proven=False conf=0.0000 in 0.03ms
2026-08-09 11:23:30 | INFO | app.ai.backward_chaining:evaluate_goal:268 | Backward Chaining evaluated goal='PRIVILEGE_ESCALATION' proven=False conf=0.0000 in 0.03ms
2026-08-09 11:23:30 | INFO | app.ai.backward_chaining:evaluate_goal:268 | Backward Chaining evaluated goal='LATERAL_MOVEMENT' proven=False conf=0.0000 in 0.03ms
2026-08-09 11:23:30 | INFO | app.ai.backward_chaining:evaluate_goal:268 | Backward Chaining evaluated goal='DATA_EXFILTRATION' proven=False conf=0.0000 in 0.03ms
2026-08-09 11:23:30 | INFO | app.ai.backward_chaining:evaluate_goal:268 | Backward Chaining evaluated goal='PRIVILEGE_ESCALATION' proven=False conf=0.0000 in 0.04ms
2026-08-09 11:23:30 | INFO | app.ai.backward_chaining:evaluate_goal:268 | Backward Chaining evaluated goal='LATERAL_MOVEMENT' proven=False conf=0.0000 in 0.03ms
2026-08-09 11:23:30 | INFO | app.ai.backward_chaining:evaluate_goal:268 | Backward Chaining evaluated goal='PERSISTENCE' proven=False conf=0.0000 in 0.03ms
2026-08-09 11:23:30 | INFO | app.ai.backward_chaining:evaluate_goal:268 | Backward Chaining evaluated goal='DATA_EXFILTRATION' proven=False conf=0.0000 in 0.04ms
2026-08-09 11:23:30 | INFO | app.ai.backward_chaining:evaluate_goal:268 | Backward Chaining evaluated goal='PRIVILEGE_ESCALATION' proven=False conf=0.0000 in 0.05ms
2026-08-09 11:23:30 | INFO | app.ai.backward_chaining:evaluate_goal:268 | Backward Chaining evaluated goal='LATERAL_MOVEMENT' proven=False conf=0.0000 in 0.05ms
2026-08-09 11:23:30 | INFO | app.ai.backward_chaining:evaluate_goal:268 | Backward Chaining evaluated goal='DATA_EXFILTRATION' proven=False conf=0.0000 in 0.04ms
2026-08-09 11:23:30 | INFO | app.ai.backward_chaining:evaluate_goal:268 | Backward Chaining evaluated goal='PRIVILEGE_ESCALATION' proven=False conf=0.0000 in 0.05ms
2026-08-09 11:23:30 | INFO | app.ai.backward_chaining:evaluate_goal:268 | Backward Chaining evaluated goal='LATERAL_MOVEMENT' proven=False conf=0.0000 in 0.05ms
2026-08-09 11:23:30 | INFO | httpx._client:_send_single_request:1740 | HTTP Request: POST http://test/api/v1/cases/1/reports "HTTP/1.1 201 Created"
2026-08-09 11:23:30 | INFO | httpx._client:_send_single_request:1740 | HTTP Request: GET http://test/api/v1/cases/1/reports/fc27f168-f7e5-4ad6-9f28-f21fa7a7721e/download "HTTP/1.1 200 OK"
2026-08-09 11:23:31 | INFO | app.ai.backward_chaining:evaluate_goal:268 | Backward Chaining evaluated goal='DATA_EXFILTRATION' proven=False conf=0.0000 in 0.02ms
2026-08-09 11:23:31 | INFO | app.ai.backward_chaining:evaluate_goal:268 | Backward Chaining evaluated goal='PRIVILEGE_ESCALATION' proven=False conf=0.0000 in 0.03ms
2026-08-09 11:23:31 | INFO | app.ai.backward_chaining:evaluate_goal:268 | Backward Chaining evaluated goal='LATERAL_MOVEMENT' proven=False conf=0.0000 in 0.03ms
2026-08-09 11:23:31 | INFO | app.ai.backward_chaining:evaluate_goal:268 | Backward Chaining evaluated goal='PERSISTENCE' proven=False conf=0.0000 in 0.02ms
2026-08-09 11:23:31 | INFO | app.ai.backward_chaining:evaluate_goal:268 | Backward Chaining evaluated goal='DATA_EXFILTRATION' proven=False conf=0.0000 in 0.02ms
2026-08-09 11:23:31 | INFO | app.ai.backward_chaining:evaluate_goal:268 | Backward Chaining evaluated goal='PRIVILEGE_ESCALATION' proven=False conf=0.0000 in 0.02ms
2026-08-09 11:23:31 | INFO | app.ai.backward_chaining:evaluate_goal:268 | Backward Chaining evaluated goal='LATERAL_MOVEMENT' proven=False conf=0.0000 in 0.02ms
2026-08-09 11:23:31 | INFO | app.ai.backward_chaining:evaluate_goal:268 | Backward Chaining evaluated goal='PERSISTENCE' proven=False conf=0.0000 in 0.02ms
2026-08-09 11:23:31 | INFO | app.ai.backward_chaining:evaluate_goal:268 | Backward Chaining evaluated goal='DATA_EXFILTRATION' proven=False conf=0.0000 in 0.02ms
2026-08-09 11:23:31 | INFO | app.ai.backward_chaining:evaluate_goal:268 | Backward Chaining evaluated goal='PRIVILEGE_ESCALATION' proven=False conf=0.0000 in 0.03ms
2026-08-09 11:23:31 | INFO | app.ai.backward_chaining:evaluate_goal:268 | Backward Chaining evaluated goal='LATERAL_MOVEMENT' proven=False conf=0.0000 in 0.02ms
2026-08-09 11:23:31 | INFO | app.ai.backward_chaining:evaluate_goal:268 | Backward Chaining evaluated goal='PERSISTENCE' proven=False conf=0.0000 in 0.02ms
2026-08-09 11:23:32 | INFO | httpx._client:_send_single_request:1740 | HTTP Request: GET http://test/api/v1/cases/1/reports/history "HTTP/1.1 401 Unauthorized"
2026-08-09 11:23:32 | INFO | httpx._client:_send_single_request:1740 | HTTP Request: GET http://test/api/v1/cases/1/reports/history "HTTP/1.1 401 Unauthorized"
2026-08-09 11:23:33 | INFO | app.ai.backward_chaining:evaluate_goal:268 | Backward Chaining evaluated goal='DATA_EXFILTRATION' proven=False conf=0.0000 in 0.02ms
2026-08-09 11:23:33 | INFO | app.ai.backward_chaining:evaluate_goal:268 | Backward Chaining evaluated goal='PRIVILEGE_ESCALATION' proven=False conf=0.0000 in 0.02ms
2026-08-09 11:23:33 | INFO | app.ai.backward_chaining:evaluate_goal:268 | Backward Chaining evaluated goal='LATERAL_MOVEMENT' proven=False conf=0.0000 in 0.02ms
2026-08-09 11:23:33 | INFO | app.ai.backward_chaining:evaluate_goal:268 | Backward Chaining evaluated goal='DATA_EXFILTRATION' proven=False conf=0.0000 in 0.03ms
2026-08-09 11:23:33 | INFO | app.ai.backward_chaining:evaluate_goal:268 | Backward Chaining evaluated goal='PRIVILEGE_ESCALATION' proven=False conf=0.0000 in 0.03ms
2026-08-09 11:23:33 | INFO | app.ai.backward_chaining:evaluate_goal:268 | Backward Chaining evaluated goal='LATERAL_MOVEMENT' proven=False conf=0.0000 in 0.03ms
2026-08-09 11:23:33 | INFO | app.ai.backward_chaining:evaluate_goal:268 | Backward Chaining evaluated goal='PERSISTENCE' proven=False conf=0.0000 in 0.03ms
2026-08-09 11:23:33 | INFO | app.ai.backward_chaining:evaluate_goal:268 | Backward Chaining evaluated goal='DATA_EXFILTRATION' proven=False conf=0.0000 in 0.02ms
2026-08-09 11:23:33 | INFO | app.ai.backward_chaining:evaluate_goal:268 | Backward Chaining evaluated goal='PRIVILEGE_ESCALATION' proven=False conf=0.0000 in 0.02ms
2026-08-09 11:23:33 | INFO | app.ai.backward_chaining:evaluate_goal:268 | Backward Chaining evaluated goal='LATERAL_MOVEMENT' proven=False conf=0.0000 in 0.02ms
2026-08-09 11:23:33 | INFO | app.ai.backward_chaining:evaluate_goal:268 | Backward Chaining evaluated goal='DATA_EXFILTRATION' proven=False conf=0.0000 in 0.02ms
2026-08-09 11:23:33 | INFO | app.ai.backward_chaining:evaluate_goal:268 | Backward Chaining evaluated goal='PRIVILEGE_ESCALATION' proven=False conf=0.0000 in 0.02ms
2026-08-09 11:23:33 | INFO | app.ai.backward_chaining:evaluate_goal:268 | Backward Chaining evaluated goal='LATERAL_MOVEMENT' proven=False conf=0.0000 in 0.02ms
2026-08-09 11:23:33 | INFO | httpx._client:_send_single_request:1740 | HTTP Request: POST http://test/api/evidence/upload "HTTP/1.1 201 Created"
2026-08-09 11:23:34 | INFO | httpx._client:_send_single_request:1740 | HTTP Request: POST http://test/api/evidence/upload "HTTP/1.1 400 Bad Request"
2026-08-09 11:23:35 | INFO | httpx._client:_send_single_request:1740 | HTTP Request: POST http://test/api/evidence/upload "HTTP/1.1 201 Created"
2026-08-09 11:23:35 | INFO | httpx._client:_send_single_request:1740 | HTTP Request: POST http://test/api/evidence/upload "HTTP/1.1 409 Conflict"
2026-08-09 11:23:35 | INFO | app.services.forward_chaining_service:run_forward_chaining:135 | Running Forward Chaining for Case ID 1 with 6 initial fact(s).
2026-08-09 11:23:35 | INFO | app.services.forward_chaining_service:run_forward_chaining:151 | Forward Chaining completed for Case ID 1 | Fired Rules: 2 | Derived Facts: 4 | Time: 0.053 ms
2026-08-09 11:23:35 | INFO | httpx._client:_send_single_request:1740 | HTTP Request: POST http://test/api/v1/ai/forward-chaining/run "HTTP/1.1 200 OK"
2026-08-09 11:23:35 | WARNING | app.services.forward_chaining_service:run_forward_chaining:49 | Forward Chaining failed: Case ID 999999 not found.
2026-08-09 11:23:35 | INFO | httpx._client:_send_single_request:1740 | HTTP Request: POST http://test/api/v1/ai/forward-chaining/run "HTTP/1.1 404 Not Found"
2026-08-09 11:23:36 | INFO | httpx._client:_send_single_request:1740 | HTTP Request: POST http://test/api/evidence/upload "HTTP/1.1 201 Created"
2026-08-09 11:23:36 | INFO | httpx._client:_send_single_request:1740 | HTTP Request: POST http://test/api/parser/parse/1 "HTTP/1.1 202 Accepted"
2026-08-09 11:23:36 | INFO | httpx._client:_send_single_request:1740 | HTTP Request: POST http://test/api/normalize/1 "HTTP/1.1 202 Accepted"
2026-08-09 11:23:36 | INFO | httpx._client:_send_single_request:1740 | HTTP Request: POST http://test/api/graph/build/1 "HTTP/1.1 202 Accepted"
2026-08-09 11:23:36 | INFO | httpx._client:_send_single_request:1740 | HTTP Request: GET http://test/api/graph/1 "HTTP/1.1 200 OK"
2026-08-09 11:23:36 | INFO | httpx._client:_send_single_request:1740 | HTTP Request: GET http://test/api/graph/statistics/1 "HTTP/1.1 200 OK"
2026-08-09 11:23:37 | INFO | app.ai.backward_chaining:evaluate_goal:268 | Backward Chaining evaluated goal='DATA_EXFILTRATION' proven=False conf=0.0000 in 0.06ms
2026-08-09 11:23:37 | INFO | app.ai.backward_chaining:evaluate_goal:268 | Backward Chaining evaluated goal='PRIVILEGE_ESCALATION' proven=False conf=0.0000 in 0.07ms
2026-08-09 11:23:37 | INFO | app.ai.backward_chaining:evaluate_goal:268 | Backward Chaining evaluated goal='LATERAL_MOVEMENT' proven=False conf=0.0000 in 0.07ms
2026-08-09 11:23:37 | INFO | app.ai.backward_chaining:evaluate_goal:268 | Backward Chaining evaluated goal='DATA_EXFILTRATION' proven=False conf=0.0000 in 0.05ms
2026-08-09 11:23:37 | INFO | app.ai.backward_chaining:evaluate_goal:268 | Backward Chaining evaluated goal='PRIVILEGE_ESCALATION' proven=False conf=0.0000 in 0.07ms
2026-08-09 11:23:37 | INFO | app.ai.backward_chaining:evaluate_goal:268 | Backward Chaining evaluated goal='LATERAL_MOVEMENT' proven=False conf=0.0000 in 0.06ms
2026-08-09 11:23:37 | INFO | app.ai.backward_chaining:evaluate_goal:268 | Backward Chaining evaluated goal='PERSISTENCE' proven=False conf=0.0000 in 0.06ms
2026-08-09 11:23:37 | INFO | app.ai.backward_chaining:evaluate_goal:268 | Backward Chaining evaluated goal='DATA_EXFILTRATION' proven=False conf=0.0000 in 0.07ms
2026-08-09 11:23:37 | INFO | app.ai.backward_chaining:evaluate_goal:268 | Backward Chaining evaluated goal='PRIVILEGE_ESCALATION' proven=False conf=0.0000 in 0.07ms
2026-08-09 11:23:37 | INFO | app.ai.backward_chaining:evaluate_goal:268 | Backward Chaining evaluated goal='LATERAL_MOVEMENT' proven=False conf=0.0000 in 0.07ms
2026-08-09 11:23:37 | INFO | app.ai.backward_chaining:evaluate_goal:268 | Backward Chaining evaluated goal='DATA_EXFILTRATION' proven=False conf=0.0000 in 0.03ms
2026-08-09 11:23:37 | INFO | app.ai.backward_chaining:evaluate_goal:268 | Backward Chaining evaluated goal='PRIVILEGE_ESCALATION' proven=False conf=0.0000 in 0.04ms
2026-08-09 11:23:37 | INFO | app.ai.backward_chaining:evaluate_goal:268 | Backward Chaining evaluated goal='LATERAL_MOVEMENT' proven=False conf=0.0000 in 0.04ms
2026-08-09 11:23:37 | INFO | httpx._client:_send_single_request:1740 | HTTP Request: GET http://test/api/v1/cases/1/investigation-summary "HTTP/1.1 200 OK"
2026-08-09 11:23:37 | INFO | app.ai.backward_chaining:evaluate_goal:268 | Backward Chaining evaluated goal='DATA_EXFILTRATION' proven=False conf=0.0000 in 0.04ms
2026-08-09 11:23:37 | INFO | app.ai.backward_chaining:evaluate_goal:268 | Backward Chaining evaluated goal='PRIVILEGE_ESCALATION' proven=False conf=0.0000 in 0.05ms
2026-08-09 11:23:37 | INFO | app.ai.backward_chaining:evaluate_goal:268 | Backward Chaining evaluated goal='LATERAL_MOVEMENT' proven=False conf=0.0000 in 0.04ms
2026-08-09 11:23:37 | INFO | app.ai.backward_chaining:evaluate_goal:268 | Backward Chaining evaluated goal='DATA_EXFILTRATION' proven=False conf=0.0000 in 0.03ms
2026-08-09 11:23:37 | INFO | app.ai.backward_chaining:evaluate_goal:268 | Backward Chaining evaluated goal='PRIVILEGE_ESCALATION' proven=False conf=0.0000 in 0.03ms
2026-08-09 11:23:37 | INFO | app.ai.backward_chaining:evaluate_goal:268 | Backward Chaining evaluated goal='LATERAL_MOVEMENT' proven=False conf=0.0000 in 0.03ms
2026-08-09 11:23:37 | INFO | app.ai.backward_chaining:evaluate_goal:268 | Backward Chaining evaluated goal='PERSISTENCE' proven=False conf=0.0000 in 0.03ms
2026-08-09 11:23:37 | INFO | app.ai.backward_chaining:evaluate_goal:268 | Backward Chaining evaluated goal='DATA_EXFILTRATION' proven=False conf=0.0000 in 0.05ms
2026-08-09 11:23:37 | INFO | app.ai.backward_chaining:evaluate_goal:268 | Backward Chaining evaluated goal='PRIVILEGE_ESCALATION' proven=False conf=0.0000 in 0.03ms
2026-08-09 11:23:37 | INFO | app.ai.backward_chaining:evaluate_goal:268 | Backward Chaining evaluated goal='LATERAL_MOVEMENT' proven=False conf=0.0000 in 0.03ms
2026-08-09 11:23:37 | INFO | app.ai.backward_chaining:evaluate_goal:268 | Backward Chaining evaluated goal='DATA_EXFILTRATION' proven=False conf=0.0000 in 0.02ms
2026-08-09 11:23:37 | INFO | app.ai.backward_chaining:evaluate_goal:268 | Backward Chaining evaluated goal='PRIVILEGE_ESCALATION' proven=False conf=0.0000 in 0.03ms
2026-08-09 11:23:37 | INFO | app.ai.backward_chaining:evaluate_goal:268 | Backward Chaining evaluated goal='LATERAL_MOVEMENT' proven=False conf=0.0000 in 0.02ms
2026-08-09 11:23:37 | INFO | httpx._client:_send_single_request:1740 | HTTP Request: GET http://test/api/investigation-summary/1 "HTTP/1.1 200 OK"
2026-08-09 11:23:38 | INFO | httpx._client:_send_single_request:1740 | HTTP Request: POST http://test/api/evidence/upload "HTTP/1.1 201 Created"
2026-08-09 11:23:38 | INFO | httpx._client:_send_single_request:1740 | HTTP Request: POST http://test/api/parser/parse/1 "HTTP/1.1 202 Accepted"
2026-08-09 11:23:38 | INFO | httpx._client:_send_single_request:1740 | HTTP Request: POST http://test/api/normalize/1 "HTTP/1.1 202 Accepted"
2026-08-09 11:23:38 | INFO | httpx._client:_send_single_request:1740 | HTTP Request: GET http://test/api/normalized-events/1 "HTTP/1.1 200 OK"
2026-08-09 11:23:39 | INFO | httpx._client:_send_single_request:1740 | HTTP Request: POST http://test/api/evidence/upload "HTTP/1.1 201 Created"
2026-08-09 11:23:39 | INFO | httpx._client:_send_single_request:1740 | HTTP Request: POST http://test/api/parser/parse/1 "HTTP/1.1 202 Accepted"
2026-08-09 11:23:39 | INFO | httpx._client:_send_single_request:1740 | HTTP Request: GET http://test/api/parser/events/case/1 "HTTP/1.1 200 OK"
2026-08-09 11:23:40 | INFO | app.ai.backward_chaining:evaluate_goal:268 | Backward Chaining evaluated goal='DATA_EXFILTRATION' proven=False conf=0.0000 in 0.02ms
2026-08-09 11:23:40 | INFO | app.ai.backward_chaining:evaluate_goal:268 | Backward Chaining evaluated goal='PRIVILEGE_ESCALATION' proven=False conf=0.0000 in 0.02ms
2026-08-09 11:23:40 | INFO | app.ai.backward_chaining:evaluate_goal:268 | Backward Chaining evaluated goal='LATERAL_MOVEMENT' proven=False conf=0.0000 in 0.02ms
2026-08-09 11:23:40 | INFO | app.ai.backward_chaining:evaluate_goal:268 | Backward Chaining evaluated goal='DATA_EXFILTRATION' proven=False conf=0.0000 in 0.02ms
2026-08-09 11:23:40 | INFO | app.ai.backward_chaining:evaluate_goal:268 | Backward Chaining evaluated goal='PRIVILEGE_ESCALATION' proven=False conf=0.0000 in 0.03ms
2026-08-09 11:23:40 | INFO | app.ai.backward_chaining:evaluate_goal:268 | Backward Chaining evaluated goal='LATERAL_MOVEMENT' proven=False conf=0.0000 in 0.02ms
2026-08-09 11:23:40 | INFO | app.ai.backward_chaining:evaluate_goal:268 | Backward Chaining evaluated goal='PERSISTENCE' proven=False conf=0.0000 in 0.02ms
2026-08-09 11:23:40 | INFO | app.ai.backward_chaining:evaluate_goal:268 | Backward Chaining evaluated goal='DATA_EXFILTRATION' proven=False conf=0.0000 in 0.02ms
2026-08-09 11:23:40 | INFO | app.ai.backward_chaining:evaluate_goal:268 | Backward Chaining evaluated goal='PRIVILEGE_ESCALATION' proven=False conf=0.0000 in 0.02ms
2026-08-09 11:23:40 | INFO | app.ai.backward_chaining:evaluate_goal:268 | Backward Chaining evaluated goal='LATERAL_MOVEMENT' proven=False conf=0.0000 in 0.02ms
2026-08-09 11:23:40 | INFO | app.ai.backward_chaining:evaluate_goal:268 | Backward Chaining evaluated goal='DATA_EXFILTRATION' proven=False conf=0.0000 in 0.01ms
2026-08-09 11:23:40 | INFO | app.ai.backward_chaining:evaluate_goal:268 | Backward Chaining evaluated goal='PRIVILEGE_ESCALATION' proven=False conf=0.0000 in 0.02ms
2026-08-09 11:23:40 | INFO | app.ai.backward_chaining:evaluate_goal:268 | Backward Chaining evaluated goal='LATERAL_MOVEMENT' proven=False conf=0.0000 in 0.02ms
2026-08-09 11:23:40 | INFO | app.ai.backward_chaining:evaluate_goal:268 | Backward Chaining evaluated goal='DATA_EXFILTRATION' proven=False conf=0.0000 in 0.02ms
2026-08-09 11:23:40 | INFO | app.ai.backward_chaining:evaluate_goal:268 | Backward Chaining evaluated goal='PRIVILEGE_ESCALATION' proven=False conf=0.0000 in 0.02ms
2026-08-09 11:23:40 | INFO | app.ai.backward_chaining:evaluate_goal:268 | Backward Chaining evaluated goal='LATERAL_MOVEMENT' proven=False conf=0.0000 in 0.02ms
2026-08-09 11:23:40 | INFO | app.ai.backward_chaining:evaluate_goal:268 | Backward Chaining evaluated goal='DATA_EXFILTRATION' proven=False conf=0.0000 in 0.02ms
2026-08-09 11:23:40 | INFO | app.ai.backward_chaining:evaluate_goal:268 | Backward Chaining evaluated goal='PRIVILEGE_ESCALATION' proven=False conf=0.0000 in 0.02ms
2026-08-09 11:23:40 | INFO | app.ai.backward_chaining:evaluate_goal:268 | Backward Chaining evaluated goal='LATERAL_MOVEMENT' proven=False conf=0.0000 in 0.02ms
2026-08-09 11:23:40 | INFO | app.ai.backward_chaining:evaluate_goal:268 | Backward Chaining evaluated goal='PERSISTENCE' proven=False conf=0.0000 in 0.02ms
2026-08-09 11:23:40 | INFO | app.ai.backward_chaining:evaluate_goal:268 | Backward Chaining evaluated goal='DATA_EXFILTRATION' proven=False conf=0.0000 in 0.02ms
2026-08-09 11:23:40 | INFO | app.ai.backward_chaining:evaluate_goal:268 | Backward Chaining evaluated goal='PRIVILEGE_ESCALATION' proven=False conf=0.0000 in 0.02ms
2026-08-09 11:23:40 | INFO | app.ai.backward_chaining:evaluate_goal:268 | Backward Chaining evaluated goal='LATERAL_MOVEMENT' proven=False conf=0.0000 in 0.02ms
2026-08-09 11:23:40 | INFO | app.ai.backward_chaining:evaluate_goal:268 | Backward Chaining evaluated goal='DATA_EXFILTRATION' proven=False conf=0.0000 in 0.02ms
2026-08-09 11:23:40 | INFO | app.ai.backward_chaining:evaluate_goal:268 | Backward Chaining evaluated goal='PRIVILEGE_ESCALATION' proven=False conf=0.0000 in 0.02ms
2026-08-09 11:23:40 | INFO | app.ai.backward_chaining:evaluate_goal:268 | Backward Chaining evaluated goal='LATERAL_MOVEMENT' proven=False conf=0.0000 in 0.02ms
2026-08-09 11:23:40 | INFO | app.ai.backward_chaining:evaluate_goal:268 | Backward Chaining evaluated goal='DATA_EXFILTRATION' proven=False conf=0.0000 in 0.02ms
2026-08-09 11:23:40 | INFO | app.ai.backward_chaining:evaluate_goal:268 | Backward Chaining evaluated goal='PRIVILEGE_ESCALATION' proven=False conf=0.0000 in 0.02ms
2026-08-09 11:23:40 | INFO | app.ai.backward_chaining:evaluate_goal:268 | Backward Chaining evaluated goal='LATERAL_MOVEMENT' proven=False conf=0.0000 in 0.02ms
2026-08-09 11:23:40 | INFO | app.ai.backward_chaining:evaluate_goal:268 | Backward Chaining evaluated goal='DATA_EXFILTRATION' proven=False conf=0.0000 in 0.02ms
2026-08-09 11:23:40 | INFO | app.ai.backward_chaining:evaluate_goal:268 | Backward Chaining evaluated goal='PRIVILEGE_ESCALATION' proven=False conf=0.0000 in 0.02ms
2026-08-09 11:23:40 | INFO | app.ai.backward_chaining:evaluate_goal:268 | Backward Chaining evaluated goal='LATERAL_MOVEMENT' proven=False conf=0.0000 in 0.02ms
2026-08-09 11:23:40 | INFO | app.ai.backward_chaining:evaluate_goal:268 | Backward Chaining evaluated goal='PERSISTENCE' proven=False conf=0.0000 in 0.02ms
2026-08-09 11:23:40 | INFO | app.ai.backward_chaining:evaluate_goal:268 | Backward Chaining evaluated goal='DATA_EXFILTRATION' proven=False conf=0.0000 in 0.04ms
2026-08-09 11:23:40 | INFO | app.ai.backward_chaining:evaluate_goal:268 | Backward Chaining evaluated goal='PRIVILEGE_ESCALATION' proven=False conf=0.0000 in 0.05ms
2026-08-09 11:23:40 | INFO | app.ai.backward_chaining:evaluate_goal:268 | Backward Chaining evaluated goal='LATERAL_MOVEMENT' proven=False conf=0.0000 in 0.05ms
2026-08-09 11:23:40 | INFO | app.ai.backward_chaining:evaluate_goal:268 | Backward Chaining evaluated goal='DATA_EXFILTRATION' proven=False conf=0.0000 in 0.04ms
2026-08-09 11:23:40 | INFO | app.ai.backward_chaining:evaluate_goal:268 | Backward Chaining evaluated goal='PRIVILEGE_ESCALATION' proven=False conf=0.0000 in 0.05ms
2026-08-09 11:23:40 | INFO | app.ai.backward_chaining:evaluate_goal:268 | Backward Chaining evaluated goal='LATERAL_MOVEMENT' proven=False conf=0.0000 in 0.04ms
2026-08-09 11:23:40 | INFO | app.ai.backward_chaining:evaluate_goal:268 | Backward Chaining evaluated goal='DATA_EXFILTRATION' proven=False conf=0.0000 in 0.04ms
2026-08-09 11:23:40 | INFO | app.ai.backward_chaining:evaluate_goal:268 | Backward Chaining evaluated goal='PRIVILEGE_ESCALATION' proven=False conf=0.0000 in 0.05ms
2026-08-09 11:23:40 | INFO | app.ai.backward_chaining:evaluate_goal:268 | Backward Chaining evaluated goal='LATERAL_MOVEMENT' proven=False conf=0.0000 in 0.05ms
2026-08-09 11:23:40 | INFO | app.ai.backward_chaining:evaluate_goal:268 | Backward Chaining evaluated goal='DATA_EXFILTRATION' proven=False conf=0.0000 in 0.04ms
2026-08-09 11:23:40 | INFO | app.ai.backward_chaining:evaluate_goal:268 | Backward Chaining evaluated goal='PRIVILEGE_ESCALATION' proven=False conf=0.0000 in 0.05ms
2026-08-09 11:23:40 | INFO | app.ai.backward_chaining:evaluate_goal:268 | Backward Chaining evaluated goal='LATERAL_MOVEMENT' proven=False conf=0.0000 in 0.05ms
2026-08-09 11:23:40 | INFO | app.ai.backward_chaining:evaluate_goal:268 | Backward Chaining evaluated goal='PERSISTENCE' proven=False conf=0.0000 in 0.04ms
2026-08-09 11:23:40 | INFO | app.ai.backward_chaining:evaluate_goal:268 | Backward Chaining evaluated goal='DATA_EXFILTRATION' proven=False conf=0.0000 in 0.03ms
2026-08-09 11:23:40 | INFO | app.ai.backward_chaining:evaluate_goal:268 | Backward Chaining evaluated goal='PRIVILEGE_ESCALATION' proven=False conf=0.0000 in 0.03ms
2026-08-09 11:23:40 | INFO | app.ai.backward_chaining:evaluate_goal:268 | Backward Chaining evaluated goal='LATERAL_MOVEMENT' proven=False conf=0.0000 in 0.03ms
2026-08-09 11:23:40 | INFO | app.ai.backward_chaining:evaluate_goal:268 | Backward Chaining evaluated goal='DATA_EXFILTRATION' proven=False conf=0.0000 in 0.03ms
2026-08-09 11:23:40 | INFO | app.ai.backward_chaining:evaluate_goal:268 | Backward Chaining evaluated goal='PRIVILEGE_ESCALATION' proven=False conf=0.0000 in 0.05ms
2026-08-09 11:23:40 | INFO | app.ai.backward_chaining:evaluate_goal:268 | Backward Chaining evaluated goal='LATERAL_MOVEMENT' proven=False conf=0.0000 in 0.05ms
2026-08-09 11:23:41 | INFO | app.ai.backward_chaining:evaluate_goal:268 | Backward Chaining evaluated goal='DATA_EXFILTRATION' proven=False conf=0.0000 in 0.03ms
2026-08-09 11:23:41 | INFO | app.ai.backward_chaining:evaluate_goal:268 | Backward Chaining evaluated goal='PRIVILEGE_ESCALATION' proven=False conf=0.0000 in 0.02ms
2026-08-09 11:23:41 | INFO | app.ai.backward_chaining:evaluate_goal:268 | Backward Chaining evaluated goal='LATERAL_MOVEMENT' proven=False conf=0.0000 in 0.02ms
2026-08-09 11:23:41 | INFO | app.ai.backward_chaining:evaluate_goal:268 | Backward Chaining evaluated goal='DATA_EXFILTRATION' proven=False conf=0.0000 in 0.03ms
2026-08-09 11:23:41 | INFO | app.ai.backward_chaining:evaluate_goal:268 | Backward Chaining evaluated goal='PRIVILEGE_ESCALATION' proven=False conf=0.0000 in 0.07ms
2026-08-09 11:23:41 | INFO | app.ai.backward_chaining:evaluate_goal:268 | Backward Chaining evaluated goal='LATERAL_MOVEMENT' proven=False conf=0.0000 in 0.03ms
2026-08-09 11:23:41 | INFO | app.ai.backward_chaining:evaluate_goal:268 | Backward Chaining evaluated goal='PERSISTENCE' proven=False conf=0.0000 in 0.03ms
2026-08-09 11:23:42 | INFO | app.ai.backward_chaining:evaluate_goal:268 | Backward Chaining evaluated goal='DATA_EXFILTRATION' proven=False conf=0.0000 in 0.03ms
2026-08-09 11:23:42 | INFO | app.ai.backward_chaining:evaluate_goal:268 | Backward Chaining evaluated goal='PRIVILEGE_ESCALATION' proven=False conf=0.0000 in 0.03ms
2026-08-09 11:23:42 | INFO | app.ai.backward_chaining:evaluate_goal:268 | Backward Chaining evaluated goal='LATERAL_MOVEMENT' proven=False conf=0.0000 in 0.03ms
2026-08-09 11:23:42 | INFO | app.ai.backward_chaining:evaluate_goal:268 | Backward Chaining evaluated goal='DATA_EXFILTRATION' proven=False conf=0.0000 in 0.03ms
2026-08-09 11:23:42 | INFO | app.ai.backward_chaining:evaluate_goal:268 | Backward Chaining evaluated goal='PRIVILEGE_ESCALATION' proven=False conf=0.0000 in 0.04ms
2026-08-09 11:23:42 | INFO | app.ai.backward_chaining:evaluate_goal:268 | Backward Chaining evaluated goal='LATERAL_MOVEMENT' proven=False conf=0.0000 in 0.04ms
2026-08-09 11:23:42 | INFO | app.ai.backward_chaining:evaluate_goal:268 | Backward Chaining evaluated goal='DATA_EXFILTRATION' proven=False conf=0.0000 in 0.02ms
2026-08-09 11:23:42 | INFO | app.ai.backward_chaining:evaluate_goal:268 | Backward Chaining evaluated goal='PRIVILEGE_ESCALATION' proven=False conf=0.0000 in 0.02ms
2026-08-09 11:23:42 | INFO | app.ai.backward_chaining:evaluate_goal:268 | Backward Chaining evaluated goal='LATERAL_MOVEMENT' proven=False conf=0.0000 in 0.02ms
2026-08-09 11:23:42 | INFO | app.ai.backward_chaining:evaluate_goal:268 | Backward Chaining evaluated goal='DATA_EXFILTRATION' proven=False conf=0.0000 in 0.03ms
2026-08-09 11:23:42 | INFO | app.ai.backward_chaining:evaluate_goal:268 | Backward Chaining evaluated goal='PRIVILEGE_ESCALATION' proven=False conf=0.0000 in 0.04ms
2026-08-09 11:23:42 | INFO | app.ai.backward_chaining:evaluate_goal:268 | Backward Chaining evaluated goal='LATERAL_MOVEMENT' proven=False conf=0.0000 in 0.03ms
2026-08-09 11:23:42 | INFO | app.ai.backward_chaining:evaluate_goal:268 | Backward Chaining evaluated goal='PERSISTENCE' proven=False conf=0.0000 in 0.03ms
2026-08-09 11:23:42 | INFO | app.ai.backward_chaining:evaluate_goal:268 | Backward Chaining evaluated goal='DATA_EXFILTRATION' proven=False conf=0.0000 in 0.02ms
2026-08-09 11:23:42 | INFO | app.ai.backward_chaining:evaluate_goal:268 | Backward Chaining evaluated goal='PRIVILEGE_ESCALATION' proven=False conf=0.0000 in 0.02ms
2026-08-09 11:23:42 | INFO | app.ai.backward_chaining:evaluate_goal:268 | Backward Chaining evaluated goal='LATERAL_MOVEMENT' proven=False conf=0.0000 in 0.02ms
2026-08-09 11:23:42 | INFO | app.ai.backward_chaining:evaluate_goal:268 | Backward Chaining evaluated goal='DATA_EXFILTRATION' proven=False conf=0.0000 in 0.02ms
2026-08-09 11:23:42 | INFO | app.ai.backward_chaining:evaluate_goal:268 | Backward Chaining evaluated goal='PRIVILEGE_ESCALATION' proven=False conf=0.0000 in 0.02ms
2026-08-09 11:23:42 | INFO | app.ai.backward_chaining:evaluate_goal:268 | Backward Chaining evaluated goal='LATERAL_MOVEMENT' proven=False conf=0.0000 in 0.02ms
2026-08-09 11:23:42 | INFO | httpx._client:_send_single_request:1740 | HTTP Request: POST http://test/api/v1/cases/1/reports "HTTP/1.1 201 Created"
2026-08-09 11:23:42 | INFO | httpx._client:_send_single_request:1740 | HTTP Request: GET http://test/api/v1/cases/1/reports/history "HTTP/1.1 200 OK"
2026-08-09 11:23:42 | INFO | httpx._client:_send_single_request:1740 | HTTP Request: GET http://test/api/v1/cases/1/reports/94258794-d687-461b-8cc1-70a6dcd2fc37/download "HTTP/1.1 200 OK"
2026-08-09 11:23:42 | INFO | httpx._client:_send_single_request:1740 | HTTP Request: GET http://test/api/v1/cases/1/reports/94258794-d687-461b-8cc1-70a6dcd2fc37/download "HTTP/1.1 401 Unauthorized"
2026-08-09 11:23:42 | INFO | app.ai.backward_chaining:evaluate_goal:268 | Backward Chaining evaluated goal='DATA_EXFILTRATION' proven=False conf=0.0000 in 0.03ms
2026-08-09 11:23:42 | INFO | app.ai.backward_chaining:evaluate_goal:268 | Backward Chaining evaluated goal='PRIVILEGE_ESCALATION' proven=False conf=0.0000 in 0.02ms
2026-08-09 11:23:42 | INFO | app.ai.backward_chaining:evaluate_goal:268 | Backward Chaining evaluated goal='LATERAL_MOVEMENT' proven=False conf=0.0000 in 0.02ms
2026-08-09 11:23:42 | INFO | app.ai.backward_chaining:evaluate_goal:268 | Backward Chaining evaluated goal='PERSISTENCE' proven=False conf=0.0000 in 0.02ms
2026-08-09 11:23:42 | INFO | httpx._client:_send_single_request:1740 | HTTP Request: GET http://test/api/v1/cases/1/risk-score "HTTP/1.1 200 OK"
2026-08-09 11:23:42 | INFO | app.ai.backward_chaining:evaluate_goal:268 | Backward Chaining evaluated goal='DATA_EXFILTRATION' proven=False conf=0.0000 in 0.02ms
2026-08-09 11:23:42 | INFO | app.ai.backward_chaining:evaluate_goal:268 | Backward Chaining evaluated goal='PRIVILEGE_ESCALATION' proven=False conf=0.0000 in 0.02ms
2026-08-09 11:23:42 | INFO | app.ai.backward_chaining:evaluate_goal:268 | Backward Chaining evaluated goal='LATERAL_MOVEMENT' proven=False conf=0.0000 in 0.06ms
2026-08-09 11:23:42 | INFO | app.ai.backward_chaining:evaluate_goal:268 | Backward Chaining evaluated goal='PERSISTENCE' proven=False conf=0.0000 in 0.02ms
2026-08-09 11:23:42 | INFO | httpx._client:_send_single_request:1740 | HTTP Request: GET http://test/api/risk-score/1 "HTTP/1.1 200 OK"
2026-08-09 11:23:43 | INFO | app.ai.backward_chaining:evaluate_goal:268 | Backward Chaining evaluated goal='DATA_EXFILTRATION' proven=False conf=0.0000 in 0.05ms
2026-08-09 11:23:43 | INFO | app.ai.backward_chaining:evaluate_goal:268 | Backward Chaining evaluated goal='PRIVILEGE_ESCALATION' proven=False conf=0.0000 in 0.06ms
2026-08-09 11:23:43 | INFO | app.ai.backward_chaining:evaluate_goal:268 | Backward Chaining evaluated goal='LATERAL_MOVEMENT' proven=False conf=0.0000 in 0.06ms
2026-08-09 11:23:44 | INFO | app.ai.backward_chaining:evaluate_goal:268 | Backward Chaining evaluated goal='DATA_EXFILTRATION' proven=False conf=0.0000 in 0.02ms
2026-08-09 11:23:44 | INFO | app.ai.backward_chaining:evaluate_goal:268 | Backward Chaining evaluated goal='PRIVILEGE_ESCALATION' proven=False conf=0.0000 in 0.02ms
2026-08-09 11:23:44 | INFO | app.ai.backward_chaining:evaluate_goal:268 | Backward Chaining evaluated goal='LATERAL_MOVEMENT' proven=False conf=0.0000 in 0.03ms
2026-08-09 11:23:44 | INFO | app.ai.backward_chaining:evaluate_goal:268 | Backward Chaining evaluated goal='DATA_EXFILTRATION' proven=False conf=0.0000 in 0.03ms
2026-08-09 11:23:44 | INFO | app.ai.backward_chaining:evaluate_goal:268 | Backward Chaining evaluated goal='PRIVILEGE_ESCALATION' proven=False conf=0.0000 in 0.02ms
2026-08-09 11:23:44 | INFO | app.ai.backward_chaining:evaluate_goal:268 | Backward Chaining evaluated goal='LATERAL_MOVEMENT' proven=False conf=0.0000 in 0.02ms
2026-08-09 11:23:45 | INFO | app.ai.backward_chaining:evaluate_goal:268 | Backward Chaining evaluated goal='DATA_EXFILTRATION' proven=False conf=0.0000 in 0.02ms
2026-08-09 11:23:45 | INFO | app.ai.backward_chaining:evaluate_goal:268 | Backward Chaining evaluated goal='PRIVILEGE_ESCALATION' proven=False conf=0.0000 in 0.02ms
2026-08-09 11:23:45 | INFO | app.ai.backward_chaining:evaluate_goal:268 | Backward Chaining evaluated goal='LATERAL_MOVEMENT' proven=False conf=0.0000 in 0.02ms
2026-08-09 11:23:45 | INFO | app.ai.backward_chaining:evaluate_goal:268 | Backward Chaining evaluated goal='DATA_EXFILTRATION' proven=True conf=1.0000 in 0.00ms
2026-08-09 11:23:45 | INFO | app.ai.backward_chaining:evaluate_goal:268 | Backward Chaining evaluated goal='PRIVILEGE_ESCALATION' proven=False conf=0.0000 in 0.02ms
2026-08-09 11:23:45 | INFO | app.ai.backward_chaining:evaluate_goal:268 | Backward Chaining evaluated goal='LATERAL_MOVEMENT' proven=False conf=0.0000 in 0.02ms
2026-08-09 11:23:46 | INFO | app.ai.backward_chaining:evaluate_goal:268 | Backward Chaining evaluated goal='DATA_EXFILTRATION' proven=True conf=0.9120 in 0.04ms
2026-08-09 11:23:46 | INFO | app.ai.backward_chaining:evaluate_goal:268 | Backward Chaining evaluated goal='PRIVILEGE_ESCALATION' proven=False conf=0.0000 in 0.03ms
2026-08-09 11:23:46 | INFO | app.ai.backward_chaining:evaluate_goal:268 | Backward Chaining evaluated goal='LATERAL_MOVEMENT' proven=False conf=0.0000 in 0.04ms
2026-08-09 11:23:46 | INFO | app.ai.backward_chaining:evaluate_goal:268 | Backward Chaining evaluated goal='DATA_EXFILTRATION' proven=False conf=0.0000 in 0.02ms
2026-08-09 11:23:46 | INFO | app.ai.backward_chaining:evaluate_goal:268 | Backward Chaining evaluated goal='PRIVILEGE_ESCALATION' proven=False conf=0.0000 in 0.03ms
2026-08-09 11:23:46 | INFO | app.ai.backward_chaining:evaluate_goal:268 | Backward Chaining evaluated goal='LATERAL_MOVEMENT' proven=False conf=0.0000 in 0.04ms
2026-08-09 11:23:47 | INFO | app.ai.backward_chaining:evaluate_goal:268 | Backward Chaining evaluated goal='DATA_EXFILTRATION' proven=False conf=0.0000 in 0.07ms
2026-08-09 11:23:47 | INFO | app.ai.backward_chaining:evaluate_goal:268 | Backward Chaining evaluated goal='PRIVILEGE_ESCALATION' proven=False conf=0.0000 in 0.02ms
2026-08-09 11:23:47 | INFO | app.ai.backward_chaining:evaluate_goal:268 | Backward Chaining evaluated goal='LATERAL_MOVEMENT' proven=False conf=0.0000 in 0.02ms
2026-08-09 11:23:48 | INFO | app.ai.backward_chaining:evaluate_goal:268 | Backward Chaining evaluated goal='DATA_EXFILTRATION' proven=False conf=0.0000 in 0.03ms
2026-08-09 11:23:48 | INFO | app.ai.backward_chaining:evaluate_goal:268 | Backward Chaining evaluated goal='PRIVILEGE_ESCALATION' proven=False conf=0.0000 in 0.02ms
2026-08-09 11:23:48 | INFO | app.ai.backward_chaining:evaluate_goal:268 | Backward Chaining evaluated goal='LATERAL_MOVEMENT' proven=False conf=0.0000 in 0.03ms
2026-08-09 11:23:48 | INFO | httpx._client:_send_single_request:1740 | HTTP Request: GET http://test/api/v1/cases/1/timeline "HTTP/1.1 200 OK"
2026-08-09 11:23:48 | INFO | app.ai.backward_chaining:evaluate_goal:268 | Backward Chaining evaluated goal='DATA_EXFILTRATION' proven=False conf=0.0000 in 0.02ms
2026-08-09 11:23:48 | INFO | app.ai.backward_chaining:evaluate_goal:268 | Backward Chaining evaluated goal='PRIVILEGE_ESCALATION' proven=False conf=0.0000 in 0.03ms
2026-08-09 11:23:48 | INFO | app.ai.backward_chaining:evaluate_goal:268 | Backward Chaining evaluated goal='LATERAL_MOVEMENT' proven=False conf=0.0000 in 0.02ms
2026-08-09 11:23:48 | INFO | httpx._client:_send_single_request:1740 | HTTP Request: GET http://test/api/timeline/1 "HTTP/1.1 200 OK"
2026-08-09 11:23:48 | INFO | app.ai.backward_chaining:evaluate_goal:268 | Backward Chaining evaluated goal='DATA_EXFILTRATION' proven=False conf=0.0000 in 0.02ms
2026-08-09 11:23:48 | INFO | app.ai.backward_chaining:evaluate_goal:268 | Backward Chaining evaluated goal='PRIVILEGE_ESCALATION' proven=False conf=0.0000 in 0.02ms
2026-08-09 11:23:48 | INFO | app.ai.backward_chaining:evaluate_goal:268 | Backward Chaining evaluated goal='LATERAL_MOVEMENT' proven=False conf=0.0000 in 0.02ms
2026-08-09 11:23:48 | INFO | httpx._client:_send_single_request:1740 | HTTP Request: GET http://test/api/timeline/1/suspicious "HTTP/1.1 200 OK"
2026-08-09 11:23:48 | INFO | app.services.ucs_service:run_ucs:104 | Executing UCS for Case ID 1 | Start: 'login' | Goal: 'usb_remove'
2026-08-09 11:23:48 | INFO | app.services.ucs_service:run_ucs:124 | UCS Search Succeeded | Case ID: 1 | Start: 'login' | Goal: 'usb_remove' | Visited Nodes: 4 | Total Cost: 3.0000 | Time: 0.012 ms
2026-08-09 11:23:48 | INFO | httpx._client:_send_single_request:1740 | HTTP Request: POST http://test/api/v1/ai/ucs/run "HTTP/1.1 200 OK"
2026-08-09 11:23:48 | INFO | app.services.ucs_service:run_ucs:104 | Executing UCS for Case ID 1 | Start: 'login' | Goal: 'isolated_exfil'
2026-08-09 11:23:48 | WARNING | app.services.ucs_service:run_ucs:114 | UCS search completed: No path found between 'login' and 'isolated_exfil' in Case ID 1. Explored 5 nodes.
2026-08-09 11:23:48 | INFO | httpx._client:_send_single_request:1740 | HTTP Request: POST http://test/api/v1/ai/ucs/run "HTTP/1.1 400 Bad Request"
2026-08-09 11:23:49 | WARNING | app.services.ucs_service:run_ucs:74 | UCS failed: Start node 'non_existent_start' not found in Case 1.
2026-08-09 11:23:49 | INFO | httpx._client:_send_single_request:1740 | HTTP Request: POST http://test/api/v1/ai/ucs/run "HTTP/1.1 404 Not Found"
2026-08-09 11:23:49 | WARNING | app.services.ucs_service:run_ucs:83 | UCS failed: Goal node 'non_existent_goal' not found in Case 1.
2026-08-09 11:23:49 | INFO | httpx._client:_send_single_request:1740 | HTTP Request: POST http://test/api/v1/ai/ucs/run "HTTP/1.1 404 Not Found"
2026-08-09 11:23:50 | WARNING | app.services.ucs_service:run_ucs:48 | UCS failed: Case ID 999999 not found.
2026-08-09 11:23:50 | INFO | httpx._client:_send_single_request:1740 | HTTP Request: POST http://test/api/v1/ai/ucs/run "HTTP/1.1 404 Not Found"
2026-08-09 11:33:59 | INFO | app.core.logging:setup_logging:54 | Logging initialized | env=development | debug=True
2026-08-09 11:34:54 | INFO | app.ai.backward_chaining:evaluate_goal:268 | Backward Chaining evaluated goal='DATA_EXFILTRATION' proven=False conf=0.0000 in 0.04ms
2026-08-09 11:34:54 | INFO | app.ai.backward_chaining:evaluate_goal:268 | Backward Chaining evaluated goal='PRIVILEGE_ESCALATION' proven=False conf=0.0000 in 0.04ms
2026-08-09 11:34:54 | INFO | app.ai.backward_chaining:evaluate_goal:268 | Backward Chaining evaluated goal='LATERAL_MOVEMENT' proven=False conf=0.0000 in 0.03ms
2026-08-09 11:34:54 | INFO | app.ai.backward_chaining:evaluate_goal:268 | Backward Chaining evaluated goal='PERSISTENCE' proven=False conf=0.0000 in 0.04ms
2026-08-09 11:35:19 | INFO | app.ai.backward_chaining:evaluate_goal:268 | Backward Chaining evaluated goal='DATA_EXFILTRATION' proven=False conf=0.0000 in 0.03ms
2026-08-09 11:35:19 | INFO | app.ai.backward_chaining:evaluate_goal:268 | Backward Chaining evaluated goal='PRIVILEGE_ESCALATION' proven=False conf=0.0000 in 0.05ms
2026-08-09 11:35:19 | INFO | app.ai.backward_chaining:evaluate_goal:268 | Backward Chaining evaluated goal='LATERAL_MOVEMENT' proven=False conf=0.0000 in 0.03ms
2026-08-09 11:35:19 | INFO | app.ai.backward_chaining:evaluate_goal:268 | Backward Chaining evaluated goal='DATA_EXFILTRATION' proven=False conf=0.0000 in 0.02ms
2026-08-09 11:35:19 | INFO | app.ai.backward_chaining:evaluate_goal:268 | Backward Chaining evaluated goal='PRIVILEGE_ESCALATION' proven=False conf=0.0000 in 0.03ms
2026-08-09 11:35:19 | INFO | app.ai.backward_chaining:evaluate_goal:268 | Backward Chaining evaluated goal='LATERAL_MOVEMENT' proven=False conf=0.0000 in 0.03ms
2026-08-09 11:35:19 | INFO | app.ai.backward_chaining:evaluate_goal:268 | Backward Chaining evaluated goal='DATA_EXFILTRATION' proven=False conf=0.0000 in 0.02ms
2026-08-09 11:35:19 | INFO | app.ai.backward_chaining:evaluate_goal:268 | Backward Chaining evaluated goal='PRIVILEGE_ESCALATION' proven=False conf=0.0000 in 0.03ms
2026-08-09 11:35:19 | INFO | app.ai.backward_chaining:evaluate_goal:268 | Backward Chaining evaluated goal='LATERAL_MOVEMENT' proven=False conf=0.0000 in 0.04ms
2026-08-09 11:35:19 | INFO | app.ai.backward_chaining:evaluate_goal:268 | Backward Chaining evaluated goal='DATA_EXFILTRATION' proven=False conf=0.0000 in 0.02ms
2026-08-09 11:35:19 | INFO | app.ai.backward_chaining:evaluate_goal:268 | Backward Chaining evaluated goal='PRIVILEGE_ESCALATION' proven=False conf=0.0000 in 0.03ms
2026-08-09 11:35:19 | INFO | app.ai.backward_chaining:evaluate_goal:268 | Backward Chaining evaluated goal='LATERAL_MOVEMENT' proven=False conf=0.0000 in 0.03ms
2026-08-09 11:35:19 | INFO | app.ai.backward_chaining:evaluate_goal:268 | Backward Chaining evaluated goal='DATA_EXFILTRATION' proven=False conf=0.0000 in 0.03ms
2026-08-09 11:35:19 | INFO | app.ai.backward_chaining:evaluate_goal:268 | Backward Chaining evaluated goal='PRIVILEGE_ESCALATION' proven=False conf=0.0000 in 0.03ms
2026-08-09 11:35:19 | INFO | app.ai.backward_chaining:evaluate_goal:268 | Backward Chaining evaluated goal='LATERAL_MOVEMENT' proven=False conf=0.0000 in 0.03ms
2026-08-09 11:35:19 | INFO | app.ai.backward_chaining:evaluate_goal:268 | Backward Chaining evaluated goal='PERSISTENCE' proven=False conf=0.0000 in 0.03ms
2026-08-09 11:35:19 | INFO | app.ai.backward_chaining:evaluate_goal:268 | Backward Chaining evaluated goal='DATA_EXFILTRATION' proven=False conf=0.0000 in 0.02ms
2026-08-09 11:35:19 | INFO | app.ai.backward_chaining:evaluate_goal:268 | Backward Chaining evaluated goal='PRIVILEGE_ESCALATION' proven=False conf=0.0000 in 0.03ms
2026-08-09 11:35:19 | INFO | app.ai.backward_chaining:evaluate_goal:268 | Backward Chaining evaluated goal='LATERAL_MOVEMENT' proven=False conf=0.0000 in 0.02ms
2026-08-09 11:35:19 | INFO | app.ai.backward_chaining:evaluate_goal:268 | Backward Chaining evaluated goal='DATA_EXFILTRATION' proven=False conf=0.0000 in 0.02ms
2026-08-09 11:35:19 | INFO | app.ai.backward_chaining:evaluate_goal:268 | Backward Chaining evaluated goal='PRIVILEGE_ESCALATION' proven=False conf=0.0000 in 0.03ms
2026-08-09 11:35:19 | INFO | app.ai.backward_chaining:evaluate_goal:268 | Backward Chaining evaluated goal='LATERAL_MOVEMENT' proven=False conf=0.0000 in 0.02ms
2026-08-09 11:39:49 | INFO | app.core.logging:setup_logging:54 | Logging initialized | env=development | debug=True
2026-08-09 11:39:50 | INFO | app.services.astar_service:run_astar:110 | Executing A* Search for Case ID 1 | Start: 'login' | Goal: 'usb_remove'
2026-08-09 11:39:50 | INFO | app.services.astar_service:run_astar:130 | A* Search Succeeded | Case ID: 1 | Start: 'login' | Goal: 'usb_remove' | Visited Nodes: 4 | Total Cost: 3.0000 | Heuristic Cost: 1.0000 | Time: 0.021 ms
2026-08-09 11:39:50 | INFO | httpx._client:_send_single_request:1740 | HTTP Request: POST http://test/api/v1/ai/astar/run "HTTP/1.1 200 OK"
2026-08-09 11:39:50 | INFO | app.services.astar_service:run_astar:110 | Executing A* Search for Case ID 1 | Start: 'login' | Goal: 'isolated_exfil'
2026-08-09 11:39:50 | WARNING | app.services.astar_service:run_astar:120 | A* Search completed: No path found between 'login' and 'isolated_exfil' in Case ID 1. Visited 5 nodes.
2026-08-09 11:39:50 | INFO | httpx._client:_send_single_request:1740 | HTTP Request: POST http://test/api/v1/ai/astar/run "HTTP/1.1 400 Bad Request"
2026-08-09 11:39:51 | WARNING | app.services.astar_service:run_astar:81 | A* Search failed: Start node 'non_existent_start' not found in Case 1.
2026-08-09 11:39:51 | INFO | httpx._client:_send_single_request:1740 | HTTP Request: POST http://test/api/v1/ai/astar/run "HTTP/1.1 404 Not Found"
2026-08-09 11:39:51 | WARNING | app.services.astar_service:run_astar:89 | A* Search failed: Goal node 'non_existent_goal' not found in Case 1.
2026-08-09 11:39:51 | INFO | httpx._client:_send_single_request:1740 | HTTP Request: POST http://test/api/v1/ai/astar/run "HTTP/1.1 404 Not Found"
2026-08-09 11:39:51 | WARNING | app.services.astar_service:run_astar:49 | A* Search failed: Case ID 999999 not found.
2026-08-09 11:39:51 | INFO | httpx._client:_send_single_request:1740 | HTTP Request: POST http://test/api/v1/ai/astar/run "HTTP/1.1 404 Not Found"
2026-08-09 11:39:52 | INFO | app.ai.backward_chaining:evaluate_goal:268 | Backward Chaining evaluated goal='DATA_EXFILTRATION' proven=False conf=0.0000 in 0.03ms
2026-08-09 11:39:52 | INFO | app.ai.backward_chaining:evaluate_goal:268 | Backward Chaining evaluated goal='PRIVILEGE_ESCALATION' proven=False conf=0.0000 in 0.03ms
2026-08-09 11:39:52 | INFO | app.ai.backward_chaining:evaluate_goal:268 | Backward Chaining evaluated goal='LATERAL_MOVEMENT' proven=False conf=0.0000 in 0.03ms
2026-08-09 11:39:52 | INFO | app.ai.backward_chaining:evaluate_goal:268 | Backward Chaining evaluated goal='DATA_EXFILTRATION' proven=False conf=0.0000 in 0.02ms
2026-08-09 11:39:52 | INFO | app.ai.backward_chaining:evaluate_goal:268 | Backward Chaining evaluated goal='PRIVILEGE_ESCALATION' proven=False conf=0.0000 in 0.04ms
2026-08-09 11:39:52 | INFO | app.ai.backward_chaining:evaluate_goal:268 | Backward Chaining evaluated goal='LATERAL_MOVEMENT' proven=False conf=0.0000 in 0.02ms
2026-08-09 11:39:52 | INFO | httpx._client:_send_single_request:1740 | HTTP Request: GET http://test/api/v1/cases/1/attack-path "HTTP/1.1 200 OK"
2026-08-09 11:39:52 | INFO | app.ai.backward_chaining:evaluate_goal:268 | Backward Chaining evaluated goal='DATA_EXFILTRATION' proven=False conf=0.0000 in 0.02ms
2026-08-09 11:39:52 | INFO | app.ai.backward_chaining:evaluate_goal:268 | Backward Chaining evaluated goal='PRIVILEGE_ESCALATION' proven=False conf=0.0000 in 0.02ms
2026-08-09 11:39:52 | INFO | app.ai.backward_chaining:evaluate_goal:268 | Backward Chaining evaluated goal='LATERAL_MOVEMENT' proven=False conf=0.0000 in 0.02ms
2026-08-09 11:39:52 | INFO | app.ai.backward_chaining:evaluate_goal:268 | Backward Chaining evaluated goal='DATA_EXFILTRATION' proven=False conf=0.0000 in 0.02ms
2026-08-09 11:39:52 | INFO | app.ai.backward_chaining:evaluate_goal:268 | Backward Chaining evaluated goal='PRIVILEGE_ESCALATION' proven=False conf=0.0000 in 0.02ms
2026-08-09 11:39:52 | INFO | app.ai.backward_chaining:evaluate_goal:268 | Backward Chaining evaluated goal='LATERAL_MOVEMENT' proven=False conf=0.0000 in 0.02ms
2026-08-09 11:39:52 | INFO | httpx._client:_send_single_request:1740 | HTTP Request: GET http://test/api/v1/cases/1/attack-paths "HTTP/1.1 200 OK"
2026-08-09 11:39:52 | INFO | app.ai.backward_chaining:evaluate_goal:268 | Backward Chaining evaluated goal='DATA_EXFILTRATION' proven=False conf=0.0000 in 0.03ms
2026-08-09 11:39:52 | INFO | app.ai.backward_chaining:evaluate_goal:268 | Backward Chaining evaluated goal='PRIVILEGE_ESCALATION' proven=False conf=0.0000 in 0.03ms
2026-08-09 11:39:52 | INFO | app.ai.backward_chaining:evaluate_goal:268 | Backward Chaining evaluated goal='LATERAL_MOVEMENT' proven=False conf=0.0000 in 0.02ms
2026-08-09 11:39:52 | INFO | app.ai.backward_chaining:evaluate_goal:268 | Backward Chaining evaluated goal='DATA_EXFILTRATION' proven=False conf=0.0000 in 0.03ms
2026-08-09 11:39:52 | INFO | app.ai.backward_chaining:evaluate_goal:268 | Backward Chaining evaluated goal='PRIVILEGE_ESCALATION' proven=False conf=0.0000 in 0.02ms
2026-08-09 11:39:52 | INFO | app.ai.backward_chaining:evaluate_goal:268 | Backward Chaining evaluated goal='LATERAL_MOVEMENT' proven=False conf=0.0000 in 0.02ms
2026-08-09 11:39:52 | INFO | httpx._client:_send_single_request:1740 | HTTP Request: GET http://test/api/attack-path/1 "HTTP/1.1 200 OK"
2026-08-09 11:39:52 | INFO | app.ai.backward_chaining:evaluate_goal:268 | Backward Chaining evaluated goal='DATA_EXFILTRATION' proven=True conf=1.0000 in 0.01ms
2026-08-09 11:39:52 | INFO | app.ai.backward_chaining:evaluate_goal:268 | Backward Chaining evaluated goal='DATA_EXFILTRATION' proven=True conf=0.9500 in 0.03ms
2026-08-09 11:39:52 | INFO | app.ai.backward_chaining:evaluate_goal:268 | Backward Chaining evaluated goal='DATA_EXFILTRATION' proven=True conf=0.9120 in 0.03ms
2026-08-09 11:39:52 | INFO | app.ai.backward_chaining:evaluate_goal:268 | Backward Chaining evaluated goal='DATA_EXFILTRATION' proven=False conf=0.0000 in 0.02ms
2026-08-09 11:39:52 | INFO | app.ai.backward_chaining:evaluate_goal:268 | Backward Chaining evaluated goal='DATA_EXFILTRATION' proven=False conf=0.0000 in 0.02ms
2026-08-09 11:39:52 | WARNING | app.ai.backward_chaining:_prove_goal:298 | Circular rule cycle detected for goal='GOAL_A' at depth=3
2026-08-09 11:39:52 | INFO | app.ai.backward_chaining:evaluate_goal:268 | Backward Chaining evaluated goal='GOAL_A' proven=False conf=0.0000 in 0.37ms
2026-08-09 11:39:52 | INFO | app.ai.backward_chaining:evaluate_goal:268 | Backward Chaining evaluated goal='DATA_EXFILTRATION' proven=True conf=0.9500 in 0.02ms
2026-08-09 11:39:52 | INFO | app.ai.backward_chaining:evaluate_goal:268 | Backward Chaining evaluated goal='DATA_EXFILTRATION' proven=True conf=0.9000 in 0.02ms
2026-08-09 11:39:52 | INFO | app.ai.backward_chaining:evaluate_goal:268 | Backward Chaining evaluated goal='UNKNOWN_NONEXISTENT_GOAL' proven=False conf=0.0000 in 0.01ms
2026-08-09 11:39:52 | INFO | app.ai.backward_chaining:evaluate_goal:268 | Backward Chaining evaluated goal='DATA_EXFILTRATION' proven=False conf=0.0000 in 0.02ms
2026-08-09 11:39:52 | INFO | app.ai.backward_chaining:evaluate_goal:268 | Backward Chaining evaluated goal='N_0' proven=True conf=0.5987 in 0.05ms
2026-08-09 11:39:52 | WARNING | app.ai.backward_chaining:_prove_goal:291 | Backward chaining max depth limit reached at depth=11 for goal='NODE_10'
2026-08-09 11:39:52 | INFO | app.ai.backward_chaining:evaluate_goal:268 | Backward Chaining evaluated goal='NODE_0' proven=False conf=0.0000 in 0.49ms
2026-08-09 11:39:53 | INFO | app.ai.backward_chaining:evaluate_goal:268 | Backward Chaining evaluated goal='DATA_EXFILTRATION' proven=True conf=0.8361 in 0.04ms
2026-08-09 11:39:53 | INFO | httpx._client:_send_single_request:1740 | HTTP Request: POST http://test/api/v1/ai/backward-chaining/run "HTTP/1.1 200 OK"
2026-08-09 11:39:53 | INFO | app.ai.backward_chaining:evaluate_goal:268 | Backward Chaining evaluated goal='PRIVILEGE_ESCALATION' proven=False conf=0.0000 in 0.04ms
2026-08-09 11:39:53 | INFO | httpx._client:_send_single_request:1740 | HTTP Request: POST http://test/api/backward-chaining/evaluate/1?goal=PRIVILEGE_ESCALATION "HTTP/1.1 200 OK"
2026-08-09 11:39:53 | INFO | httpx._client:_send_single_request:1740 | HTTP Request: POST http://test/api/v1/ai/backward-chaining/run "HTTP/1.1 400 Bad Request"
2026-08-09 11:39:54 | INFO | httpx._client:_send_single_request:1740 | HTTP Request: POST http://test/api/cases/ "HTTP/1.1 201 Created"
2026-08-09 11:39:55 | INFO | httpx._client:_send_single_request:1740 | HTTP Request: GET http://test/api/cases/?search=Malware "HTTP/1.1 200 OK"
2026-08-09 11:39:55 | INFO | httpx._client:_send_single_request:1740 | HTTP Request: POST http://test/api/evidence/upload "HTTP/1.1 201 Created"
2026-08-09 11:39:55 | INFO | httpx._client:_send_single_request:1740 | HTTP Request: POST http://test/api/parser/parse/1 "HTTP/1.1 202 Accepted"
2026-08-09 11:39:55 | INFO | httpx._client:_send_single_request:1740 | HTTP Request: POST http://test/api/normalize/1 "HTTP/1.1 202 Accepted"
2026-08-09 11:39:56 | INFO | httpx._client:_send_single_request:1740 | HTTP Request: POST http://test/api/graph/build/1 "HTTP/1.1 202 Accepted"
2026-08-09 11:39:56 | INFO | httpx._client:_send_single_request:1740 | HTTP Request: POST http://test/api/csp/validate/1 "HTTP/1.1 202 Accepted"
2026-08-09 11:39:56 | INFO | httpx._client:_send_single_request:1740 | HTTP Request: GET http://test/api/csp/status/1 "HTTP/1.1 200 OK"
2026-08-09 11:39:56 | INFO | httpx._client:_send_single_request:1740 | HTTP Request: GET http://test/api/csp/results/1 "HTTP/1.1 200 OK"
2026-08-09 11:39:57 | INFO | httpx._client:_send_single_request:1740 | HTTP Request: GET http://test/health "HTTP/1.1 200 OK"
2026-08-09 11:39:57 | INFO | httpx._client:_send_single_request:1740 | HTTP Request: GET http://test/api/v1/cases/1 "HTTP/1.1 404 Not Found"
2026-08-09 11:39:57 | INFO | app.ai.backward_chaining:evaluate_goal:268 | Backward Chaining evaluated goal='DATA_EXFILTRATION' proven=False conf=0.0000 in 0.02ms
2026-08-09 11:39:57 | INFO | app.ai.backward_chaining:evaluate_goal:268 | Backward Chaining evaluated goal='PRIVILEGE_ESCALATION' proven=False conf=0.0000 in 0.02ms
2026-08-09 11:39:57 | INFO | app.ai.backward_chaining:evaluate_goal:268 | Backward Chaining evaluated goal='LATERAL_MOVEMENT' proven=False conf=0.0000 in 0.02ms
2026-08-09 11:39:57 | INFO | app.ai.backward_chaining:evaluate_goal:268 | Backward Chaining evaluated goal='DATA_EXFILTRATION' proven=False conf=0.0000 in 0.02ms
2026-08-09 11:39:57 | INFO | app.ai.backward_chaining:evaluate_goal:268 | Backward Chaining evaluated goal='PRIVILEGE_ESCALATION' proven=False conf=0.0000 in 0.02ms
2026-08-09 11:39:57 | INFO | app.ai.backward_chaining:evaluate_goal:268 | Backward Chaining evaluated goal='LATERAL_MOVEMENT' proven=False conf=0.0000 in 0.02ms
2026-08-09 11:39:57 | INFO | app.ai.backward_chaining:evaluate_goal:268 | Backward Chaining evaluated goal='PERSISTENCE' proven=False conf=0.0000 in 0.02ms
2026-08-09 11:39:57 | INFO | app.ai.backward_chaining:evaluate_goal:268 | Backward Chaining evaluated goal='DATA_EXFILTRATION' proven=False conf=0.0000 in 0.02ms
2026-08-09 11:39:57 | INFO | app.ai.backward_chaining:evaluate_goal:268 | Backward Chaining evaluated goal='PRIVILEGE_ESCALATION' proven=False conf=0.0000 in 0.02ms
2026-08-09 11:39:57 | INFO | app.ai.backward_chaining:evaluate_goal:268 | Backward Chaining evaluated goal='LATERAL_MOVEMENT' proven=False conf=0.0000 in 0.02ms
2026-08-09 11:39:57 | INFO | app.ai.backward_chaining:evaluate_goal:268 | Backward Chaining evaluated goal='DATA_EXFILTRATION' proven=False conf=0.0000 in 0.02ms
2026-08-09 11:39:57 | INFO | app.ai.backward_chaining:evaluate_goal:268 | Backward Chaining evaluated goal='PRIVILEGE_ESCALATION' proven=False conf=0.0000 in 0.02ms
2026-08-09 11:39:57 | INFO | app.ai.backward_chaining:evaluate_goal:268 | Backward Chaining evaluated goal='LATERAL_MOVEMENT' proven=False conf=0.0000 in 0.02ms
2026-08-09 11:39:57 | INFO | app.ai.backward_chaining:evaluate_goal:268 | Backward Chaining evaluated goal='DATA_EXFILTRATION' proven=False conf=0.0000 in 0.03ms
2026-08-09 11:39:57 | INFO | app.ai.backward_chaining:evaluate_goal:268 | Backward Chaining evaluated goal='PRIVILEGE_ESCALATION' proven=False conf=0.0000 in 0.02ms
2026-08-09 11:39:57 | INFO | app.ai.backward_chaining:evaluate_goal:268 | Backward Chaining evaluated goal='LATERAL_MOVEMENT' proven=False conf=0.0000 in 0.02ms
2026-08-09 11:39:57 | INFO | app.ai.backward_chaining:evaluate_goal:268 | Backward Chaining evaluated goal='DATA_EXFILTRATION' proven=False conf=0.0000 in 0.02ms
2026-08-09 11:39:57 | INFO | app.ai.backward_chaining:evaluate_goal:268 | Backward Chaining evaluated goal='PRIVILEGE_ESCALATION' proven=False conf=0.0000 in 0.03ms
2026-08-09 11:39:57 | INFO | app.ai.backward_chaining:evaluate_goal:268 | Backward Chaining evaluated goal='LATERAL_MOVEMENT' proven=False conf=0.0000 in 0.02ms
2026-08-09 11:39:57 | INFO | app.ai.backward_chaining:evaluate_goal:268 | Backward Chaining evaluated goal='PERSISTENCE' proven=False conf=0.0000 in 0.02ms
2026-08-09 11:39:57 | INFO | app.ai.backward_chaining:evaluate_goal:268 | Backward Chaining evaluated goal='DATA_EXFILTRATION' proven=False conf=0.0000 in 0.02ms
2026-08-09 11:39:57 | INFO | app.ai.backward_chaining:evaluate_goal:268 | Backward Chaining evaluated goal='PRIVILEGE_ESCALATION' proven=False conf=0.0000 in 0.03ms
2026-08-09 11:39:57 | INFO | app.ai.backward_chaining:evaluate_goal:268 | Backward Chaining evaluated goal='LATERAL_MOVEMENT' proven=False conf=0.0000 in 0.03ms
2026-08-09 11:39:57 | INFO | app.ai.backward_chaining:evaluate_goal:268 | Backward Chaining evaluated goal='DATA_EXFILTRATION' proven=False conf=0.0000 in 0.03ms
2026-08-09 11:39:57 | INFO | app.ai.backward_chaining:evaluate_goal:268 | Backward Chaining evaluated goal='PRIVILEGE_ESCALATION' proven=False conf=0.0000 in 0.02ms
2026-08-09 11:39:57 | INFO | app.ai.backward_chaining:evaluate_goal:268 | Backward Chaining evaluated goal='LATERAL_MOVEMENT' proven=False conf=0.0000 in 0.02ms
2026-08-09 11:39:57 | INFO | app.ai.backward_chaining:evaluate_goal:268 | Backward Chaining evaluated goal='DATA_EXFILTRATION' proven=False conf=0.0000 in 0.02ms
2026-08-09 11:39:57 | INFO | app.ai.backward_chaining:evaluate_goal:268 | Backward Chaining evaluated goal='PRIVILEGE_ESCALATION' proven=False conf=0.0000 in 0.03ms
2026-08-09 11:39:57 | INFO | app.ai.backward_chaining:evaluate_goal:268 | Backward Chaining evaluated goal='LATERAL_MOVEMENT' proven=False conf=0.0000 in 0.02ms
2026-08-09 11:39:57 | INFO | app.ai.backward_chaining:evaluate_goal:268 | Backward Chaining evaluated goal='DATA_EXFILTRATION' proven=False conf=0.0000 in 0.02ms
2026-08-09 11:39:57 | INFO | app.ai.backward_chaining:evaluate_goal:268 | Backward Chaining evaluated goal='PRIVILEGE_ESCALATION' proven=False conf=0.0000 in 0.02ms
2026-08-09 11:39:57 | INFO | app.ai.backward_chaining:evaluate_goal:268 | Backward Chaining evaluated goal='LATERAL_MOVEMENT' proven=False conf=0.0000 in 0.02ms
2026-08-09 11:39:57 | INFO | app.ai.backward_chaining:evaluate_goal:268 | Backward Chaining evaluated goal='PERSISTENCE' proven=False conf=0.0000 in 0.02ms
2026-08-09 11:39:57 | INFO | app.ai.backward_chaining:evaluate_goal:268 | Backward Chaining evaluated goal='DATA_EXFILTRATION' proven=False conf=0.0000 in 0.02ms
2026-08-09 11:39:57 | INFO | app.ai.backward_chaining:evaluate_goal:268 | Backward Chaining evaluated goal='PRIVILEGE_ESCALATION' proven=False conf=0.0000 in 0.02ms
2026-08-09 11:39:57 | INFO | app.ai.backward_chaining:evaluate_goal:268 | Backward Chaining evaluated goal='LATERAL_MOVEMENT' proven=False conf=0.0000 in 0.02ms
2026-08-09 11:39:57 | INFO | app.ai.backward_chaining:evaluate_goal:268 | Backward Chaining evaluated goal='DATA_EXFILTRATION' proven=False conf=0.0000 in 0.02ms
2026-08-09 11:39:57 | INFO | app.ai.backward_chaining:evaluate_goal:268 | Backward Chaining evaluated goal='PRIVILEGE_ESCALATION' proven=False conf=0.0000 in 0.03ms
2026-08-09 11:39:57 | INFO | app.ai.backward_chaining:evaluate_goal:268 | Backward Chaining evaluated goal='LATERAL_MOVEMENT' proven=False conf=0.0000 in 0.04ms
2026-08-09 11:39:57 | INFO | app.ai.backward_chaining:evaluate_goal:268 | Backward Chaining evaluated goal='DATA_EXFILTRATION' proven=False conf=0.0000 in 0.02ms
2026-08-09 11:39:57 | INFO | app.ai.backward_chaining:evaluate_goal:268 | Backward Chaining evaluated goal='PRIVILEGE_ESCALATION' proven=False conf=0.0000 in 0.03ms
2026-08-09 11:39:57 | INFO | app.ai.backward_chaining:evaluate_goal:268 | Backward Chaining evaluated goal='LATERAL_MOVEMENT' proven=False conf=0.0000 in 0.02ms
2026-08-09 11:39:57 | INFO | app.ai.backward_chaining:evaluate_goal:268 | Backward Chaining evaluated goal='DATA_EXFILTRATION' proven=False conf=0.0000 in 0.02ms
2026-08-09 11:39:57 | INFO | app.ai.backward_chaining:evaluate_goal:268 | Backward Chaining evaluated goal='PRIVILEGE_ESCALATION' proven=False conf=0.0000 in 0.04ms
2026-08-09 11:39:57 | INFO | app.ai.backward_chaining:evaluate_goal:268 | Backward Chaining evaluated goal='LATERAL_MOVEMENT' proven=False conf=0.0000 in 0.02ms
2026-08-09 11:39:57 | INFO | app.ai.backward_chaining:evaluate_goal:268 | Backward Chaining evaluated goal='PERSISTENCE' proven=False conf=0.0000 in 0.02ms
2026-08-09 11:39:57 | INFO | app.ai.backward_chaining:evaluate_goal:268 | Backward Chaining evaluated goal='DATA_EXFILTRATION' proven=False conf=0.0000 in 0.02ms
2026-08-09 11:39:57 | INFO | app.ai.backward_chaining:evaluate_goal:268 | Backward Chaining evaluated goal='PRIVILEGE_ESCALATION' proven=False conf=0.0000 in 0.02ms
2026-08-09 11:39:57 | INFO | app.ai.backward_chaining:evaluate_goal:268 | Backward Chaining evaluated goal='LATERAL_MOVEMENT' proven=False conf=0.0000 in 0.02ms
2026-08-09 11:39:57 | INFO | app.ai.backward_chaining:evaluate_goal:268 | Backward Chaining evaluated goal='DATA_EXFILTRATION' proven=False conf=0.0000 in 0.02ms
2026-08-09 11:39:57 | INFO | app.ai.backward_chaining:evaluate_goal:268 | Backward Chaining evaluated goal='PRIVILEGE_ESCALATION' proven=False conf=0.0000 in 0.02ms
2026-08-09 11:39:57 | INFO | app.ai.backward_chaining:evaluate_goal:268 | Backward Chaining evaluated goal='LATERAL_MOVEMENT' proven=False conf=0.0000 in 0.02ms
2026-08-09 11:39:57 | INFO | httpx._client:_send_single_request:1740 | HTTP Request: POST http://test/api/v1/cases/1/reports "HTTP/1.1 201 Created"
2026-08-09 11:39:57 | INFO | httpx._client:_send_single_request:1740 | HTTP Request: GET http://test/api/v1/cases/1/reports/c204295e-3c74-4d6b-ad76-ac26be0b029a/download "HTTP/1.1 200 OK"
2026-08-09 11:39:57 | INFO | app.ai.backward_chaining:evaluate_goal:268 | Backward Chaining evaluated goal='DATA_EXFILTRATION' proven=False conf=0.0000 in 0.02ms
2026-08-09 11:39:57 | INFO | app.ai.backward_chaining:evaluate_goal:268 | Backward Chaining evaluated goal='PRIVILEGE_ESCALATION' proven=False conf=0.0000 in 0.02ms
2026-08-09 11:39:57 | INFO | app.ai.backward_chaining:evaluate_goal:268 | Backward Chaining evaluated goal='LATERAL_MOVEMENT' proven=False conf=0.0000 in 0.02ms
2026-08-09 11:39:57 | INFO | app.ai.backward_chaining:evaluate_goal:268 | Backward Chaining evaluated goal='DATA_EXFILTRATION' proven=False conf=0.0000 in 0.02ms
2026-08-09 11:39:57 | INFO | app.ai.backward_chaining:evaluate_goal:268 | Backward Chaining evaluated goal='PRIVILEGE_ESCALATION' proven=False conf=0.0000 in 0.03ms
2026-08-09 11:39:57 | INFO | app.ai.backward_chaining:evaluate_goal:268 | Backward Chaining evaluated goal='LATERAL_MOVEMENT' proven=False conf=0.0000 in 0.02ms
2026-08-09 11:39:57 | INFO | app.ai.backward_chaining:evaluate_goal:268 | Backward Chaining evaluated goal='PERSISTENCE' proven=False conf=0.0000 in 0.02ms
2026-08-09 11:39:57 | INFO | app.ai.backward_chaining:evaluate_goal:268 | Backward Chaining evaluated goal='DATA_EXFILTRATION' proven=False conf=0.0000 in 0.02ms
2026-08-09 11:39:57 | INFO | app.ai.backward_chaining:evaluate_goal:268 | Backward Chaining evaluated goal='PRIVILEGE_ESCALATION' proven=False conf=0.0000 in 0.02ms
2026-08-09 11:39:57 | INFO | app.ai.backward_chaining:evaluate_goal:268 | Backward Chaining evaluated goal='LATERAL_MOVEMENT' proven=False conf=0.0000 in 0.02ms
2026-08-09 11:39:57 | INFO | app.ai.backward_chaining:evaluate_goal:268 | Backward Chaining evaluated goal='DATA_EXFILTRATION' proven=False conf=0.0000 in 0.03ms
2026-08-09 11:39:57 | INFO | app.ai.backward_chaining:evaluate_goal:268 | Backward Chaining evaluated goal='PRIVILEGE_ESCALATION' proven=False conf=0.0000 in 0.02ms
2026-08-09 11:39:57 | INFO | app.ai.backward_chaining:evaluate_goal:268 | Backward Chaining evaluated goal='LATERAL_MOVEMENT' proven=False conf=0.0000 in 0.02ms
2026-08-09 11:39:57 | INFO | app.ai.backward_chaining:evaluate_goal:268 | Backward Chaining evaluated goal='DATA_EXFILTRATION' proven=False conf=0.0000 in 0.02ms
2026-08-09 11:39:57 | INFO | app.ai.backward_chaining:evaluate_goal:268 | Backward Chaining evaluated goal='PRIVILEGE_ESCALATION' proven=False conf=0.0000 in 0.03ms
2026-08-09 11:39:57 | INFO | app.ai.backward_chaining:evaluate_goal:268 | Backward Chaining evaluated goal='LATERAL_MOVEMENT' proven=False conf=0.0000 in 0.02ms
2026-08-09 11:39:57 | INFO | app.ai.backward_chaining:evaluate_goal:268 | Backward Chaining evaluated goal='DATA_EXFILTRATION' proven=False conf=0.0000 in 0.02ms
2026-08-09 11:39:57 | INFO | app.ai.backward_chaining:evaluate_goal:268 | Backward Chaining evaluated goal='PRIVILEGE_ESCALATION' proven=False conf=0.0000 in 0.02ms
2026-08-09 11:39:57 | INFO | app.ai.backward_chaining:evaluate_goal:268 | Backward Chaining evaluated goal='LATERAL_MOVEMENT' proven=False conf=0.0000 in 0.02ms
2026-08-09 11:39:57 | INFO | app.ai.backward_chaining:evaluate_goal:268 | Backward Chaining evaluated goal='PERSISTENCE' proven=False conf=0.0000 in 0.02ms
2026-08-09 11:39:57 | INFO | app.ai.backward_chaining:evaluate_goal:268 | Backward Chaining evaluated goal='DATA_EXFILTRATION' proven=False conf=0.0000 in 0.02ms
2026-08-09 11:39:57 | INFO | app.ai.backward_chaining:evaluate_goal:268 | Backward Chaining evaluated goal='PRIVILEGE_ESCALATION' proven=False conf=0.0000 in 0.02ms
2026-08-09 11:39:57 | INFO | app.ai.backward_chaining:evaluate_goal:268 | Backward Chaining evaluated goal='LATERAL_MOVEMENT' proven=False conf=0.0000 in 0.02ms
2026-08-09 11:39:57 | INFO | app.ai.backward_chaining:evaluate_goal:268 | Backward Chaining evaluated goal='DATA_EXFILTRATION' proven=False conf=0.0000 in 0.02ms
2026-08-09 11:39:57 | INFO | app.ai.backward_chaining:evaluate_goal:268 | Backward Chaining evaluated goal='PRIVILEGE_ESCALATION' proven=False conf=0.0000 in 0.02ms
2026-08-09 11:39:57 | INFO | app.ai.backward_chaining:evaluate_goal:268 | Backward Chaining evaluated goal='LATERAL_MOVEMENT' proven=False conf=0.0000 in 0.03ms
2026-08-09 11:39:57 | INFO | httpx._client:_send_single_request:1740 | HTTP Request: POST http://test/api/v1/cases/1/reports "HTTP/1.1 201 Created"
2026-08-09 11:39:57 | INFO | httpx._client:_send_single_request:1740 | HTTP Request: GET http://test/api/v1/cases/1/reports/fb7ed48e-468c-472e-8370-b41ea7ffa972/download "HTTP/1.1 200 OK"
2026-08-09 11:39:58 | INFO | app.ai.backward_chaining:evaluate_goal:268 | Backward Chaining evaluated goal='DATA_EXFILTRATION' proven=False conf=0.0000 in 0.02ms
2026-08-09 11:39:58 | INFO | app.ai.backward_chaining:evaluate_goal:268 | Backward Chaining evaluated goal='PRIVILEGE_ESCALATION' proven=False conf=0.0000 in 0.02ms
2026-08-09 11:39:58 | INFO | app.ai.backward_chaining:evaluate_goal:268 | Backward Chaining evaluated goal='LATERAL_MOVEMENT' proven=False conf=0.0000 in 0.02ms
2026-08-09 11:39:58 | INFO | app.ai.backward_chaining:evaluate_goal:268 | Backward Chaining evaluated goal='PERSISTENCE' proven=False conf=0.0000 in 0.02ms
2026-08-09 11:39:58 | INFO | app.ai.backward_chaining:evaluate_goal:268 | Backward Chaining evaluated goal='DATA_EXFILTRATION' proven=False conf=0.0000 in 0.02ms
2026-08-09 11:39:58 | INFO | app.ai.backward_chaining:evaluate_goal:268 | Backward Chaining evaluated goal='PRIVILEGE_ESCALATION' proven=False conf=0.0000 in 0.02ms
2026-08-09 11:39:58 | INFO | app.ai.backward_chaining:evaluate_goal:268 | Backward Chaining evaluated goal='LATERAL_MOVEMENT' proven=False conf=0.0000 in 0.02ms
2026-08-09 11:39:58 | INFO | app.ai.backward_chaining:evaluate_goal:268 | Backward Chaining evaluated goal='PERSISTENCE' proven=False conf=0.0000 in 0.02ms
2026-08-09 11:39:58 | INFO | app.ai.backward_chaining:evaluate_goal:268 | Backward Chaining evaluated goal='DATA_EXFILTRATION' proven=False conf=0.0000 in 0.03ms
2026-08-09 11:39:58 | INFO | app.ai.backward_chaining:evaluate_goal:268 | Backward Chaining evaluated goal='PRIVILEGE_ESCALATION' proven=False conf=0.0000 in 0.04ms
2026-08-09 11:39:58 | INFO | app.ai.backward_chaining:evaluate_goal:268 | Backward Chaining evaluated goal='LATERAL_MOVEMENT' proven=False conf=0.0000 in 0.02ms
2026-08-09 11:39:58 | INFO | app.ai.backward_chaining:evaluate_goal:268 | Backward Chaining evaluated goal='PERSISTENCE' proven=False conf=0.0000 in 0.02ms
2026-08-09 11:40:00 | INFO | httpx._client:_send_single_request:1740 | HTTP Request: GET http://test/api/v1/cases/1/reports/history "HTTP/1.1 401 Unauthorized"
2026-08-09 11:40:00 | INFO | httpx._client:_send_single_request:1740 | HTTP Request: GET http://test/api/v1/cases/1/reports/history "HTTP/1.1 401 Unauthorized"
2026-08-09 11:40:01 | INFO | app.ai.backward_chaining:evaluate_goal:268 | Backward Chaining evaluated goal='DATA_EXFILTRATION' proven=False conf=0.0000 in 0.02ms
2026-08-09 11:40:01 | INFO | app.ai.backward_chaining:evaluate_goal:268 | Backward Chaining evaluated goal='PRIVILEGE_ESCALATION' proven=False conf=0.0000 in 0.02ms
2026-08-09 11:40:01 | INFO | app.ai.backward_chaining:evaluate_goal:268 | Backward Chaining evaluated goal='LATERAL_MOVEMENT' proven=False conf=0.0000 in 0.05ms
2026-08-09 11:40:01 | INFO | app.ai.backward_chaining:evaluate_goal:268 | Backward Chaining evaluated goal='DATA_EXFILTRATION' proven=False conf=0.0000 in 0.02ms
2026-08-09 11:40:01 | INFO | app.ai.backward_chaining:evaluate_goal:268 | Backward Chaining evaluated goal='PRIVILEGE_ESCALATION' proven=False conf=0.0000 in 0.04ms
2026-08-09 11:40:01 | INFO | app.ai.backward_chaining:evaluate_goal:268 | Backward Chaining evaluated goal='LATERAL_MOVEMENT' proven=False conf=0.0000 in 0.03ms
2026-08-09 11:40:01 | INFO | app.ai.backward_chaining:evaluate_goal:268 | Backward Chaining evaluated goal='PERSISTENCE' proven=False conf=0.0000 in 0.02ms
2026-08-09 11:40:01 | INFO | app.ai.backward_chaining:evaluate_goal:268 | Backward Chaining evaluated goal='DATA_EXFILTRATION' proven=False conf=0.0000 in 0.02ms
2026-08-09 11:40:01 | INFO | app.ai.backward_chaining:evaluate_goal:268 | Backward Chaining evaluated goal='PRIVILEGE_ESCALATION' proven=False conf=0.0000 in 0.02ms
2026-08-09 11:40:01 | INFO | app.ai.backward_chaining:evaluate_goal:268 | Backward Chaining evaluated goal='LATERAL_MOVEMENT' proven=False conf=0.0000 in 0.02ms
2026-08-09 11:40:01 | INFO | app.ai.backward_chaining:evaluate_goal:268 | Backward Chaining evaluated goal='DATA_EXFILTRATION' proven=False conf=0.0000 in 0.02ms
2026-08-09 11:40:01 | INFO | app.ai.backward_chaining:evaluate_goal:268 | Backward Chaining evaluated goal='PRIVILEGE_ESCALATION' proven=False conf=0.0000 in 0.02ms
2026-08-09 11:40:01 | INFO | app.ai.backward_chaining:evaluate_goal:268 | Backward Chaining evaluated goal='LATERAL_MOVEMENT' proven=False conf=0.0000 in 0.02ms
2026-08-09 11:40:01 | INFO | httpx._client:_send_single_request:1740 | HTTP Request: POST http://test/api/evidence/upload "HTTP/1.1 201 Created"
2026-08-09 11:40:02 | INFO | httpx._client:_send_single_request:1740 | HTTP Request: POST http://test/api/evidence/upload "HTTP/1.1 400 Bad Request"
2026-08-09 11:40:03 | INFO | httpx._client:_send_single_request:1740 | HTTP Request: POST http://test/api/evidence/upload "HTTP/1.1 201 Created"
2026-08-09 11:40:03 | INFO | httpx._client:_send_single_request:1740 | HTTP Request: POST http://test/api/evidence/upload "HTTP/1.1 409 Conflict"
2026-08-09 11:40:03 | INFO | app.services.forward_chaining_service:run_forward_chaining:135 | Running Forward Chaining for Case ID 1 with 6 initial fact(s).
2026-08-09 11:40:03 | INFO | app.services.forward_chaining_service:run_forward_chaining:151 | Forward Chaining completed for Case ID 1 | Fired Rules: 2 | Derived Facts: 4 | Time: 0.058 ms
2026-08-09 11:40:03 | INFO | httpx._client:_send_single_request:1740 | HTTP Request: POST http://test/api/v1/ai/forward-chaining/run "HTTP/1.1 200 OK"
2026-08-09 11:40:04 | WARNING | app.services.forward_chaining_service:run_forward_chaining:49 | Forward Chaining failed: Case ID 999999 not found.
2026-08-09 11:40:04 | INFO | httpx._client:_send_single_request:1740 | HTTP Request: POST http://test/api/v1/ai/forward-chaining/run "HTTP/1.1 404 Not Found"
2026-08-09 11:40:04 | INFO | httpx._client:_send_single_request:1740 | HTTP Request: POST http://test/api/evidence/upload "HTTP/1.1 201 Created"
2026-08-09 11:40:04 | INFO | httpx._client:_send_single_request:1740 | HTTP Request: POST http://test/api/parser/parse/1 "HTTP/1.1 202 Accepted"
2026-08-09 11:40:04 | INFO | httpx._client:_send_single_request:1740 | HTTP Request: POST http://test/api/normalize/1 "HTTP/1.1 202 Accepted"
2026-08-09 11:40:05 | INFO | httpx._client:_send_single_request:1740 | HTTP Request: POST http://test/api/graph/build/1 "HTTP/1.1 202 Accepted"
2026-08-09 11:40:05 | INFO | httpx._client:_send_single_request:1740 | HTTP Request: GET http://test/api/graph/1 "HTTP/1.1 200 OK"
2026-08-09 11:40:05 | INFO | httpx._client:_send_single_request:1740 | HTTP Request: GET http://test/api/graph/statistics/1 "HTTP/1.1 200 OK"
2026-08-09 11:40:05 | INFO | app.ai.backward_chaining:evaluate_goal:268 | Backward Chaining evaluated goal='DATA_EXFILTRATION' proven=False conf=0.0000 in 0.02ms
2026-08-09 11:40:05 | INFO | app.ai.backward_chaining:evaluate_goal:268 | Backward Chaining evaluated goal='PRIVILEGE_ESCALATION' proven=False conf=0.0000 in 0.03ms
2026-08-09 11:40:05 | INFO | app.ai.backward_chaining:evaluate_goal:268 | Backward Chaining evaluated goal='LATERAL_MOVEMENT' proven=False conf=0.0000 in 0.02ms
2026-08-09 11:40:05 | INFO | app.ai.backward_chaining:evaluate_goal:268 | Backward Chaining evaluated goal='DATA_EXFILTRATION' proven=False conf=0.0000 in 0.02ms
2026-08-09 11:40:05 | INFO | app.ai.backward_chaining:evaluate_goal:268 | Backward Chaining evaluated goal='PRIVILEGE_ESCALATION' proven=False conf=0.0000 in 0.02ms
2026-08-09 11:40:05 | INFO | app.ai.backward_chaining:evaluate_goal:268 | Backward Chaining evaluated goal='LATERAL_MOVEMENT' proven=False conf=0.0000 in 0.03ms
2026-08-09 11:40:05 | INFO | app.ai.backward_chaining:evaluate_goal:268 | Backward Chaining evaluated goal='PERSISTENCE' proven=False conf=0.0000 in 0.02ms
2026-08-09 11:40:05 | INFO | app.ai.backward_chaining:evaluate_goal:268 | Backward Chaining evaluated goal='DATA_EXFILTRATION' proven=False conf=0.0000 in 0.03ms
2026-08-09 11:40:05 | INFO | app.ai.backward_chaining:evaluate_goal:268 | Backward Chaining evaluated goal='PRIVILEGE_ESCALATION' proven=False conf=0.0000 in 0.04ms
2026-08-09 11:40:05 | INFO | app.ai.backward_chaining:evaluate_goal:268 | Backward Chaining evaluated goal='LATERAL_MOVEMENT' proven=False conf=0.0000 in 0.03ms
2026-08-09 11:40:05 | INFO | app.ai.backward_chaining:evaluate_goal:268 | Backward Chaining evaluated goal='DATA_EXFILTRATION' proven=False conf=0.0000 in 0.03ms
2026-08-09 11:40:05 | INFO | app.ai.backward_chaining:evaluate_goal:268 | Backward Chaining evaluated goal='PRIVILEGE_ESCALATION' proven=False conf=0.0000 in 0.03ms
2026-08-09 11:40:05 | INFO | app.ai.backward_chaining:evaluate_goal:268 | Backward Chaining evaluated goal='LATERAL_MOVEMENT' proven=False conf=0.0000 in 0.04ms
2026-08-09 11:40:05 | INFO | httpx._client:_send_single_request:1740 | HTTP Request: GET http://test/api/v1/cases/1/investigation-summary "HTTP/1.1 200 OK"
2026-08-09 11:40:05 | INFO | app.ai.backward_chaining:evaluate_goal:268 | Backward Chaining evaluated goal='DATA_EXFILTRATION' proven=False conf=0.0000 in 0.12ms
2026-08-09 11:40:05 | INFO | app.ai.backward_chaining:evaluate_goal:268 | Backward Chaining evaluated goal='PRIVILEGE_ESCALATION' proven=False conf=0.0000 in 0.03ms
2026-08-09 11:40:05 | INFO | app.ai.backward_chaining:evaluate_goal:268 | Backward Chaining evaluated goal='LATERAL_MOVEMENT' proven=False conf=0.0000 in 0.02ms
2026-08-09 11:40:05 | INFO | app.ai.backward_chaining:evaluate_goal:268 | Backward Chaining evaluated goal='DATA_EXFILTRATION' proven=False conf=0.0000 in 0.03ms
2026-08-09 11:40:05 | INFO | app.ai.backward_chaining:evaluate_goal:268 | Backward Chaining evaluated goal='PRIVILEGE_ESCALATION' proven=False conf=0.0000 in 0.06ms
2026-08-09 11:40:05 | INFO | app.ai.backward_chaining:evaluate_goal:268 | Backward Chaining evaluated goal='LATERAL_MOVEMENT' proven=False conf=0.0000 in 0.04ms
2026-08-09 11:40:05 | INFO | app.ai.backward_chaining:evaluate_goal:268 | Backward Chaining evaluated goal='PERSISTENCE' proven=False conf=0.0000 in 0.02ms
2026-08-09 11:40:05 | INFO | app.ai.backward_chaining:evaluate_goal:268 | Backward Chaining evaluated goal='DATA_EXFILTRATION' proven=False conf=0.0000 in 0.02ms
2026-08-09 11:40:05 | INFO | app.ai.backward_chaining:evaluate_goal:268 | Backward Chaining evaluated goal='PRIVILEGE_ESCALATION' proven=False conf=0.0000 in 0.02ms
2026-08-09 11:40:05 | INFO | app.ai.backward_chaining:evaluate_goal:268 | Backward Chaining evaluated goal='LATERAL_MOVEMENT' proven=False conf=0.0000 in 0.02ms
2026-08-09 11:40:05 | INFO | app.ai.backward_chaining:evaluate_goal:268 | Backward Chaining evaluated goal='DATA_EXFILTRATION' proven=False conf=0.0000 in 0.02ms
2026-08-09 11:40:05 | INFO | app.ai.backward_chaining:evaluate_goal:268 | Backward Chaining evaluated goal='PRIVILEGE_ESCALATION' proven=False conf=0.0000 in 0.03ms
2026-08-09 11:40:05 | INFO | app.ai.backward_chaining:evaluate_goal:268 | Backward Chaining evaluated goal='LATERAL_MOVEMENT' proven=False conf=0.0000 in 0.02ms
2026-08-09 11:40:06 | INFO | httpx._client:_send_single_request:1740 | HTTP Request: GET http://test/api/investigation-summary/1 "HTTP/1.1 200 OK"
2026-08-09 11:40:06 | INFO | httpx._client:_send_single_request:1740 | HTTP Request: POST http://test/api/evidence/upload "HTTP/1.1 201 Created"
2026-08-09 11:40:06 | INFO | httpx._client:_send_single_request:1740 | HTTP Request: POST http://test/api/parser/parse/1 "HTTP/1.1 202 Accepted"
2026-08-09 11:40:06 | INFO | httpx._client:_send_single_request:1740 | HTTP Request: POST http://test/api/normalize/1 "HTTP/1.1 202 Accepted"
2026-08-09 11:40:06 | INFO | httpx._client:_send_single_request:1740 | HTTP Request: GET http://test/api/normalized-events/1 "HTTP/1.1 200 OK"
2026-08-09 11:40:07 | INFO | httpx._client:_send_single_request:1740 | HTTP Request: POST http://test/api/evidence/upload "HTTP/1.1 201 Created"
2026-08-09 11:40:07 | INFO | httpx._client:_send_single_request:1740 | HTTP Request: POST http://test/api/parser/parse/1 "HTTP/1.1 202 Accepted"
2026-08-09 11:40:07 | INFO | httpx._client:_send_single_request:1740 | HTTP Request: GET http://test/api/parser/events/case/1 "HTTP/1.1 200 OK"
2026-08-09 11:40:08 | INFO | app.ai.backward_chaining:evaluate_goal:268 | Backward Chaining evaluated goal='DATA_EXFILTRATION' proven=False conf=0.0000 in 0.03ms
2026-08-09 11:40:08 | INFO | app.ai.backward_chaining:evaluate_goal:268 | Backward Chaining evaluated goal='PRIVILEGE_ESCALATION' proven=False conf=0.0000 in 0.04ms
2026-08-09 11:40:08 | INFO | app.ai.backward_chaining:evaluate_goal:268 | Backward Chaining evaluated goal='LATERAL_MOVEMENT' proven=False conf=0.0000 in 0.04ms
2026-08-09 11:40:08 | INFO | app.ai.backward_chaining:evaluate_goal:268 | Backward Chaining evaluated goal='DATA_EXFILTRATION' proven=False conf=0.0000 in 0.02ms
2026-08-09 11:40:08 | INFO | app.ai.backward_chaining:evaluate_goal:268 | Backward Chaining evaluated goal='PRIVILEGE_ESCALATION' proven=False conf=0.0000 in 0.03ms
2026-08-09 11:40:08 | INFO | app.ai.backward_chaining:evaluate_goal:268 | Backward Chaining evaluated goal='LATERAL_MOVEMENT' proven=False conf=0.0000 in 0.03ms
2026-08-09 11:40:08 | INFO | app.ai.backward_chaining:evaluate_goal:268 | Backward Chaining evaluated goal='PERSISTENCE' proven=False conf=0.0000 in 0.02ms
2026-08-09 11:40:08 | INFO | app.ai.backward_chaining:evaluate_goal:268 | Backward Chaining evaluated goal='DATA_EXFILTRATION' proven=False conf=0.0000 in 0.03ms
2026-08-09 11:40:08 | INFO | app.ai.backward_chaining:evaluate_goal:268 | Backward Chaining evaluated goal='PRIVILEGE_ESCALATION' proven=False conf=0.0000 in 0.02ms
2026-08-09 11:40:08 | INFO | app.ai.backward_chaining:evaluate_goal:268 | Backward Chaining evaluated goal='LATERAL_MOVEMENT' proven=False conf=0.0000 in 0.02ms
2026-08-09 11:40:08 | INFO | app.ai.backward_chaining:evaluate_goal:268 | Backward Chaining evaluated goal='DATA_EXFILTRATION' proven=False conf=0.0000 in 0.02ms
2026-08-09 11:40:08 | INFO | app.ai.backward_chaining:evaluate_goal:268 | Backward Chaining evaluated goal='PRIVILEGE_ESCALATION' proven=False conf=0.0000 in 0.02ms
2026-08-09 11:40:08 | INFO | app.ai.backward_chaining:evaluate_goal:268 | Backward Chaining evaluated goal='LATERAL_MOVEMENT' proven=False conf=0.0000 in 0.02ms
2026-08-09 11:40:08 | INFO | app.ai.backward_chaining:evaluate_goal:268 | Backward Chaining evaluated goal='DATA_EXFILTRATION' proven=False conf=0.0000 in 0.02ms
2026-08-09 11:40:08 | INFO | app.ai.backward_chaining:evaluate_goal:268 | Backward Chaining evaluated goal='PRIVILEGE_ESCALATION' proven=False conf=0.0000 in 0.04ms
2026-08-09 11:40:08 | INFO | app.ai.backward_chaining:evaluate_goal:268 | Backward Chaining evaluated goal='LATERAL_MOVEMENT' proven=False conf=0.0000 in 0.02ms
2026-08-09 11:40:08 | INFO | app.ai.backward_chaining:evaluate_goal:268 | Backward Chaining evaluated goal='DATA_EXFILTRATION' proven=False conf=0.0000 in 0.02ms
2026-08-09 11:40:08 | INFO | app.ai.backward_chaining:evaluate_goal:268 | Backward Chaining evaluated goal='PRIVILEGE_ESCALATION' proven=False conf=0.0000 in 0.02ms
2026-08-09 11:40:08 | INFO | app.ai.backward_chaining:evaluate_goal:268 | Backward Chaining evaluated goal='LATERAL_MOVEMENT' proven=False conf=0.0000 in 0.02ms
2026-08-09 11:40:08 | INFO | app.ai.backward_chaining:evaluate_goal:268 | Backward Chaining evaluated goal='PERSISTENCE' proven=False conf=0.0000 in 0.02ms
2026-08-09 11:40:08 | INFO | app.ai.backward_chaining:evaluate_goal:268 | Backward Chaining evaluated goal='DATA_EXFILTRATION' proven=False conf=0.0000 in 0.02ms
2026-08-09 11:40:08 | INFO | app.ai.backward_chaining:evaluate_goal:268 | Backward Chaining evaluated goal='PRIVILEGE_ESCALATION' proven=False conf=0.0000 in 0.02ms
2026-08-09 11:40:08 | INFO | app.ai.backward_chaining:evaluate_goal:268 | Backward Chaining evaluated goal='LATERAL_MOVEMENT' proven=False conf=0.0000 in 0.02ms
2026-08-09 11:40:08 | INFO | app.ai.backward_chaining:evaluate_goal:268 | Backward Chaining evaluated goal='DATA_EXFILTRATION' proven=False conf=0.0000 in 0.02ms
2026-08-09 11:40:08 | INFO | app.ai.backward_chaining:evaluate_goal:268 | Backward Chaining evaluated goal='PRIVILEGE_ESCALATION' proven=False conf=0.0000 in 0.03ms
2026-08-09 11:40:08 | INFO | app.ai.backward_chaining:evaluate_goal:268 | Backward Chaining evaluated goal='LATERAL_MOVEMENT' proven=False conf=0.0000 in 0.02ms
2026-08-09 11:40:08 | INFO | app.ai.backward_chaining:evaluate_goal:268 | Backward Chaining evaluated goal='DATA_EXFILTRATION' proven=False conf=0.0000 in 0.02ms
2026-08-09 11:40:08 | INFO | app.ai.backward_chaining:evaluate_goal:268 | Backward Chaining evaluated goal='PRIVILEGE_ESCALATION' proven=False conf=0.0000 in 0.03ms
2026-08-09 11:40:08 | INFO | app.ai.backward_chaining:evaluate_goal:268 | Backward Chaining evaluated goal='LATERAL_MOVEMENT' proven=False conf=0.0000 in 0.03ms
2026-08-09 11:40:08 | INFO | app.ai.backward_chaining:evaluate_goal:268 | Backward Chaining evaluated goal='DATA_EXFILTRATION' proven=False conf=0.0000 in 0.02ms
2026-08-09 11:40:08 | INFO | app.ai.backward_chaining:evaluate_goal:268 | Backward Chaining evaluated goal='PRIVILEGE_ESCALATION' proven=False conf=0.0000 in 0.03ms
2026-08-09 11:40:08 | INFO | app.ai.backward_chaining:evaluate_goal:268 | Backward Chaining evaluated goal='LATERAL_MOVEMENT' proven=False conf=0.0000 in 0.02ms
2026-08-09 11:40:08 | INFO | app.ai.backward_chaining:evaluate_goal:268 | Backward Chaining evaluated goal='PERSISTENCE' proven=False conf=0.0000 in 0.02ms
2026-08-09 11:40:08 | INFO | app.ai.backward_chaining:evaluate_goal:268 | Backward Chaining evaluated goal='DATA_EXFILTRATION' proven=False conf=0.0000 in 0.02ms
2026-08-09 11:40:08 | INFO | app.ai.backward_chaining:evaluate_goal:268 | Backward Chaining evaluated goal='PRIVILEGE_ESCALATION' proven=False conf=0.0000 in 0.02ms
2026-08-09 11:40:08 | INFO | app.ai.backward_chaining:evaluate_goal:268 | Backward Chaining evaluated goal='LATERAL_MOVEMENT' proven=False conf=0.0000 in 0.02ms
2026-08-09 11:40:08 | INFO | app.ai.backward_chaining:evaluate_goal:268 | Backward Chaining evaluated goal='DATA_EXFILTRATION' proven=False conf=0.0000 in 0.02ms
2026-08-09 11:40:08 | INFO | app.ai.backward_chaining:evaluate_goal:268 | Backward Chaining evaluated goal='PRIVILEGE_ESCALATION' proven=False conf=0.0000 in 0.02ms
2026-08-09 11:40:08 | INFO | app.ai.backward_chaining:evaluate_goal:268 | Backward Chaining evaluated goal='LATERAL_MOVEMENT' proven=False conf=0.0000 in 0.02ms
2026-08-09 11:40:08 | INFO | app.ai.backward_chaining:evaluate_goal:268 | Backward Chaining evaluated goal='DATA_EXFILTRATION' proven=False conf=0.0000 in 0.02ms
2026-08-09 11:40:08 | INFO | app.ai.backward_chaining:evaluate_goal:268 | Backward Chaining evaluated goal='PRIVILEGE_ESCALATION' proven=False conf=0.0000 in 0.02ms
2026-08-09 11:40:08 | INFO | app.ai.backward_chaining:evaluate_goal:268 | Backward Chaining evaluated goal='LATERAL_MOVEMENT' proven=False conf=0.0000 in 0.02ms
2026-08-09 11:40:08 | INFO | app.ai.backward_chaining:evaluate_goal:268 | Backward Chaining evaluated goal='DATA_EXFILTRATION' proven=False conf=0.0000 in 0.02ms
2026-08-09 11:40:08 | INFO | app.ai.backward_chaining:evaluate_goal:268 | Backward Chaining evaluated goal='PRIVILEGE_ESCALATION' proven=False conf=0.0000 in 0.02ms
2026-08-09 11:40:08 | INFO | app.ai.backward_chaining:evaluate_goal:268 | Backward Chaining evaluated goal='LATERAL_MOVEMENT' proven=False conf=0.0000 in 0.02ms
2026-08-09 11:40:08 | INFO | app.ai.backward_chaining:evaluate_goal:268 | Backward Chaining evaluated goal='PERSISTENCE' proven=False conf=0.0000 in 0.02ms
2026-08-09 11:40:08 | INFO | app.ai.backward_chaining:evaluate_goal:268 | Backward Chaining evaluated goal='DATA_EXFILTRATION' proven=False conf=0.0000 in 0.02ms
2026-08-09 11:40:08 | INFO | app.ai.backward_chaining:evaluate_goal:268 | Backward Chaining evaluated goal='PRIVILEGE_ESCALATION' proven=False conf=0.0000 in 0.02ms
2026-08-09 11:40:08 | INFO | app.ai.backward_chaining:evaluate_goal:268 | Backward Chaining evaluated goal='LATERAL_MOVEMENT' proven=False conf=0.0000 in 0.02ms
2026-08-09 11:40:08 | INFO | app.ai.backward_chaining:evaluate_goal:268 | Backward Chaining evaluated goal='DATA_EXFILTRATION' proven=False conf=0.0000 in 0.02ms
2026-08-09 11:40:08 | INFO | app.ai.backward_chaining:evaluate_goal:268 | Backward Chaining evaluated goal='PRIVILEGE_ESCALATION' proven=False conf=0.0000 in 0.02ms
2026-08-09 11:40:08 | INFO | app.ai.backward_chaining:evaluate_goal:268 | Backward Chaining evaluated goal='LATERAL_MOVEMENT' proven=False conf=0.0000 in 0.02ms
2026-08-09 11:40:10 | INFO | app.ai.backward_chaining:evaluate_goal:268 | Backward Chaining evaluated goal='DATA_EXFILTRATION' proven=False conf=0.0000 in 0.02ms
2026-08-09 11:40:10 | INFO | app.ai.backward_chaining:evaluate_goal:268 | Backward Chaining evaluated goal='PRIVILEGE_ESCALATION' proven=False conf=0.0000 in 0.02ms
2026-08-09 11:40:10 | INFO | app.ai.backward_chaining:evaluate_goal:268 | Backward Chaining evaluated goal='LATERAL_MOVEMENT' proven=False conf=0.0000 in 0.02ms
2026-08-09 11:40:10 | INFO | app.ai.backward_chaining:evaluate_goal:268 | Backward Chaining evaluated goal='DATA_EXFILTRATION' proven=False conf=0.0000 in 0.02ms
2026-08-09 11:40:10 | INFO | app.ai.backward_chaining:evaluate_goal:268 | Backward Chaining evaluated goal='PRIVILEGE_ESCALATION' proven=False conf=0.0000 in 0.04ms
2026-08-09 11:40:10 | INFO | app.ai.backward_chaining:evaluate_goal:268 | Backward Chaining evaluated goal='LATERAL_MOVEMENT' proven=False conf=0.0000 in 0.02ms
2026-08-09 11:40:10 | INFO | app.ai.backward_chaining:evaluate_goal:268 | Backward Chaining evaluated goal='PERSISTENCE' proven=False conf=0.0000 in 0.03ms
2026-08-09 11:40:10 | INFO | app.ai.backward_chaining:evaluate_goal:268 | Backward Chaining evaluated goal='DATA_EXFILTRATION' proven=False conf=0.0000 in 0.02ms
2026-08-09 11:40:10 | INFO | app.ai.backward_chaining:evaluate_goal:268 | Backward Chaining evaluated goal='PRIVILEGE_ESCALATION' proven=False conf=0.0000 in 0.04ms
2026-08-09 11:40:10 | INFO | app.ai.backward_chaining:evaluate_goal:268 | Backward Chaining evaluated goal='LATERAL_MOVEMENT' proven=False conf=0.0000 in 0.04ms
2026-08-09 11:40:10 | INFO | app.ai.backward_chaining:evaluate_goal:268 | Backward Chaining evaluated goal='DATA_EXFILTRATION' proven=False conf=0.0000 in 0.02ms
2026-08-09 11:40:10 | INFO | app.ai.backward_chaining:evaluate_goal:268 | Backward Chaining evaluated goal='PRIVILEGE_ESCALATION' proven=False conf=0.0000 in 0.03ms
2026-08-09 11:40:10 | INFO | app.ai.backward_chaining:evaluate_goal:268 | Backward Chaining evaluated goal='LATERAL_MOVEMENT' proven=False conf=0.0000 in 0.02ms
2026-08-09 11:40:10 | INFO | app.ai.backward_chaining:evaluate_goal:268 | Backward Chaining evaluated goal='DATA_EXFILTRATION' proven=False conf=0.0000 in 0.02ms
2026-08-09 11:40:10 | INFO | app.ai.backward_chaining:evaluate_goal:268 | Backward Chaining evaluated goal='PRIVILEGE_ESCALATION' proven=False conf=0.0000 in 0.02ms
2026-08-09 11:40:10 | INFO | app.ai.backward_chaining:evaluate_goal:268 | Backward Chaining evaluated goal='LATERAL_MOVEMENT' proven=False conf=0.0000 in 0.02ms
2026-08-09 11:40:10 | INFO | app.ai.backward_chaining:evaluate_goal:268 | Backward Chaining evaluated goal='DATA_EXFILTRATION' proven=False conf=0.0000 in 0.02ms
2026-08-09 11:40:10 | INFO | app.ai.backward_chaining:evaluate_goal:268 | Backward Chaining evaluated goal='PRIVILEGE_ESCALATION' proven=False conf=0.0000 in 0.05ms
2026-08-09 11:40:10 | INFO | app.ai.backward_chaining:evaluate_goal:268 | Backward Chaining evaluated goal='LATERAL_MOVEMENT' proven=False conf=0.0000 in 0.03ms
2026-08-09 11:40:10 | INFO | app.ai.backward_chaining:evaluate_goal:268 | Backward Chaining evaluated goal='PERSISTENCE' proven=False conf=0.0000 in 0.03ms
2026-08-09 11:40:10 | INFO | app.ai.backward_chaining:evaluate_goal:268 | Backward Chaining evaluated goal='DATA_EXFILTRATION' proven=False conf=0.0000 in 0.02ms
2026-08-09 11:40:10 | INFO | app.ai.backward_chaining:evaluate_goal:268 | Backward Chaining evaluated goal='PRIVILEGE_ESCALATION' proven=False conf=0.0000 in 0.02ms
2026-08-09 11:40:10 | INFO | app.ai.backward_chaining:evaluate_goal:268 | Backward Chaining evaluated goal='LATERAL_MOVEMENT' proven=False conf=0.0000 in 0.02ms
2026-08-09 11:40:10 | INFO | app.ai.backward_chaining:evaluate_goal:268 | Backward Chaining evaluated goal='DATA_EXFILTRATION' proven=False conf=0.0000 in 0.03ms
2026-08-09 11:40:10 | INFO | app.ai.backward_chaining:evaluate_goal:268 | Backward Chaining evaluated goal='PRIVILEGE_ESCALATION' proven=False conf=0.0000 in 0.04ms
2026-08-09 11:40:10 | INFO | app.ai.backward_chaining:evaluate_goal:268 | Backward Chaining evaluated goal='LATERAL_MOVEMENT' proven=False conf=0.0000 in 0.03ms
2026-08-09 11:40:10 | INFO | httpx._client:_send_single_request:1740 | HTTP Request: POST http://test/api/v1/cases/1/reports "HTTP/1.1 201 Created"
2026-08-09 11:40:10 | INFO | httpx._client:_send_single_request:1740 | HTTP Request: GET http://test/api/v1/cases/1/reports/history "HTTP/1.1 200 OK"
2026-08-09 11:40:10 | INFO | httpx._client:_send_single_request:1740 | HTTP Request: GET http://test/api/v1/cases/1/reports/aed001a0-d111-4c99-a1d5-328ea490da37/download "HTTP/1.1 200 OK"
2026-08-09 11:40:10 | INFO | httpx._client:_send_single_request:1740 | HTTP Request: GET http://test/api/v1/cases/1/reports/aed001a0-d111-4c99-a1d5-328ea490da37/download "HTTP/1.1 401 Unauthorized"
2026-08-09 11:40:11 | INFO | app.ai.backward_chaining:evaluate_goal:268 | Backward Chaining evaluated goal='DATA_EXFILTRATION' proven=False conf=0.0000 in 0.02ms
2026-08-09 11:40:11 | INFO | app.ai.backward_chaining:evaluate_goal:268 | Backward Chaining evaluated goal='PRIVILEGE_ESCALATION' proven=False conf=0.0000 in 0.02ms
2026-08-09 11:40:11 | INFO | app.ai.backward_chaining:evaluate_goal:268 | Backward Chaining evaluated goal='LATERAL_MOVEMENT' proven=False conf=0.0000 in 0.02ms
2026-08-09 11:40:11 | INFO | app.ai.backward_chaining:evaluate_goal:268 | Backward Chaining evaluated goal='PERSISTENCE' proven=False conf=0.0000 in 0.02ms
2026-08-09 11:40:11 | INFO | httpx._client:_send_single_request:1740 | HTTP Request: GET http://test/api/v1/cases/1/risk-score "HTTP/1.1 200 OK"
2026-08-09 11:40:11 | INFO | app.ai.backward_chaining:evaluate_goal:268 | Backward Chaining evaluated goal='DATA_EXFILTRATION' proven=False conf=0.0000 in 0.02ms
2026-08-09 11:40:11 | INFO | app.ai.backward_chaining:evaluate_goal:268 | Backward Chaining evaluated goal='PRIVILEGE_ESCALATION' proven=False conf=0.0000 in 0.02ms
2026-08-09 11:40:11 | INFO | app.ai.backward_chaining:evaluate_goal:268 | Backward Chaining evaluated goal='LATERAL_MOVEMENT' proven=False conf=0.0000 in 0.02ms
2026-08-09 11:40:11 | INFO | app.ai.backward_chaining:evaluate_goal:268 | Backward Chaining evaluated goal='PERSISTENCE' proven=False conf=0.0000 in 0.03ms
2026-08-09 11:40:11 | INFO | httpx._client:_send_single_request:1740 | HTTP Request: GET http://test/api/risk-score/1 "HTTP/1.1 200 OK"
2026-08-09 11:40:12 | INFO | app.ai.backward_chaining:evaluate_goal:268 | Backward Chaining evaluated goal='DATA_EXFILTRATION' proven=False conf=0.0000 in 0.02ms
2026-08-09 11:40:12 | INFO | app.ai.backward_chaining:evaluate_goal:268 | Backward Chaining evaluated goal='PRIVILEGE_ESCALATION' proven=False conf=0.0000 in 0.02ms
2026-08-09 11:40:12 | INFO | app.ai.backward_chaining:evaluate_goal:268 | Backward Chaining evaluated goal='LATERAL_MOVEMENT' proven=False conf=0.0000 in 0.02ms
2026-08-09 11:40:12 | INFO | app.ai.backward_chaining:evaluate_goal:268 | Backward Chaining evaluated goal='DATA_EXFILTRATION' proven=False conf=0.0000 in 0.03ms
2026-08-09 11:40:12 | INFO | app.ai.backward_chaining:evaluate_goal:268 | Backward Chaining evaluated goal='PRIVILEGE_ESCALATION' proven=False conf=0.0000 in 0.02ms
2026-08-09 11:40:12 | INFO | app.ai.backward_chaining:evaluate_goal:268 | Backward Chaining evaluated goal='LATERAL_MOVEMENT' proven=False conf=0.0000 in 0.02ms
2026-08-09 11:40:12 | INFO | app.ai.backward_chaining:evaluate_goal:268 | Backward Chaining evaluated goal='DATA_EXFILTRATION' proven=False conf=0.0000 in 0.02ms
2026-08-09 11:40:12 | INFO | app.ai.backward_chaining:evaluate_goal:268 | Backward Chaining evaluated goal='PRIVILEGE_ESCALATION' proven=False conf=0.0000 in 0.02ms
2026-08-09 11:40:12 | INFO | app.ai.backward_chaining:evaluate_goal:268 | Backward Chaining evaluated goal='LATERAL_MOVEMENT' proven=False conf=0.0000 in 0.02ms
2026-08-09 11:40:13 | INFO | app.ai.backward_chaining:evaluate_goal:268 | Backward Chaining evaluated goal='DATA_EXFILTRATION' proven=False conf=0.0000 in 0.02ms
2026-08-09 11:40:13 | INFO | app.ai.backward_chaining:evaluate_goal:268 | Backward Chaining evaluated goal='PRIVILEGE_ESCALATION' proven=False conf=0.0000 in 0.03ms
2026-08-09 11:40:13 | INFO | app.ai.backward_chaining:evaluate_goal:268 | Backward Chaining evaluated goal='LATERAL_MOVEMENT' proven=False conf=0.0000 in 0.02ms
2026-08-09 11:40:14 | INFO | app.ai.backward_chaining:evaluate_goal:268 | Backward Chaining evaluated goal='DATA_EXFILTRATION' proven=True conf=1.0000 in 0.00ms
2026-08-09 11:40:14 | INFO | app.ai.backward_chaining:evaluate_goal:268 | Backward Chaining evaluated goal='PRIVILEGE_ESCALATION' proven=False conf=0.0000 in 0.03ms
2026-08-09 11:40:14 | INFO | app.ai.backward_chaining:evaluate_goal:268 | Backward Chaining evaluated goal='LATERAL_MOVEMENT' proven=False conf=0.0000 in 0.02ms
2026-08-09 11:40:15 | INFO | app.ai.backward_chaining:evaluate_goal:268 | Backward Chaining evaluated goal='DATA_EXFILTRATION' proven=True conf=0.9120 in 0.07ms
2026-08-09 11:40:15 | INFO | app.ai.backward_chaining:evaluate_goal:268 | Backward Chaining evaluated goal='PRIVILEGE_ESCALATION' proven=False conf=0.0000 in 0.02ms
2026-08-09 11:40:15 | INFO | app.ai.backward_chaining:evaluate_goal:268 | Backward Chaining evaluated goal='LATERAL_MOVEMENT' proven=False conf=0.0000 in 0.02ms
2026-08-09 11:40:15 | INFO | app.ai.backward_chaining:evaluate_goal:268 | Backward Chaining evaluated goal='DATA_EXFILTRATION' proven=False conf=0.0000 in 0.02ms
2026-08-09 11:40:15 | INFO | app.ai.backward_chaining:evaluate_goal:268 | Backward Chaining evaluated goal='PRIVILEGE_ESCALATION' proven=False conf=0.0000 in 0.02ms
2026-08-09 11:40:15 | INFO | app.ai.backward_chaining:evaluate_goal:268 | Backward Chaining evaluated goal='LATERAL_MOVEMENT' proven=False conf=0.0000 in 0.02ms
2026-08-09 11:40:16 | INFO | app.ai.backward_chaining:evaluate_goal:268 | Backward Chaining evaluated goal='DATA_EXFILTRATION' proven=False conf=0.0000 in 0.02ms
2026-08-09 11:40:16 | INFO | app.ai.backward_chaining:evaluate_goal:268 | Backward Chaining evaluated goal='PRIVILEGE_ESCALATION' proven=False conf=0.0000 in 0.02ms
2026-08-09 11:40:16 | INFO | app.ai.backward_chaining:evaluate_goal:268 | Backward Chaining evaluated goal='LATERAL_MOVEMENT' proven=False conf=0.0000 in 0.03ms
2026-08-09 11:40:17 | INFO | app.ai.backward_chaining:evaluate_goal:268 | Backward Chaining evaluated goal='DATA_EXFILTRATION' proven=False conf=0.0000 in 0.02ms
2026-08-09 11:40:17 | INFO | app.ai.backward_chaining:evaluate_goal:268 | Backward Chaining evaluated goal='PRIVILEGE_ESCALATION' proven=False conf=0.0000 in 0.04ms
2026-08-09 11:40:17 | INFO | app.ai.backward_chaining:evaluate_goal:268 | Backward Chaining evaluated goal='LATERAL_MOVEMENT' proven=False conf=0.0000 in 0.03ms
2026-08-09 11:40:17 | INFO | httpx._client:_send_single_request:1740 | HTTP Request: GET http://test/api/v1/cases/1/timeline "HTTP/1.1 200 OK"
2026-08-09 11:40:17 | INFO | app.ai.backward_chaining:evaluate_goal:268 | Backward Chaining evaluated goal='DATA_EXFILTRATION' proven=False conf=0.0000 in 0.03ms
2026-08-09 11:40:17 | INFO | app.ai.backward_chaining:evaluate_goal:268 | Backward Chaining evaluated goal='PRIVILEGE_ESCALATION' proven=False conf=0.0000 in 0.02ms
2026-08-09 11:40:17 | INFO | app.ai.backward_chaining:evaluate_goal:268 | Backward Chaining evaluated goal='LATERAL_MOVEMENT' proven=False conf=0.0000 in 0.03ms
2026-08-09 11:40:17 | INFO | httpx._client:_send_single_request:1740 | HTTP Request: GET http://test/api/timeline/1 "HTTP/1.1 200 OK"
2026-08-09 11:40:17 | INFO | app.ai.backward_chaining:evaluate_goal:268 | Backward Chaining evaluated goal='DATA_EXFILTRATION' proven=False conf=0.0000 in 0.02ms
2026-08-09 11:40:17 | INFO | app.ai.backward_chaining:evaluate_goal:268 | Backward Chaining evaluated goal='PRIVILEGE_ESCALATION' proven=False conf=0.0000 in 0.02ms
2026-08-09 11:40:17 | INFO | app.ai.backward_chaining:evaluate_goal:268 | Backward Chaining evaluated goal='LATERAL_MOVEMENT' proven=False conf=0.0000 in 0.02ms
2026-08-09 11:40:17 | INFO | httpx._client:_send_single_request:1740 | HTTP Request: GET http://test/api/timeline/1/suspicious "HTTP/1.1 200 OK"
2026-08-09 11:40:18 | INFO | app.services.ucs_service:run_ucs:104 | Executing UCS for Case ID 1 | Start: 'login' | Goal: 'usb_remove'
2026-08-09 11:40:18 | INFO | app.services.ucs_service:run_ucs:124 | UCS Search Succeeded | Case ID: 1 | Start: 'login' | Goal: 'usb_remove' | Visited Nodes: 4 | Total Cost: 3.0000 | Time: 0.012 ms
2026-08-09 11:40:18 | INFO | httpx._client:_send_single_request:1740 | HTTP Request: POST http://test/api/v1/ai/ucs/run "HTTP/1.1 200 OK"
2026-08-09 11:40:18 | INFO | app.services.ucs_service:run_ucs:104 | Executing UCS for Case ID 1 | Start: 'login' | Goal: 'isolated_exfil'
2026-08-09 11:40:18 | WARNING | app.services.ucs_service:run_ucs:114 | UCS search completed: No path found between 'login' and 'isolated_exfil' in Case ID 1. Explored 5 nodes.
2026-08-09 11:40:18 | INFO | httpx._client:_send_single_request:1740 | HTTP Request: POST http://test/api/v1/ai/ucs/run "HTTP/1.1 400 Bad Request"
2026-08-09 11:40:18 | WARNING | app.services.ucs_service:run_ucs:74 | UCS failed: Start node 'non_existent_start' not found in Case 1.
2026-08-09 11:40:18 | INFO | httpx._client:_send_single_request:1740 | HTTP Request: POST http://test/api/v1/ai/ucs/run "HTTP/1.1 404 Not Found"
2026-08-09 11:40:19 | WARNING | app.services.ucs_service:run_ucs:83 | UCS failed: Goal node 'non_existent_goal' not found in Case 1.
2026-08-09 11:40:19 | INFO | httpx._client:_send_single_request:1740 | HTTP Request: POST http://test/api/v1/ai/ucs/run "HTTP/1.1 404 Not Found"
2026-08-09 11:40:19 | WARNING | app.services.ucs_service:run_ucs:48 | UCS failed: Case ID 999999 not found.
2026-08-09 11:40:19 | INFO | httpx._client:_send_single_request:1740 | HTTP Request: POST http://test/api/v1/ai/ucs/run "HTTP/1.1 404 Not Found"
2026-08-09 11:41:21 | INFO | app.ai.backward_chaining:evaluate_goal:268 | Backward Chaining evaluated goal='DATA_EXFILTRATION' proven=False conf=0.0000 in 0.03ms
2026-08-09 11:41:21 | INFO | app.ai.backward_chaining:evaluate_goal:268 | Backward Chaining evaluated goal='PRIVILEGE_ESCALATION' proven=False conf=0.0000 in 0.04ms
2026-08-09 11:41:21 | INFO | app.ai.backward_chaining:evaluate_goal:268 | Backward Chaining evaluated goal='LATERAL_MOVEMENT' proven=False conf=0.0000 in 0.03ms
2026-08-09 11:41:21 | INFO | app.ai.backward_chaining:evaluate_goal:268 | Backward Chaining evaluated goal='PERSISTENCE' proven=False conf=0.0000 in 0.02ms
2026-08-09 11:44:28 | INFO | app.ai.backward_chaining:evaluate_goal:268 | Backward Chaining evaluated goal='DATA_EXFILTRATION' proven=False conf=0.0000 in 0.02ms
2026-08-09 11:44:28 | INFO | app.ai.backward_chaining:evaluate_goal:268 | Backward Chaining evaluated goal='PRIVILEGE_ESCALATION' proven=False conf=0.0000 in 0.03ms
2026-08-09 11:44:28 | INFO | app.ai.backward_chaining:evaluate_goal:268 | Backward Chaining evaluated goal='LATERAL_MOVEMENT' proven=False conf=0.0000 in 0.04ms
2026-08-09 11:44:28 | INFO | app.ai.backward_chaining:evaluate_goal:268 | Backward Chaining evaluated goal='DATA_EXFILTRATION' proven=False conf=0.0000 in 0.02ms
2026-08-09 11:44:28 | INFO | app.ai.backward_chaining:evaluate_goal:268 | Backward Chaining evaluated goal='PRIVILEGE_ESCALATION' proven=False conf=0.0000 in 0.04ms
2026-08-09 11:44:28 | INFO | app.ai.backward_chaining:evaluate_goal:268 | Backward Chaining evaluated goal='LATERAL_MOVEMENT' proven=False conf=0.0000 in 0.04ms
2026-08-09 11:44:28 | INFO | app.ai.backward_chaining:evaluate_goal:268 | Backward Chaining evaluated goal='DATA_EXFILTRATION' proven=False conf=0.0000 in 0.02ms
2026-08-09 11:44:28 | INFO | app.ai.backward_chaining:evaluate_goal:268 | Backward Chaining evaluated goal='PRIVILEGE_ESCALATION' proven=False conf=0.0000 in 0.03ms
2026-08-09 11:44:28 | INFO | app.ai.backward_chaining:evaluate_goal:268 | Backward Chaining evaluated goal='LATERAL_MOVEMENT' proven=False conf=0.0000 in 0.04ms
2026-08-09 11:44:28 | INFO | app.ai.backward_chaining:evaluate_goal:268 | Backward Chaining evaluated goal='DATA_EXFILTRATION' proven=False conf=0.0000 in 0.03ms
2026-08-09 11:44:28 | INFO | app.ai.backward_chaining:evaluate_goal:268 | Backward Chaining evaluated goal='PRIVILEGE_ESCALATION' proven=False conf=0.0000 in 0.03ms
2026-08-09 11:44:28 | INFO | app.ai.backward_chaining:evaluate_goal:268 | Backward Chaining evaluated goal='LATERAL_MOVEMENT' proven=False conf=0.0000 in 0.04ms
2026-08-09 11:44:28 | INFO | app.ai.backward_chaining:evaluate_goal:268 | Backward Chaining evaluated goal='DATA_EXFILTRATION' proven=False conf=0.0000 in 0.02ms
2026-08-09 11:44:28 | INFO | app.ai.backward_chaining:evaluate_goal:268 | Backward Chaining evaluated goal='PRIVILEGE_ESCALATION' proven=False conf=0.0000 in 0.03ms
2026-08-09 11:44:28 | INFO | app.ai.backward_chaining:evaluate_goal:268 | Backward Chaining evaluated goal='LATERAL_MOVEMENT' proven=False conf=0.0000 in 0.02ms
2026-08-09 11:44:28 | INFO | app.ai.backward_chaining:evaluate_goal:268 | Backward Chaining evaluated goal='PERSISTENCE' proven=False conf=0.0000 in 0.02ms
2026-08-09 11:44:28 | INFO | app.ai.backward_chaining:evaluate_goal:268 | Backward Chaining evaluated goal='DATA_EXFILTRATION' proven=False conf=0.0000 in 0.02ms
2026-08-09 11:44:28 | INFO | app.ai.backward_chaining:evaluate_goal:268 | Backward Chaining evaluated goal='PRIVILEGE_ESCALATION' proven=False conf=0.0000 in 0.03ms
2026-08-09 11:44:28 | INFO | app.ai.backward_chaining:evaluate_goal:268 | Backward Chaining evaluated goal='LATERAL_MOVEMENT' proven=False conf=0.0000 in 0.04ms
2026-08-09 11:44:28 | INFO | app.ai.backward_chaining:evaluate_goal:268 | Backward Chaining evaluated goal='DATA_EXFILTRATION' proven=False conf=0.0000 in 0.04ms
2026-08-09 11:44:28 | INFO | app.ai.backward_chaining:evaluate_goal:268 | Backward Chaining evaluated goal='PRIVILEGE_ESCALATION' proven=False conf=0.0000 in 0.04ms
2026-08-09 11:44:28 | INFO | app.ai.backward_chaining:evaluate_goal:268 | Backward Chaining evaluated goal='LATERAL_MOVEMENT' proven=False conf=0.0000 in 0.05ms
2026-08-09 11:47:20 | INFO | app.core.logging:setup_logging:54 | Logging initialized | env=development | debug=True
2026-08-09 11:48:51 | INFO | app.core.logging:setup_logging:54 | Logging initialized | env=development | debug=True
2026-08-09 11:48:52 | INFO | app.services.astar_service:run_astar:110 | Executing A* Search for Case ID 1 | Start: 'login' | Goal: 'usb_remove'
2026-08-09 11:48:52 | INFO | app.services.astar_service:run_astar:130 | A* Search Succeeded | Case ID: 1 | Start: 'login' | Goal: 'usb_remove' | Visited Nodes: 4 | Total Cost: 3.0000 | Heuristic Cost: 1.0000 | Time: 0.047 ms
2026-08-09 11:48:52 | INFO | httpx._client:_send_single_request:1740 | HTTP Request: POST http://test/api/v1/ai/astar/run "HTTP/1.1 200 OK"
2026-08-09 11:48:53 | INFO | app.services.astar_service:run_astar:110 | Executing A* Search for Case ID 1 | Start: 'login' | Goal: 'isolated_exfil'
2026-08-09 11:48:53 | WARNING | app.services.astar_service:run_astar:120 | A* Search completed: No path found between 'login' and 'isolated_exfil' in Case ID 1. Visited 5 nodes.
2026-08-09 11:48:53 | INFO | httpx._client:_send_single_request:1740 | HTTP Request: POST http://test/api/v1/ai/astar/run "HTTP/1.1 400 Bad Request"
2026-08-09 11:48:53 | WARNING | app.services.astar_service:run_astar:81 | A* Search failed: Start node 'non_existent_start' not found in Case 1.
2026-08-09 11:48:53 | INFO | httpx._client:_send_single_request:1740 | HTTP Request: POST http://test/api/v1/ai/astar/run "HTTP/1.1 404 Not Found"
2026-08-09 11:48:54 | WARNING | app.services.astar_service:run_astar:89 | A* Search failed: Goal node 'non_existent_goal' not found in Case 1.
2026-08-09 11:48:54 | INFO | httpx._client:_send_single_request:1740 | HTTP Request: POST http://test/api/v1/ai/astar/run "HTTP/1.1 404 Not Found"
2026-08-09 11:48:54 | WARNING | app.services.astar_service:run_astar:49 | A* Search failed: Case ID 999999 not found.
2026-08-09 11:48:54 | INFO | httpx._client:_send_single_request:1740 | HTTP Request: POST http://test/api/v1/ai/astar/run "HTTP/1.1 404 Not Found"
2026-08-09 11:48:55 | INFO | app.ai.backward_chaining:evaluate_goal:268 | Backward Chaining evaluated goal='DATA_EXFILTRATION' proven=False conf=0.0000 in 0.04ms
2026-08-09 11:48:55 | INFO | app.ai.backward_chaining:evaluate_goal:268 | Backward Chaining evaluated goal='PRIVILEGE_ESCALATION' proven=False conf=0.0000 in 0.03ms
2026-08-09 11:48:55 | INFO | app.ai.backward_chaining:evaluate_goal:268 | Backward Chaining evaluated goal='LATERAL_MOVEMENT' proven=False conf=0.0000 in 0.03ms
2026-08-09 11:48:55 | INFO | app.ai.backward_chaining:evaluate_goal:268 | Backward Chaining evaluated goal='DATA_EXFILTRATION' proven=False conf=0.0000 in 0.03ms
2026-08-09 11:48:55 | INFO | app.ai.backward_chaining:evaluate_goal:268 | Backward Chaining evaluated goal='PRIVILEGE_ESCALATION' proven=False conf=0.0000 in 0.04ms
2026-08-09 11:48:55 | INFO | app.ai.backward_chaining:evaluate_goal:268 | Backward Chaining evaluated goal='LATERAL_MOVEMENT' proven=False conf=0.0000 in 0.04ms
2026-08-09 11:48:55 | INFO | httpx._client:_send_single_request:1740 | HTTP Request: GET http://test/api/v1/cases/1/attack-path "HTTP/1.1 200 OK"
2026-08-09 11:48:55 | INFO | app.ai.backward_chaining:evaluate_goal:268 | Backward Chaining evaluated goal='DATA_EXFILTRATION' proven=False conf=0.0000 in 0.03ms
2026-08-09 11:48:55 | INFO | app.ai.backward_chaining:evaluate_goal:268 | Backward Chaining evaluated goal='PRIVILEGE_ESCALATION' proven=False conf=0.0000 in 0.03ms
2026-08-09 11:48:55 | INFO | app.ai.backward_chaining:evaluate_goal:268 | Backward Chaining evaluated goal='LATERAL_MOVEMENT' proven=False conf=0.0000 in 0.03ms
2026-08-09 11:48:55 | INFO | app.ai.backward_chaining:evaluate_goal:268 | Backward Chaining evaluated goal='DATA_EXFILTRATION' proven=False conf=0.0000 in 0.05ms
2026-08-09 11:48:55 | INFO | app.ai.backward_chaining:evaluate_goal:268 | Backward Chaining evaluated goal='PRIVILEGE_ESCALATION' proven=False conf=0.0000 in 0.03ms
2026-08-09 11:48:55 | INFO | app.ai.backward_chaining:evaluate_goal:268 | Backward Chaining evaluated goal='LATERAL_MOVEMENT' proven=False conf=0.0000 in 0.03ms
2026-08-09 11:48:55 | INFO | httpx._client:_send_single_request:1740 | HTTP Request: GET http://test/api/v1/cases/1/attack-paths "HTTP/1.1 200 OK"
2026-08-09 11:48:55 | INFO | app.ai.backward_chaining:evaluate_goal:268 | Backward Chaining evaluated goal='DATA_EXFILTRATION' proven=False conf=0.0000 in 0.04ms
2026-08-09 11:48:55 | INFO | app.ai.backward_chaining:evaluate_goal:268 | Backward Chaining evaluated goal='PRIVILEGE_ESCALATION' proven=False conf=0.0000 in 0.04ms
2026-08-09 11:48:55 | INFO | app.ai.backward_chaining:evaluate_goal:268 | Backward Chaining evaluated goal='LATERAL_MOVEMENT' proven=False conf=0.0000 in 0.04ms
2026-08-09 11:48:55 | INFO | app.ai.backward_chaining:evaluate_goal:268 | Backward Chaining evaluated goal='DATA_EXFILTRATION' proven=False conf=0.0000 in 0.02ms
2026-08-09 11:48:55 | INFO | app.ai.backward_chaining:evaluate_goal:268 | Backward Chaining evaluated goal='PRIVILEGE_ESCALATION' proven=False conf=0.0000 in 0.03ms
2026-08-09 11:48:55 | INFO | app.ai.backward_chaining:evaluate_goal:268 | Backward Chaining evaluated goal='LATERAL_MOVEMENT' proven=False conf=0.0000 in 0.02ms
2026-08-09 11:48:55 | INFO | httpx._client:_send_single_request:1740 | HTTP Request: GET http://test/api/attack-path/1 "HTTP/1.1 200 OK"
2026-08-09 11:48:55 | INFO | app.ai.backward_chaining:evaluate_goal:268 | Backward Chaining evaluated goal='DATA_EXFILTRATION' proven=True conf=1.0000 in 0.01ms
2026-08-09 11:48:55 | INFO | app.ai.backward_chaining:evaluate_goal:268 | Backward Chaining evaluated goal='DATA_EXFILTRATION' proven=True conf=0.9500 in 0.04ms
2026-08-09 11:48:55 | INFO | app.ai.backward_chaining:evaluate_goal:268 | Backward Chaining evaluated goal='DATA_EXFILTRATION' proven=True conf=0.9120 in 0.03ms
2026-08-09 11:48:55 | INFO | app.ai.backward_chaining:evaluate_goal:268 | Backward Chaining evaluated goal='DATA_EXFILTRATION' proven=False conf=0.0000 in 0.02ms
2026-08-09 11:48:55 | INFO | app.ai.backward_chaining:evaluate_goal:268 | Backward Chaining evaluated goal='DATA_EXFILTRATION' proven=False conf=0.0000 in 0.02ms
2026-08-09 11:48:55 | WARNING | app.ai.backward_chaining:_prove_goal:298 | Circular rule cycle detected for goal='GOAL_A' at depth=3
2026-08-09 11:48:55 | INFO | app.ai.backward_chaining:evaluate_goal:268 | Backward Chaining evaluated goal='GOAL_A' proven=False conf=0.0000 in 0.45ms
2026-08-09 11:48:55 | INFO | app.ai.backward_chaining:evaluate_goal:268 | Backward Chaining evaluated goal='DATA_EXFILTRATION' proven=True conf=0.9500 in 0.03ms
2026-08-09 11:48:55 | INFO | app.ai.backward_chaining:evaluate_goal:268 | Backward Chaining evaluated goal='DATA_EXFILTRATION' proven=True conf=0.9000 in 0.05ms
2026-08-09 11:48:55 | INFO | app.ai.backward_chaining:evaluate_goal:268 | Backward Chaining evaluated goal='UNKNOWN_NONEXISTENT_GOAL' proven=False conf=0.0000 in 0.01ms
2026-08-09 11:48:55 | INFO | app.ai.backward_chaining:evaluate_goal:268 | Backward Chaining evaluated goal='DATA_EXFILTRATION' proven=False conf=0.0000 in 0.03ms
2026-08-09 11:48:55 | INFO | app.ai.backward_chaining:evaluate_goal:268 | Backward Chaining evaluated goal='N_0' proven=True conf=0.5987 in 0.09ms
2026-08-09 11:48:55 | WARNING | app.ai.backward_chaining:_prove_goal:291 | Backward chaining max depth limit reached at depth=11 for goal='NODE_10'
2026-08-09 11:48:55 | INFO | app.ai.backward_chaining:evaluate_goal:268 | Backward Chaining evaluated goal='NODE_0' proven=False conf=0.0000 in 0.67ms
2026-08-09 11:48:56 | INFO | app.ai.backward_chaining:evaluate_goal:268 | Backward Chaining evaluated goal='DATA_EXFILTRATION' proven=True conf=0.8361 in 0.06ms
2026-08-09 11:48:56 | INFO | httpx._client:_send_single_request:1740 | HTTP Request: POST http://test/api/v1/ai/backward-chaining/run "HTTP/1.1 200 OK"
2026-08-09 11:48:56 | INFO | app.ai.backward_chaining:evaluate_goal:268 | Backward Chaining evaluated goal='PRIVILEGE_ESCALATION' proven=False conf=0.0000 in 0.04ms
2026-08-09 11:48:56 | INFO | httpx._client:_send_single_request:1740 | HTTP Request: POST http://test/api/backward-chaining/evaluate/1?goal=PRIVILEGE_ESCALATION "HTTP/1.1 200 OK"
2026-08-09 11:48:56 | INFO | httpx._client:_send_single_request:1740 | HTTP Request: POST http://test/api/v1/ai/backward-chaining/run "HTTP/1.1 400 Bad Request"
2026-08-09 11:48:57 | INFO | httpx._client:_send_single_request:1740 | HTTP Request: POST http://test/api/cases/ "HTTP/1.1 201 Created"
2026-08-09 11:48:58 | INFO | httpx._client:_send_single_request:1740 | HTTP Request: GET http://test/api/cases/?search=Malware "HTTP/1.1 200 OK"
2026-08-09 11:48:59 | INFO | httpx._client:_send_single_request:1740 | HTTP Request: POST http://test/api/evidence/upload "HTTP/1.1 201 Created"
2026-08-09 11:48:59 | INFO | httpx._client:_send_single_request:1740 | HTTP Request: POST http://test/api/parser/parse/1 "HTTP/1.1 202 Accepted"
2026-08-09 11:48:59 | INFO | httpx._client:_send_single_request:1740 | HTTP Request: POST http://test/api/normalize/1 "HTTP/1.1 202 Accepted"
2026-08-09 11:48:59 | INFO | httpx._client:_send_single_request:1740 | HTTP Request: POST http://test/api/graph/build/1 "HTTP/1.1 202 Accepted"
2026-08-09 11:48:59 | INFO | httpx._client:_send_single_request:1740 | HTTP Request: POST http://test/api/csp/validate/1 "HTTP/1.1 202 Accepted"
2026-08-09 11:48:59 | INFO | httpx._client:_send_single_request:1740 | HTTP Request: GET http://test/api/csp/status/1 "HTTP/1.1 200 OK"
2026-08-09 11:48:59 | INFO | httpx._client:_send_single_request:1740 | HTTP Request: GET http://test/api/csp/results/1 "HTTP/1.1 200 OK"
2026-08-09 11:49:00 | INFO | httpx._client:_send_single_request:1740 | HTTP Request: GET http://test/health "HTTP/1.1 200 OK"
2026-08-09 11:49:00 | INFO | httpx._client:_send_single_request:1740 | HTTP Request: GET http://test/api/v1/cases/1 "HTTP/1.1 404 Not Found"
2026-08-09 11:49:00 | INFO | app.ai.backward_chaining:evaluate_goal:268 | Backward Chaining evaluated goal='DATA_EXFILTRATION' proven=False conf=0.0000 in 0.04ms
2026-08-09 11:49:00 | INFO | app.ai.backward_chaining:evaluate_goal:268 | Backward Chaining evaluated goal='PRIVILEGE_ESCALATION' proven=False conf=0.0000 in 0.04ms
2026-08-09 11:49:00 | INFO | app.ai.backward_chaining:evaluate_goal:268 | Backward Chaining evaluated goal='LATERAL_MOVEMENT' proven=False conf=0.0000 in 0.04ms
2026-08-09 11:49:00 | INFO | app.ai.backward_chaining:evaluate_goal:268 | Backward Chaining evaluated goal='DATA_EXFILTRATION' proven=False conf=0.0000 in 0.02ms
2026-08-09 11:49:00 | INFO | app.ai.backward_chaining:evaluate_goal:268 | Backward Chaining evaluated goal='PRIVILEGE_ESCALATION' proven=False conf=0.0000 in 0.04ms
2026-08-09 11:49:00 | INFO | app.ai.backward_chaining:evaluate_goal:268 | Backward Chaining evaluated goal='LATERAL_MOVEMENT' proven=False conf=0.0000 in 0.03ms
2026-08-09 11:49:00 | INFO | app.ai.backward_chaining:evaluate_goal:268 | Backward Chaining evaluated goal='PERSISTENCE' proven=False conf=0.0000 in 0.02ms
2026-08-09 11:49:00 | INFO | app.ai.backward_chaining:evaluate_goal:268 | Backward Chaining evaluated goal='DATA_EXFILTRATION' proven=False conf=0.0000 in 0.02ms
2026-08-09 11:49:00 | INFO | app.ai.backward_chaining:evaluate_goal:268 | Backward Chaining evaluated goal='PRIVILEGE_ESCALATION' proven=False conf=0.0000 in 0.04ms
2026-08-09 11:49:00 | INFO | app.ai.backward_chaining:evaluate_goal:268 | Backward Chaining evaluated goal='LATERAL_MOVEMENT' proven=False conf=0.0000 in 0.04ms
2026-08-09 11:49:00 | INFO | app.ai.backward_chaining:evaluate_goal:268 | Backward Chaining evaluated goal='DATA_EXFILTRATION' proven=False conf=0.0000 in 0.02ms
2026-08-09 11:49:00 | INFO | app.ai.backward_chaining:evaluate_goal:268 | Backward Chaining evaluated goal='PRIVILEGE_ESCALATION' proven=False conf=0.0000 in 0.05ms
2026-08-09 11:49:00 | INFO | app.ai.backward_chaining:evaluate_goal:268 | Backward Chaining evaluated goal='LATERAL_MOVEMENT' proven=False conf=0.0000 in 0.04ms
2026-08-09 11:49:00 | INFO | app.ai.backward_chaining:evaluate_goal:268 | Backward Chaining evaluated goal='DATA_EXFILTRATION' proven=False conf=0.0000 in 0.02ms
2026-08-09 11:49:00 | INFO | app.ai.backward_chaining:evaluate_goal:268 | Backward Chaining evaluated goal='PRIVILEGE_ESCALATION' proven=False conf=0.0000 in 0.02ms
2026-08-09 11:49:00 | INFO | app.ai.backward_chaining:evaluate_goal:268 | Backward Chaining evaluated goal='LATERAL_MOVEMENT' proven=False conf=0.0000 in 0.02ms
2026-08-09 11:49:00 | INFO | app.ai.backward_chaining:evaluate_goal:268 | Backward Chaining evaluated goal='DATA_EXFILTRATION' proven=False conf=0.0000 in 0.02ms
2026-08-09 11:49:00 | INFO | app.ai.backward_chaining:evaluate_goal:268 | Backward Chaining evaluated goal='PRIVILEGE_ESCALATION' proven=False conf=0.0000 in 0.05ms
2026-08-09 11:49:00 | INFO | app.ai.backward_chaining:evaluate_goal:268 | Backward Chaining evaluated goal='LATERAL_MOVEMENT' proven=False conf=0.0000 in 0.05ms
2026-08-09 11:49:00 | INFO | app.ai.backward_chaining:evaluate_goal:268 | Backward Chaining evaluated goal='PERSISTENCE' proven=False conf=0.0000 in 0.03ms
2026-08-09 11:49:00 | INFO | app.ai.backward_chaining:evaluate_goal:268 | Backward Chaining evaluated goal='DATA_EXFILTRATION' proven=False conf=0.0000 in 0.02ms
2026-08-09 11:49:00 | INFO | app.ai.backward_chaining:evaluate_goal:268 | Backward Chaining evaluated goal='PRIVILEGE_ESCALATION' proven=False conf=0.0000 in 0.02ms
2026-08-09 11:49:00 | INFO | app.ai.backward_chaining:evaluate_goal:268 | Backward Chaining evaluated goal='LATERAL_MOVEMENT' proven=False conf=0.0000 in 0.02ms
2026-08-09 11:49:00 | INFO | app.ai.backward_chaining:evaluate_goal:268 | Backward Chaining evaluated goal='DATA_EXFILTRATION' proven=False conf=0.0000 in 0.02ms
2026-08-09 11:49:00 | INFO | app.ai.backward_chaining:evaluate_goal:268 | Backward Chaining evaluated goal='PRIVILEGE_ESCALATION' proven=False conf=0.0000 in 0.04ms
2026-08-09 11:49:00 | INFO | app.ai.backward_chaining:evaluate_goal:268 | Backward Chaining evaluated goal='LATERAL_MOVEMENT' proven=False conf=0.0000 in 0.04ms
2026-08-09 11:49:00 | INFO | app.ai.backward_chaining:evaluate_goal:268 | Backward Chaining evaluated goal='DATA_EXFILTRATION' proven=False conf=0.0000 in 0.03ms
2026-08-09 11:49:00 | INFO | app.ai.backward_chaining:evaluate_goal:268 | Backward Chaining evaluated goal='PRIVILEGE_ESCALATION' proven=False conf=0.0000 in 0.04ms
2026-08-09 11:49:00 | INFO | app.ai.backward_chaining:evaluate_goal:268 | Backward Chaining evaluated goal='LATERAL_MOVEMENT' proven=False conf=0.0000 in 0.03ms
2026-08-09 11:49:00 | INFO | app.ai.backward_chaining:evaluate_goal:268 | Backward Chaining evaluated goal='DATA_EXFILTRATION' proven=False conf=0.0000 in 0.02ms
2026-08-09 11:49:00 | INFO | app.ai.backward_chaining:evaluate_goal:268 | Backward Chaining evaluated goal='PRIVILEGE_ESCALATION' proven=False conf=0.0000 in 0.05ms
2026-08-09 11:49:00 | INFO | app.ai.backward_chaining:evaluate_goal:268 | Backward Chaining evaluated goal='LATERAL_MOVEMENT' proven=False conf=0.0000 in 0.04ms
2026-08-09 11:49:00 | INFO | app.ai.backward_chaining:evaluate_goal:268 | Backward Chaining evaluated goal='PERSISTENCE' proven=False conf=0.0000 in 0.03ms
2026-08-09 11:49:00 | INFO | app.ai.backward_chaining:evaluate_goal:268 | Backward Chaining evaluated goal='DATA_EXFILTRATION' proven=False conf=0.0000 in 0.02ms
2026-08-09 11:49:00 | INFO | app.ai.backward_chaining:evaluate_goal:268 | Backward Chaining evaluated goal='PRIVILEGE_ESCALATION' proven=False conf=0.0000 in 0.02ms
2026-08-09 11:49:00 | INFO | app.ai.backward_chaining:evaluate_goal:268 | Backward Chaining evaluated goal='LATERAL_MOVEMENT' proven=False conf=0.0000 in 0.02ms
2026-08-09 11:49:00 | INFO | app.ai.backward_chaining:evaluate_goal:268 | Backward Chaining evaluated goal='DATA_EXFILTRATION' proven=False conf=0.0000 in 0.03ms
2026-08-09 11:49:00 | INFO | app.ai.backward_chaining:evaluate_goal:268 | Backward Chaining evaluated goal='PRIVILEGE_ESCALATION' proven=False conf=0.0000 in 0.03ms
2026-08-09 11:49:00 | INFO | app.ai.backward_chaining:evaluate_goal:268 | Backward Chaining evaluated goal='LATERAL_MOVEMENT' proven=False conf=0.0000 in 0.04ms
2026-08-09 11:49:01 | INFO | app.ai.backward_chaining:evaluate_goal:268 | Backward Chaining evaluated goal='DATA_EXFILTRATION' proven=False conf=0.0000 in 0.03ms
2026-08-09 11:49:01 | INFO | app.ai.backward_chaining:evaluate_goal:268 | Backward Chaining evaluated goal='PRIVILEGE_ESCALATION' proven=False conf=0.0000 in 0.04ms
2026-08-09 11:49:01 | INFO | app.ai.backward_chaining:evaluate_goal:268 | Backward Chaining evaluated goal='LATERAL_MOVEMENT' proven=False conf=0.0000 in 0.03ms
2026-08-09 11:49:01 | INFO | app.ai.backward_chaining:evaluate_goal:268 | Backward Chaining evaluated goal='DATA_EXFILTRATION' proven=False conf=0.0000 in 0.04ms
2026-08-09 11:49:01 | INFO | app.ai.backward_chaining:evaluate_goal:268 | Backward Chaining evaluated goal='PRIVILEGE_ESCALATION' proven=False conf=0.0000 in 0.05ms
2026-08-09 11:49:01 | INFO | app.ai.backward_chaining:evaluate_goal:268 | Backward Chaining evaluated goal='LATERAL_MOVEMENT' proven=False conf=0.0000 in 0.03ms
2026-08-09 11:49:01 | INFO | app.ai.backward_chaining:evaluate_goal:268 | Backward Chaining evaluated goal='PERSISTENCE' proven=False conf=0.0000 in 0.03ms
2026-08-09 11:49:01 | INFO | app.ai.backward_chaining:evaluate_goal:268 | Backward Chaining evaluated goal='DATA_EXFILTRATION' proven=False conf=0.0000 in 0.02ms
2026-08-09 11:49:01 | INFO | app.ai.backward_chaining:evaluate_goal:268 | Backward Chaining evaluated goal='PRIVILEGE_ESCALATION' proven=False conf=0.0000 in 0.04ms
2026-08-09 11:49:01 | INFO | app.ai.backward_chaining:evaluate_goal:268 | Backward Chaining evaluated goal='LATERAL_MOVEMENT' proven=False conf=0.0000 in 0.04ms
2026-08-09 11:49:01 | INFO | app.ai.backward_chaining:evaluate_goal:268 | Backward Chaining evaluated goal='DATA_EXFILTRATION' proven=False conf=0.0000 in 0.02ms
2026-08-09 11:49:01 | INFO | app.ai.backward_chaining:evaluate_goal:268 | Backward Chaining evaluated goal='PRIVILEGE_ESCALATION' proven=False conf=0.0000 in 0.03ms
2026-08-09 11:49:01 | INFO | app.ai.backward_chaining:evaluate_goal:268 | Backward Chaining evaluated goal='LATERAL_MOVEMENT' proven=False conf=0.0000 in 0.04ms
2026-08-09 11:49:01 | INFO | httpx._client:_send_single_request:1740 | HTTP Request: POST http://test/api/v1/cases/1/reports "HTTP/1.1 201 Created"
2026-08-09 11:49:01 | INFO | httpx._client:_send_single_request:1740 | HTTP Request: GET http://test/api/v1/cases/1/reports/1a08c3b8-4b4a-43fc-8d90-a7313d7db60a/download "HTTP/1.1 200 OK"
2026-08-09 11:49:01 | INFO | app.ai.backward_chaining:evaluate_goal:268 | Backward Chaining evaluated goal='DATA_EXFILTRATION' proven=False conf=0.0000 in 0.02ms
2026-08-09 11:49:01 | INFO | app.ai.backward_chaining:evaluate_goal:268 | Backward Chaining evaluated goal='PRIVILEGE_ESCALATION' proven=False conf=0.0000 in 0.04ms
2026-08-09 11:49:01 | INFO | app.ai.backward_chaining:evaluate_goal:268 | Backward Chaining evaluated goal='LATERAL_MOVEMENT' proven=False conf=0.0000 in 0.03ms
2026-08-09 11:49:01 | INFO | app.ai.backward_chaining:evaluate_goal:268 | Backward Chaining evaluated goal='DATA_EXFILTRATION' proven=False conf=0.0000 in 0.03ms
2026-08-09 11:49:01 | INFO | app.ai.backward_chaining:evaluate_goal:268 | Backward Chaining evaluated goal='PRIVILEGE_ESCALATION' proven=False conf=0.0000 in 0.05ms
2026-08-09 11:49:01 | INFO | app.ai.backward_chaining:evaluate_goal:268 | Backward Chaining evaluated goal='LATERAL_MOVEMENT' proven=False conf=0.0000 in 0.04ms
2026-08-09 11:49:01 | INFO | app.ai.backward_chaining:evaluate_goal:268 | Backward Chaining evaluated goal='PERSISTENCE' proven=False conf=0.0000 in 0.04ms
2026-08-09 11:49:01 | INFO | app.ai.backward_chaining:evaluate_goal:268 | Backward Chaining evaluated goal='DATA_EXFILTRATION' proven=False conf=0.0000 in 0.02ms
2026-08-09 11:49:01 | INFO | app.ai.backward_chaining:evaluate_goal:268 | Backward Chaining evaluated goal='PRIVILEGE_ESCALATION' proven=False conf=0.0000 in 0.03ms
2026-08-09 11:49:01 | INFO | app.ai.backward_chaining:evaluate_goal:268 | Backward Chaining evaluated goal='LATERAL_MOVEMENT' proven=False conf=0.0000 in 0.04ms
2026-08-09 11:49:01 | INFO | app.ai.backward_chaining:evaluate_goal:268 | Backward Chaining evaluated goal='DATA_EXFILTRATION' proven=False conf=0.0000 in 0.04ms
2026-08-09 11:49:01 | INFO | app.ai.backward_chaining:evaluate_goal:268 | Backward Chaining evaluated goal='PRIVILEGE_ESCALATION' proven=False conf=0.0000 in 0.03ms
2026-08-09 11:49:01 | INFO | app.ai.backward_chaining:evaluate_goal:268 | Backward Chaining evaluated goal='LATERAL_MOVEMENT' proven=False conf=0.0000 in 0.04ms
2026-08-09 11:49:01 | INFO | app.ai.backward_chaining:evaluate_goal:268 | Backward Chaining evaluated goal='DATA_EXFILTRATION' proven=False conf=0.0000 in 0.02ms
2026-08-09 11:49:01 | INFO | app.ai.backward_chaining:evaluate_goal:268 | Backward Chaining evaluated goal='PRIVILEGE_ESCALATION' proven=False conf=0.0000 in 0.06ms
2026-08-09 11:49:01 | INFO | app.ai.backward_chaining:evaluate_goal:268 | Backward Chaining evaluated goal='LATERAL_MOVEMENT' proven=False conf=0.0000 in 0.04ms
2026-08-09 11:49:01 | INFO | app.ai.backward_chaining:evaluate_goal:268 | Backward Chaining evaluated goal='DATA_EXFILTRATION' proven=False conf=0.0000 in 0.02ms
2026-08-09 11:49:01 | INFO | app.ai.backward_chaining:evaluate_goal:268 | Backward Chaining evaluated goal='PRIVILEGE_ESCALATION' proven=False conf=0.0000 in 0.04ms
2026-08-09 11:49:01 | INFO | app.ai.backward_chaining:evaluate_goal:268 | Backward Chaining evaluated goal='LATERAL_MOVEMENT' proven=False conf=0.0000 in 0.04ms
2026-08-09 11:49:01 | INFO | app.ai.backward_chaining:evaluate_goal:268 | Backward Chaining evaluated goal='PERSISTENCE' proven=False conf=0.0000 in 0.02ms
2026-08-09 11:49:01 | INFO | app.ai.backward_chaining:evaluate_goal:268 | Backward Chaining evaluated goal='DATA_EXFILTRATION' proven=False conf=0.0000 in 0.03ms
2026-08-09 11:49:01 | INFO | app.ai.backward_chaining:evaluate_goal:268 | Backward Chaining evaluated goal='PRIVILEGE_ESCALATION' proven=False conf=0.0000 in 0.04ms
2026-08-09 11:49:01 | INFO | app.ai.backward_chaining:evaluate_goal:268 | Backward Chaining evaluated goal='LATERAL_MOVEMENT' proven=False conf=0.0000 in 0.05ms
2026-08-09 11:49:01 | INFO | app.ai.backward_chaining:evaluate_goal:268 | Backward Chaining evaluated goal='DATA_EXFILTRATION' proven=False conf=0.0000 in 0.03ms
2026-08-09 11:49:01 | INFO | app.ai.backward_chaining:evaluate_goal:268 | Backward Chaining evaluated goal='PRIVILEGE_ESCALATION' proven=False conf=0.0000 in 0.04ms
2026-08-09 11:49:01 | INFO | app.ai.backward_chaining:evaluate_goal:268 | Backward Chaining evaluated goal='LATERAL_MOVEMENT' proven=False conf=0.0000 in 0.04ms
2026-08-09 11:49:01 | INFO | httpx._client:_send_single_request:1740 | HTTP Request: POST http://test/api/v1/cases/1/reports "HTTP/1.1 201 Created"
2026-08-09 11:49:01 | INFO | httpx._client:_send_single_request:1740 | HTTP Request: GET http://test/api/v1/cases/1/reports/8fb203cd-8b18-41af-bd61-eb842b6e30a3/download "HTTP/1.1 200 OK"
2026-08-09 11:49:02 | INFO | app.ai.backward_chaining:evaluate_goal:268 | Backward Chaining evaluated goal='DATA_EXFILTRATION' proven=False conf=0.0000 in 0.02ms
2026-08-09 11:49:02 | INFO | app.ai.backward_chaining:evaluate_goal:268 | Backward Chaining evaluated goal='PRIVILEGE_ESCALATION' proven=False conf=0.0000 in 0.04ms
2026-08-09 11:49:02 | INFO | app.ai.backward_chaining:evaluate_goal:268 | Backward Chaining evaluated goal='LATERAL_MOVEMENT' proven=False conf=0.0000 in 0.04ms
2026-08-09 11:49:02 | INFO | app.ai.backward_chaining:evaluate_goal:268 | Backward Chaining evaluated goal='PERSISTENCE' proven=False conf=0.0000 in 0.02ms
2026-08-09 11:49:02 | INFO | app.ai.backward_chaining:evaluate_goal:268 | Backward Chaining evaluated goal='DATA_EXFILTRATION' proven=False conf=0.0000 in 0.03ms
2026-08-09 11:49:02 | INFO | app.ai.backward_chaining:evaluate_goal:268 | Backward Chaining evaluated goal='PRIVILEGE_ESCALATION' proven=False conf=0.0000 in 0.04ms
2026-08-09 11:49:02 | INFO | app.ai.backward_chaining:evaluate_goal:268 | Backward Chaining evaluated goal='LATERAL_MOVEMENT' proven=False conf=0.0000 in 0.03ms
2026-08-09 11:49:02 | INFO | app.ai.backward_chaining:evaluate_goal:268 | Backward Chaining evaluated goal='PERSISTENCE' proven=False conf=0.0000 in 0.03ms
2026-08-09 11:49:02 | INFO | app.ai.backward_chaining:evaluate_goal:268 | Backward Chaining evaluated goal='DATA_EXFILTRATION' proven=False conf=0.0000 in 0.03ms
2026-08-09 11:49:02 | INFO | app.ai.backward_chaining:evaluate_goal:268 | Backward Chaining evaluated goal='PRIVILEGE_ESCALATION' proven=False conf=0.0000 in 0.04ms
2026-08-09 11:49:02 | INFO | app.ai.backward_chaining:evaluate_goal:268 | Backward Chaining evaluated goal='LATERAL_MOVEMENT' proven=False conf=0.0000 in 0.04ms
2026-08-09 11:49:02 | INFO | app.ai.backward_chaining:evaluate_goal:268 | Backward Chaining evaluated goal='PERSISTENCE' proven=False conf=0.0000 in 0.03ms
2026-08-09 11:49:04 | INFO | httpx._client:_send_single_request:1740 | HTTP Request: GET http://test/api/v1/cases/1/reports/history "HTTP/1.1 401 Unauthorized"
2026-08-09 11:49:04 | INFO | httpx._client:_send_single_request:1740 | HTTP Request: GET http://test/api/v1/cases/1/reports/history "HTTP/1.1 401 Unauthorized"
2026-08-09 11:49:05 | INFO | app.ai.backward_chaining:evaluate_goal:268 | Backward Chaining evaluated goal='DATA_EXFILTRATION' proven=False conf=0.0000 in 0.02ms
2026-08-09 11:49:05 | INFO | app.ai.backward_chaining:evaluate_goal:268 | Backward Chaining evaluated goal='PRIVILEGE_ESCALATION' proven=False conf=0.0000 in 0.04ms
2026-08-09 11:49:05 | INFO | app.ai.backward_chaining:evaluate_goal:268 | Backward Chaining evaluated goal='LATERAL_MOVEMENT' proven=False conf=0.0000 in 0.04ms
2026-08-09 11:49:05 | INFO | app.ai.backward_chaining:evaluate_goal:268 | Backward Chaining evaluated goal='DATA_EXFILTRATION' proven=False conf=0.0000 in 0.02ms
2026-08-09 11:49:05 | INFO | app.ai.backward_chaining:evaluate_goal:268 | Backward Chaining evaluated goal='PRIVILEGE_ESCALATION' proven=False conf=0.0000 in 0.03ms
2026-08-09 11:49:05 | INFO | app.ai.backward_chaining:evaluate_goal:268 | Backward Chaining evaluated goal='LATERAL_MOVEMENT' proven=False conf=0.0000 in 0.03ms
2026-08-09 11:49:05 | INFO | app.ai.backward_chaining:evaluate_goal:268 | Backward Chaining evaluated goal='PERSISTENCE' proven=False conf=0.0000 in 0.04ms
2026-08-09 11:49:05 | INFO | app.ai.backward_chaining:evaluate_goal:268 | Backward Chaining evaluated goal='DATA_EXFILTRATION' proven=False conf=0.0000 in 0.03ms
2026-08-09 11:49:05 | INFO | app.ai.backward_chaining:evaluate_goal:268 | Backward Chaining evaluated goal='PRIVILEGE_ESCALATION' proven=False conf=0.0000 in 0.04ms
2026-08-09 11:49:05 | INFO | app.ai.backward_chaining:evaluate_goal:268 | Backward Chaining evaluated goal='LATERAL_MOVEMENT' proven=False conf=0.0000 in 0.04ms
2026-08-09 11:49:05 | INFO | app.ai.backward_chaining:evaluate_goal:268 | Backward Chaining evaluated goal='DATA_EXFILTRATION' proven=False conf=0.0000 in 0.03ms
2026-08-09 11:49:05 | INFO | app.ai.backward_chaining:evaluate_goal:268 | Backward Chaining evaluated goal='PRIVILEGE_ESCALATION' proven=False conf=0.0000 in 0.04ms
2026-08-09 11:49:05 | INFO | app.ai.backward_chaining:evaluate_goal:268 | Backward Chaining evaluated goal='LATERAL_MOVEMENT' proven=False conf=0.0000 in 0.04ms
2026-08-09 11:49:06 | INFO | httpx._client:_send_single_request:1740 | HTTP Request: POST http://test/api/evidence/upload "HTTP/1.1 201 Created"
2026-08-09 11:49:07 | INFO | httpx._client:_send_single_request:1740 | HTTP Request: POST http://test/api/evidence/upload "HTTP/1.1 400 Bad Request"
2026-08-09 11:49:08 | INFO | httpx._client:_send_single_request:1740 | HTTP Request: POST http://test/api/evidence/upload "HTTP/1.1 201 Created"
2026-08-09 11:49:08 | INFO | httpx._client:_send_single_request:1740 | HTTP Request: POST http://test/api/evidence/upload "HTTP/1.1 409 Conflict"
2026-08-09 11:49:09 | INFO | app.services.forward_chaining_service:run_forward_chaining:135 | Running Forward Chaining for Case ID 1 with 6 initial fact(s).
2026-08-09 11:49:09 | INFO | app.services.forward_chaining_service:run_forward_chaining:151 | Forward Chaining completed for Case ID 1 | Fired Rules: 2 | Derived Facts: 4 | Time: 0.107 ms
2026-08-09 11:49:09 | INFO | httpx._client:_send_single_request:1740 | HTTP Request: POST http://test/api/v1/ai/forward-chaining/run "HTTP/1.1 200 OK"
2026-08-09 11:49:10 | WARNING | app.services.forward_chaining_service:run_forward_chaining:49 | Forward Chaining failed: Case ID 999999 not found.
2026-08-09 11:49:10 | INFO | httpx._client:_send_single_request:1740 | HTTP Request: POST http://test/api/v1/ai/forward-chaining/run "HTTP/1.1 404 Not Found"
2026-08-09 11:49:10 | INFO | httpx._client:_send_single_request:1740 | HTTP Request: POST http://test/api/evidence/upload "HTTP/1.1 201 Created"
2026-08-09 11:49:10 | INFO | httpx._client:_send_single_request:1740 | HTTP Request: POST http://test/api/parser/parse/1 "HTTP/1.1 202 Accepted"
2026-08-09 11:49:11 | INFO | httpx._client:_send_single_request:1740 | HTTP Request: POST http://test/api/normalize/1 "HTTP/1.1 202 Accepted"
2026-08-09 11:49:11 | INFO | httpx._client:_send_single_request:1740 | HTTP Request: POST http://test/api/graph/build/1 "HTTP/1.1 202 Accepted"
2026-08-09 11:49:11 | INFO | httpx._client:_send_single_request:1740 | HTTP Request: GET http://test/api/graph/1 "HTTP/1.1 200 OK"
2026-08-09 11:49:11 | INFO | httpx._client:_send_single_request:1740 | HTTP Request: GET http://test/api/graph/statistics/1 "HTTP/1.1 200 OK"
2026-08-09 11:49:12 | INFO | app.ai.backward_chaining:evaluate_goal:268 | Backward Chaining evaluated goal='DATA_EXFILTRATION' proven=False conf=0.0000 in 0.02ms
2026-08-09 11:49:12 | INFO | app.ai.backward_chaining:evaluate_goal:268 | Backward Chaining evaluated goal='PRIVILEGE_ESCALATION' proven=False conf=0.0000 in 0.02ms
2026-08-09 11:49:12 | INFO | app.ai.backward_chaining:evaluate_goal:268 | Backward Chaining evaluated goal='LATERAL_MOVEMENT' proven=False conf=0.0000 in 0.02ms
2026-08-09 11:49:12 | INFO | app.ai.backward_chaining:evaluate_goal:268 | Backward Chaining evaluated goal='DATA_EXFILTRATION' proven=False conf=0.0000 in 0.04ms
2026-08-09 11:49:12 | INFO | app.ai.backward_chaining:evaluate_goal:268 | Backward Chaining evaluated goal='PRIVILEGE_ESCALATION' proven=False conf=0.0000 in 0.02ms
2026-08-09 11:49:12 | INFO | app.ai.backward_chaining:evaluate_goal:268 | Backward Chaining evaluated goal='LATERAL_MOVEMENT' proven=False conf=0.0000 in 0.03ms
2026-08-09 11:49:12 | INFO | app.ai.backward_chaining:evaluate_goal:268 | Backward Chaining evaluated goal='PERSISTENCE' proven=False conf=0.0000 in 0.02ms
2026-08-09 11:49:12 | INFO | app.ai.backward_chaining:evaluate_goal:268 | Backward Chaining evaluated goal='DATA_EXFILTRATION' proven=False conf=0.0000 in 0.04ms
2026-08-09 11:49:12 | INFO | app.ai.backward_chaining:evaluate_goal:268 | Backward Chaining evaluated goal='PRIVILEGE_ESCALATION' proven=False conf=0.0000 in 0.04ms
2026-08-09 11:49:12 | INFO | app.ai.backward_chaining:evaluate_goal:268 | Backward Chaining evaluated goal='LATERAL_MOVEMENT' proven=False conf=0.0000 in 0.03ms
2026-08-09 11:49:12 | INFO | app.ai.backward_chaining:evaluate_goal:268 | Backward Chaining evaluated goal='DATA_EXFILTRATION' proven=False conf=0.0000 in 0.04ms
2026-08-09 11:49:12 | INFO | app.ai.backward_chaining:evaluate_goal:268 | Backward Chaining evaluated goal='PRIVILEGE_ESCALATION' proven=False conf=0.0000 in 0.04ms
2026-08-09 11:49:12 | INFO | app.ai.backward_chaining:evaluate_goal:268 | Backward Chaining evaluated goal='LATERAL_MOVEMENT' proven=False conf=0.0000 in 0.02ms
2026-08-09 11:49:12 | INFO | httpx._client:_send_single_request:1740 | HTTP Request: GET http://test/api/v1/cases/1/investigation-summary "HTTP/1.1 200 OK"
2026-08-09 11:49:12 | INFO | app.ai.backward_chaining:evaluate_goal:268 | Backward Chaining evaluated goal='DATA_EXFILTRATION' proven=False conf=0.0000 in 0.02ms
2026-08-09 11:49:12 | INFO | app.ai.backward_chaining:evaluate_goal:268 | Backward Chaining evaluated goal='PRIVILEGE_ESCALATION' proven=False conf=0.0000 in 0.04ms
2026-08-09 11:49:12 | INFO | app.ai.backward_chaining:evaluate_goal:268 | Backward Chaining evaluated goal='LATERAL_MOVEMENT' proven=False conf=0.0000 in 0.04ms
2026-08-09 11:49:12 | INFO | app.ai.backward_chaining:evaluate_goal:268 | Backward Chaining evaluated goal='DATA_EXFILTRATION' proven=False conf=0.0000 in 0.02ms
2026-08-09 11:49:12 | INFO | app.ai.backward_chaining:evaluate_goal:268 | Backward Chaining evaluated goal='PRIVILEGE_ESCALATION' proven=False conf=0.0000 in 0.02ms
2026-08-09 11:49:12 | INFO | app.ai.backward_chaining:evaluate_goal:268 | Backward Chaining evaluated goal='LATERAL_MOVEMENT' proven=False conf=0.0000 in 0.02ms
2026-08-09 11:49:12 | INFO | app.ai.backward_chaining:evaluate_goal:268 | Backward Chaining evaluated goal='PERSISTENCE' proven=False conf=0.0000 in 0.02ms
2026-08-09 11:49:12 | INFO | app.ai.backward_chaining:evaluate_goal:268 | Backward Chaining evaluated goal='DATA_EXFILTRATION' proven=False conf=0.0000 in 0.02ms
2026-08-09 11:49:12 | INFO | app.ai.backward_chaining:evaluate_goal:268 | Backward Chaining evaluated goal='PRIVILEGE_ESCALATION' proven=False conf=0.0000 in 0.04ms
2026-08-09 11:49:12 | INFO | app.ai.backward_chaining:evaluate_goal:268 | Backward Chaining evaluated goal='LATERAL_MOVEMENT' proven=False conf=0.0000 in 0.02ms
2026-08-09 11:49:12 | INFO | app.ai.backward_chaining:evaluate_goal:268 | Backward Chaining evaluated goal='DATA_EXFILTRATION' proven=False conf=0.0000 in 0.02ms
2026-08-09 11:49:12 | INFO | app.ai.backward_chaining:evaluate_goal:268 | Backward Chaining evaluated goal='PRIVILEGE_ESCALATION' proven=False conf=0.0000 in 0.02ms
2026-08-09 11:49:12 | INFO | app.ai.backward_chaining:evaluate_goal:268 | Backward Chaining evaluated goal='LATERAL_MOVEMENT' proven=False conf=0.0000 in 0.02ms
2026-08-09 11:49:12 | INFO | httpx._client:_send_single_request:1740 | HTTP Request: GET http://test/api/investigation-summary/1 "HTTP/1.1 200 OK"
2026-08-09 11:49:13 | INFO | httpx._client:_send_single_request:1740 | HTTP Request: POST http://test/api/evidence/upload "HTTP/1.1 201 Created"
2026-08-09 11:49:13 | INFO | httpx._client:_send_single_request:1740 | HTTP Request: POST http://test/api/parser/parse/1 "HTTP/1.1 202 Accepted"
2026-08-09 11:49:13 | INFO | httpx._client:_send_single_request:1740 | HTTP Request: POST http://test/api/normalize/1 "HTTP/1.1 202 Accepted"
2026-08-09 11:49:14 | INFO | httpx._client:_send_single_request:1740 | HTTP Request: POST http://test/api/evidence/upload "HTTP/1.1 201 Created"
2026-08-09 11:49:14 | INFO | httpx._client:_send_single_request:1740 | HTTP Request: POST http://test/api/parser/parse/1 "HTTP/1.1 202 Accepted"
2026-08-09 11:49:14 | INFO | httpx._client:_send_single_request:1740 | HTTP Request: GET http://test/api/parser/events/case/1 "HTTP/1.1 200 OK"
2026-08-09 11:49:15 | INFO | app.ai.backward_chaining:evaluate_goal:268 | Backward Chaining evaluated goal='DATA_EXFILTRATION' proven=False conf=0.0000 in 0.02ms
2026-08-09 11:49:15 | INFO | app.ai.backward_chaining:evaluate_goal:268 | Backward Chaining evaluated goal='PRIVILEGE_ESCALATION' proven=False conf=0.0000 in 0.02ms
2026-08-09 11:49:15 | INFO | app.ai.backward_chaining:evaluate_goal:268 | Backward Chaining evaluated goal='LATERAL_MOVEMENT' proven=False conf=0.0000 in 0.02ms
2026-08-09 11:49:15 | INFO | app.ai.backward_chaining:evaluate_goal:268 | Backward Chaining evaluated goal='DATA_EXFILTRATION' proven=False conf=0.0000 in 0.02ms
2026-08-09 11:49:15 | INFO | app.ai.backward_chaining:evaluate_goal:268 | Backward Chaining evaluated goal='PRIVILEGE_ESCALATION' proven=False conf=0.0000 in 0.02ms
2026-08-09 11:49:15 | INFO | app.ai.backward_chaining:evaluate_goal:268 | Backward Chaining evaluated goal='LATERAL_MOVEMENT' proven=False conf=0.0000 in 0.02ms
2026-08-09 11:49:15 | INFO | app.ai.backward_chaining:evaluate_goal:268 | Backward Chaining evaluated goal='PERSISTENCE' proven=False conf=0.0000 in 0.02ms
2026-08-09 11:49:15 | INFO | app.ai.backward_chaining:evaluate_goal:268 | Backward Chaining evaluated goal='DATA_EXFILTRATION' proven=False conf=0.0000 in 0.02ms
2026-08-09 11:49:15 | INFO | app.ai.backward_chaining:evaluate_goal:268 | Backward Chaining evaluated goal='PRIVILEGE_ESCALATION' proven=False conf=0.0000 in 0.02ms
2026-08-09 11:49:15 | INFO | app.ai.backward_chaining:evaluate_goal:268 | Backward Chaining evaluated goal='LATERAL_MOVEMENT' proven=False conf=0.0000 in 0.02ms
2026-08-09 11:49:15 | INFO | app.ai.backward_chaining:evaluate_goal:268 | Backward Chaining evaluated goal='DATA_EXFILTRATION' proven=False conf=0.0000 in 0.02ms
2026-08-09 11:49:15 | INFO | app.ai.backward_chaining:evaluate_goal:268 | Backward Chaining evaluated goal='PRIVILEGE_ESCALATION' proven=False conf=0.0000 in 0.02ms
2026-08-09 11:49:15 | INFO | app.ai.backward_chaining:evaluate_goal:268 | Backward Chaining evaluated goal='LATERAL_MOVEMENT' proven=False conf=0.0000 in 0.02ms
2026-08-09 11:49:15 | INFO | app.ai.backward_chaining:evaluate_goal:268 | Backward Chaining evaluated goal='DATA_EXFILTRATION' proven=False conf=0.0000 in 0.02ms
2026-08-09 11:49:15 | INFO | app.ai.backward_chaining:evaluate_goal:268 | Backward Chaining evaluated goal='PRIVILEGE_ESCALATION' proven=False conf=0.0000 in 0.03ms
2026-08-09 11:49:15 | INFO | app.ai.backward_chaining:evaluate_goal:268 | Backward Chaining evaluated goal='LATERAL_MOVEMENT' proven=False conf=0.0000 in 0.02ms
2026-08-09 11:49:15 | INFO | app.ai.backward_chaining:evaluate_goal:268 | Backward Chaining evaluated goal='DATA_EXFILTRATION' proven=False conf=0.0000 in 0.02ms
2026-08-09 11:49:15 | INFO | app.ai.backward_chaining:evaluate_goal:268 | Backward Chaining evaluated goal='PRIVILEGE_ESCALATION' proven=False conf=0.0000 in 0.02ms
2026-08-09 11:49:15 | INFO | app.ai.backward_chaining:evaluate_goal:268 | Backward Chaining evaluated goal='LATERAL_MOVEMENT' proven=False conf=0.0000 in 0.02ms
2026-08-09 11:49:15 | INFO | app.ai.backward_chaining:evaluate_goal:268 | Backward Chaining evaluated goal='PERSISTENCE' proven=False conf=0.0000 in 0.02ms
2026-08-09 11:49:15 | INFO | app.ai.backward_chaining:evaluate_goal:268 | Backward Chaining evaluated goal='DATA_EXFILTRATION' proven=False conf=0.0000 in 0.03ms
2026-08-09 11:49:15 | INFO | app.ai.backward_chaining:evaluate_goal:268 | Backward Chaining evaluated goal='PRIVILEGE_ESCALATION' proven=False conf=0.0000 in 0.04ms
2026-08-09 11:49:15 | INFO | app.ai.backward_chaining:evaluate_goal:268 | Backward Chaining evaluated goal='LATERAL_MOVEMENT' proven=False conf=0.0000 in 0.04ms
2026-08-09 11:49:15 | INFO | app.ai.backward_chaining:evaluate_goal:268 | Backward Chaining evaluated goal='DATA_EXFILTRATION' proven=False conf=0.0000 in 0.02ms
2026-08-09 11:49:15 | INFO | app.ai.backward_chaining:evaluate_goal:268 | Backward Chaining evaluated goal='PRIVILEGE_ESCALATION' proven=False conf=0.0000 in 0.02ms
2026-08-09 11:49:15 | INFO | app.ai.backward_chaining:evaluate_goal:268 | Backward Chaining evaluated goal='LATERAL_MOVEMENT' proven=False conf=0.0000 in 0.02ms
2026-08-09 11:49:15 | INFO | app.ai.backward_chaining:evaluate_goal:268 | Backward Chaining evaluated goal='DATA_EXFILTRATION' proven=False conf=0.0000 in 0.03ms
2026-08-09 11:49:15 | INFO | app.ai.backward_chaining:evaluate_goal:268 | Backward Chaining evaluated goal='PRIVILEGE_ESCALATION' proven=False conf=0.0000 in 0.03ms
2026-08-09 11:49:15 | INFO | app.ai.backward_chaining:evaluate_goal:268 | Backward Chaining evaluated goal='LATERAL_MOVEMENT' proven=False conf=0.0000 in 0.02ms
2026-08-09 11:49:15 | INFO | app.ai.backward_chaining:evaluate_goal:268 | Backward Chaining evaluated goal='DATA_EXFILTRATION' proven=False conf=0.0000 in 0.11ms
2026-08-09 11:49:15 | INFO | app.ai.backward_chaining:evaluate_goal:268 | Backward Chaining evaluated goal='PRIVILEGE_ESCALATION' proven=False conf=0.0000 in 0.02ms
2026-08-09 11:49:15 | INFO | app.ai.backward_chaining:evaluate_goal:268 | Backward Chaining evaluated goal='LATERAL_MOVEMENT' proven=False conf=0.0000 in 0.03ms
2026-08-09 11:49:15 | INFO | app.ai.backward_chaining:evaluate_goal:268 | Backward Chaining evaluated goal='PERSISTENCE' proven=False conf=0.0000 in 0.03ms
2026-08-09 11:49:16 | INFO | app.ai.backward_chaining:evaluate_goal:268 | Backward Chaining evaluated goal='DATA_EXFILTRATION' proven=False conf=0.0000 in 0.02ms
2026-08-09 11:49:16 | INFO | app.ai.backward_chaining:evaluate_goal:268 | Backward Chaining evaluated goal='PRIVILEGE_ESCALATION' proven=False conf=0.0000 in 0.03ms
2026-08-09 11:49:16 | INFO | app.ai.backward_chaining:evaluate_goal:268 | Backward Chaining evaluated goal='LATERAL_MOVEMENT' proven=False conf=0.0000 in 0.02ms
2026-08-09 11:49:16 | INFO | app.ai.backward_chaining:evaluate_goal:268 | Backward Chaining evaluated goal='DATA_EXFILTRATION' proven=False conf=0.0000 in 0.03ms
2026-08-09 11:49:16 | INFO | app.ai.backward_chaining:evaluate_goal:268 | Backward Chaining evaluated goal='PRIVILEGE_ESCALATION' proven=False conf=0.0000 in 0.05ms
2026-08-09 11:49:16 | INFO | app.ai.backward_chaining:evaluate_goal:268 | Backward Chaining evaluated goal='LATERAL_MOVEMENT' proven=False conf=0.0000 in 0.03ms
2026-08-09 11:49:16 | INFO | app.ai.backward_chaining:evaluate_goal:268 | Backward Chaining evaluated goal='DATA_EXFILTRATION' proven=False conf=0.0000 in 0.02ms
2026-08-09 11:49:16 | INFO | app.ai.backward_chaining:evaluate_goal:268 | Backward Chaining evaluated goal='PRIVILEGE_ESCALATION' proven=False conf=0.0000 in 0.05ms
2026-08-09 11:49:16 | INFO | app.ai.backward_chaining:evaluate_goal:268 | Backward Chaining evaluated goal='LATERAL_MOVEMENT' proven=False conf=0.0000 in 0.02ms
2026-08-09 11:49:16 | INFO | app.ai.backward_chaining:evaluate_goal:268 | Backward Chaining evaluated goal='DATA_EXFILTRATION' proven=False conf=0.0000 in 0.03ms
2026-08-09 11:49:16 | INFO | app.ai.backward_chaining:evaluate_goal:268 | Backward Chaining evaluated goal='PRIVILEGE_ESCALATION' proven=False conf=0.0000 in 0.04ms
2026-08-09 11:49:16 | INFO | app.ai.backward_chaining:evaluate_goal:268 | Backward Chaining evaluated goal='LATERAL_MOVEMENT' proven=False conf=0.0000 in 0.03ms
2026-08-09 11:49:16 | INFO | app.ai.backward_chaining:evaluate_goal:268 | Backward Chaining evaluated goal='PERSISTENCE' proven=False conf=0.0000 in 0.02ms
2026-08-09 11:49:16 | INFO | app.ai.backward_chaining:evaluate_goal:268 | Backward Chaining evaluated goal='DATA_EXFILTRATION' proven=False conf=0.0000 in 0.02ms
2026-08-09 11:49:16 | INFO | app.ai.backward_chaining:evaluate_goal:268 | Backward Chaining evaluated goal='PRIVILEGE_ESCALATION' proven=False conf=0.0000 in 0.02ms
2026-08-09 11:49:16 | INFO | app.ai.backward_chaining:evaluate_goal:268 | Backward Chaining evaluated goal='LATERAL_MOVEMENT' proven=False conf=0.0000 in 0.02ms
2026-08-09 11:49:16 | INFO | app.ai.backward_chaining:evaluate_goal:268 | Backward Chaining evaluated goal='DATA_EXFILTRATION' proven=False conf=0.0000 in 0.02ms
2026-08-09 11:49:16 | INFO | app.ai.backward_chaining:evaluate_goal:268 | Backward Chaining evaluated goal='PRIVILEGE_ESCALATION' proven=False conf=0.0000 in 0.03ms
2026-08-09 11:49:16 | INFO | app.ai.backward_chaining:evaluate_goal:268 | Backward Chaining evaluated goal='LATERAL_MOVEMENT' proven=False conf=0.0000 in 0.04ms
2026-08-09 11:49:17 | INFO | app.ai.backward_chaining:evaluate_goal:268 | Backward Chaining evaluated goal='DATA_EXFILTRATION' proven=False conf=0.0000 in 0.02ms
2026-08-09 11:49:17 | INFO | app.ai.backward_chaining:evaluate_goal:268 | Backward Chaining evaluated goal='PRIVILEGE_ESCALATION' proven=False conf=0.0000 in 0.02ms
2026-08-09 11:49:17 | INFO | app.ai.backward_chaining:evaluate_goal:268 | Backward Chaining evaluated goal='LATERAL_MOVEMENT' proven=False conf=0.0000 in 0.02ms
2026-08-09 11:49:17 | INFO | app.ai.backward_chaining:evaluate_goal:268 | Backward Chaining evaluated goal='DATA_EXFILTRATION' proven=False conf=0.0000 in 0.02ms
2026-08-09 11:49:17 | INFO | app.ai.backward_chaining:evaluate_goal:268 | Backward Chaining evaluated goal='PRIVILEGE_ESCALATION' proven=False conf=0.0000 in 0.02ms
2026-08-09 11:49:17 | INFO | app.ai.backward_chaining:evaluate_goal:268 | Backward Chaining evaluated goal='LATERAL_MOVEMENT' proven=False conf=0.0000 in 0.02ms
2026-08-09 11:49:17 | INFO | app.ai.backward_chaining:evaluate_goal:268 | Backward Chaining evaluated goal='PERSISTENCE' proven=False conf=0.0000 in 0.02ms
2026-08-09 11:49:17 | INFO | app.ai.backward_chaining:evaluate_goal:268 | Backward Chaining evaluated goal='DATA_EXFILTRATION' proven=False conf=0.0000 in 0.02ms
2026-08-09 11:49:17 | INFO | app.ai.backward_chaining:evaluate_goal:268 | Backward Chaining evaluated goal='PRIVILEGE_ESCALATION' proven=False conf=0.0000 in 0.02ms
2026-08-09 11:49:17 | INFO | app.ai.backward_chaining:evaluate_goal:268 | Backward Chaining evaluated goal='LATERAL_MOVEMENT' proven=False conf=0.0000 in 0.02ms
2026-08-09 11:49:17 | INFO | app.ai.backward_chaining:evaluate_goal:268 | Backward Chaining evaluated goal='DATA_EXFILTRATION' proven=False conf=0.0000 in 0.02ms
2026-08-09 11:49:17 | INFO | app.ai.backward_chaining:evaluate_goal:268 | Backward Chaining evaluated goal='PRIVILEGE_ESCALATION' proven=False conf=0.0000 in 0.02ms
2026-08-09 11:49:17 | INFO | app.ai.backward_chaining:evaluate_goal:268 | Backward Chaining evaluated goal='LATERAL_MOVEMENT' proven=False conf=0.0000 in 0.02ms
2026-08-09 11:49:17 | INFO | app.ai.backward_chaining:evaluate_goal:268 | Backward Chaining evaluated goal='DATA_EXFILTRATION' proven=False conf=0.0000 in 0.02ms
2026-08-09 11:49:17 | INFO | app.ai.backward_chaining:evaluate_goal:268 | Backward Chaining evaluated goal='PRIVILEGE_ESCALATION' proven=False conf=0.0000 in 0.02ms
2026-08-09 11:49:17 | INFO | app.ai.backward_chaining:evaluate_goal:268 | Backward Chaining evaluated goal='LATERAL_MOVEMENT' proven=False conf=0.0000 in 0.02ms
2026-08-09 11:49:17 | INFO | app.ai.backward_chaining:evaluate_goal:268 | Backward Chaining evaluated goal='DATA_EXFILTRATION' proven=False conf=0.0000 in 0.02ms
2026-08-09 11:49:17 | INFO | app.ai.backward_chaining:evaluate_goal:268 | Backward Chaining evaluated goal='PRIVILEGE_ESCALATION' proven=False conf=0.0000 in 0.02ms
2026-08-09 11:49:17 | INFO | app.ai.backward_chaining:evaluate_goal:268 | Backward Chaining evaluated goal='LATERAL_MOVEMENT' proven=False conf=0.0000 in 0.02ms
2026-08-09 11:49:17 | INFO | app.ai.backward_chaining:evaluate_goal:268 | Backward Chaining evaluated goal='PERSISTENCE' proven=False conf=0.0000 in 0.02ms
2026-08-09 11:49:17 | INFO | app.ai.backward_chaining:evaluate_goal:268 | Backward Chaining evaluated goal='DATA_EXFILTRATION' proven=False conf=0.0000 in 0.02ms
2026-08-09 11:49:17 | INFO | app.ai.backward_chaining:evaluate_goal:268 | Backward Chaining evaluated goal='PRIVILEGE_ESCALATION' proven=False conf=0.0000 in 0.04ms
2026-08-09 11:49:17 | INFO | app.ai.backward_chaining:evaluate_goal:268 | Backward Chaining evaluated goal='LATERAL_MOVEMENT' proven=False conf=0.0000 in 0.02ms
2026-08-09 11:49:17 | INFO | app.ai.backward_chaining:evaluate_goal:268 | Backward Chaining evaluated goal='DATA_EXFILTRATION' proven=False conf=0.0000 in 0.02ms
2026-08-09 11:49:17 | INFO | app.ai.backward_chaining:evaluate_goal:268 | Backward Chaining evaluated goal='PRIVILEGE_ESCALATION' proven=False conf=0.0000 in 0.02ms
2026-08-09 11:49:17 | INFO | app.ai.backward_chaining:evaluate_goal:268 | Backward Chaining evaluated goal='LATERAL_MOVEMENT' proven=False conf=0.0000 in 0.02ms
2026-08-09 11:49:17 | INFO | httpx._client:_send_single_request:1740 | HTTP Request: POST http://test/api/v1/cases/1/reports "HTTP/1.1 201 Created"
2026-08-09 11:49:17 | INFO | httpx._client:_send_single_request:1740 | HTTP Request: GET http://test/api/v1/cases/1/reports/history "HTTP/1.1 200 OK"
2026-08-09 11:49:17 | INFO | httpx._client:_send_single_request:1740 | HTTP Request: GET http://test/api/v1/cases/1/reports/e69babc4-6b21-4efb-996d-d7b4a82a2c94/download "HTTP/1.1 200 OK"
2026-08-09 11:49:17 | INFO | httpx._client:_send_single_request:1740 | HTTP Request: GET http://test/api/v1/cases/1/reports/e69babc4-6b21-4efb-996d-d7b4a82a2c94/download "HTTP/1.1 401 Unauthorized"
2026-08-09 11:49:18 | INFO | app.ai.backward_chaining:evaluate_goal:268 | Backward Chaining evaluated goal='DATA_EXFILTRATION' proven=False conf=0.0000 in 0.02ms
2026-08-09 11:49:18 | INFO | app.ai.backward_chaining:evaluate_goal:268 | Backward Chaining evaluated goal='PRIVILEGE_ESCALATION' proven=False conf=0.0000 in 0.02ms
2026-08-09 11:49:18 | INFO | app.ai.backward_chaining:evaluate_goal:268 | Backward Chaining evaluated goal='LATERAL_MOVEMENT' proven=False conf=0.0000 in 0.02ms
2026-08-09 11:49:18 | INFO | app.ai.backward_chaining:evaluate_goal:268 | Backward Chaining evaluated goal='PERSISTENCE' proven=False conf=0.0000 in 0.02ms
2026-08-09 11:49:18 | INFO | httpx._client:_send_single_request:1740 | HTTP Request: GET http://test/api/v1/cases/1/risk-score "HTTP/1.1 200 OK"
2026-08-09 11:49:18 | INFO | app.ai.backward_chaining:evaluate_goal:268 | Backward Chaining evaluated goal='DATA_EXFILTRATION' proven=False conf=0.0000 in 0.02ms
2026-08-09 11:49:18 | INFO | app.ai.backward_chaining:evaluate_goal:268 | Backward Chaining evaluated goal='PRIVILEGE_ESCALATION' proven=False conf=0.0000 in 0.02ms
2026-08-09 11:49:18 | INFO | app.ai.backward_chaining:evaluate_goal:268 | Backward Chaining evaluated goal='LATERAL_MOVEMENT' proven=False conf=0.0000 in 0.02ms
2026-08-09 11:49:18 | INFO | app.ai.backward_chaining:evaluate_goal:268 | Backward Chaining evaluated goal='PERSISTENCE' proven=False conf=0.0000 in 0.02ms
2026-08-09 11:49:18 | INFO | httpx._client:_send_single_request:1740 | HTTP Request: GET http://test/api/risk-score/1 "HTTP/1.1 200 OK"
2026-08-09 11:49:19 | INFO | app.ai.backward_chaining:evaluate_goal:268 | Backward Chaining evaluated goal='DATA_EXFILTRATION' proven=False conf=0.0000 in 0.02ms
2026-08-09 11:49:19 | INFO | app.ai.backward_chaining:evaluate_goal:268 | Backward Chaining evaluated goal='PRIVILEGE_ESCALATION' proven=False conf=0.0000 in 0.02ms
2026-08-09 11:49:19 | INFO | app.ai.backward_chaining:evaluate_goal:268 | Backward Chaining evaluated goal='LATERAL_MOVEMENT' proven=False conf=0.0000 in 0.02ms
2026-08-09 11:49:19 | INFO | app.ai.backward_chaining:evaluate_goal:268 | Backward Chaining evaluated goal='DATA_EXFILTRATION' proven=False conf=0.0000 in 0.02ms
2026-08-09 11:49:19 | INFO | app.ai.backward_chaining:evaluate_goal:268 | Backward Chaining evaluated goal='PRIVILEGE_ESCALATION' proven=False conf=0.0000 in 0.02ms
2026-08-09 11:49:19 | INFO | app.ai.backward_chaining:evaluate_goal:268 | Backward Chaining evaluated goal='LATERAL_MOVEMENT' proven=False conf=0.0000 in 0.03ms
2026-08-09 11:49:19 | INFO | app.ai.backward_chaining:evaluate_goal:268 | Backward Chaining evaluated goal='DATA_EXFILTRATION' proven=False conf=0.0000 in 0.02ms
2026-08-09 11:49:19 | INFO | app.ai.backward_chaining:evaluate_goal:268 | Backward Chaining evaluated goal='PRIVILEGE_ESCALATION' proven=False conf=0.0000 in 0.04ms
2026-08-09 11:49:19 | INFO | app.ai.backward_chaining:evaluate_goal:268 | Backward Chaining evaluated goal='LATERAL_MOVEMENT' proven=False conf=0.0000 in 0.03ms
2026-08-09 11:49:20 | INFO | app.ai.backward_chaining:evaluate_goal:268 | Backward Chaining evaluated goal='DATA_EXFILTRATION' proven=False conf=0.0000 in 0.02ms
2026-08-09 11:49:20 | INFO | app.ai.backward_chaining:evaluate_goal:268 | Backward Chaining evaluated goal='PRIVILEGE_ESCALATION' proven=False conf=0.0000 in 0.03ms
2026-08-09 11:49:20 | INFO | app.ai.backward_chaining:evaluate_goal:268 | Backward Chaining evaluated goal='LATERAL_MOVEMENT' proven=False conf=0.0000 in 0.02ms
2026-08-09 11:49:21 | INFO | app.ai.backward_chaining:evaluate_goal:268 | Backward Chaining evaluated goal='DATA_EXFILTRATION' proven=True conf=1.0000 in 0.00ms
2026-08-09 11:49:21 | INFO | app.ai.backward_chaining:evaluate_goal:268 | Backward Chaining evaluated goal='PRIVILEGE_ESCALATION' proven=False conf=0.0000 in 0.02ms
2026-08-09 11:49:21 | INFO | app.ai.backward_chaining:evaluate_goal:268 | Backward Chaining evaluated goal='LATERAL_MOVEMENT' proven=False conf=0.0000 in 0.02ms
2026-08-09 11:49:22 | INFO | app.ai.backward_chaining:evaluate_goal:268 | Backward Chaining evaluated goal='DATA_EXFILTRATION' proven=True conf=0.9120 in 0.02ms
2026-08-09 11:49:22 | INFO | app.ai.backward_chaining:evaluate_goal:268 | Backward Chaining evaluated goal='PRIVILEGE_ESCALATION' proven=False conf=0.0000 in 0.02ms
2026-08-09 11:49:22 | INFO | app.ai.backward_chaining:evaluate_goal:268 | Backward Chaining evaluated goal='LATERAL_MOVEMENT' proven=False conf=0.0000 in 0.02ms
2026-08-09 11:49:22 | INFO | app.ai.backward_chaining:evaluate_goal:268 | Backward Chaining evaluated goal='DATA_EXFILTRATION' proven=False conf=0.0000 in 0.02ms
2026-08-09 11:49:22 | INFO | app.ai.backward_chaining:evaluate_goal:268 | Backward Chaining evaluated goal='PRIVILEGE_ESCALATION' proven=False conf=0.0000 in 0.03ms
2026-08-09 11:49:22 | INFO | app.ai.backward_chaining:evaluate_goal:268 | Backward Chaining evaluated goal='LATERAL_MOVEMENT' proven=False conf=0.0000 in 0.03ms
2026-08-09 11:49:23 | INFO | app.ai.backward_chaining:evaluate_goal:268 | Backward Chaining evaluated goal='DATA_EXFILTRATION' proven=False conf=0.0000 in 0.02ms
2026-08-09 11:49:23 | INFO | app.ai.backward_chaining:evaluate_goal:268 | Backward Chaining evaluated goal='PRIVILEGE_ESCALATION' proven=False conf=0.0000 in 0.02ms
2026-08-09 11:49:23 | INFO | app.ai.backward_chaining:evaluate_goal:268 | Backward Chaining evaluated goal='LATERAL_MOVEMENT' proven=False conf=0.0000 in 0.02ms
2026-08-09 11:49:24 | INFO | app.ai.backward_chaining:evaluate_goal:268 | Backward Chaining evaluated goal='DATA_EXFILTRATION' proven=False conf=0.0000 in 0.02ms
2026-08-09 11:49:24 | INFO | app.ai.backward_chaining:evaluate_goal:268 | Backward Chaining evaluated goal='PRIVILEGE_ESCALATION' proven=False conf=0.0000 in 0.02ms
2026-08-09 11:49:24 | INFO | app.ai.backward_chaining:evaluate_goal:268 | Backward Chaining evaluated goal='LATERAL_MOVEMENT' proven=False conf=0.0000 in 0.02ms
2026-08-09 11:49:24 | INFO | httpx._client:_send_single_request:1740 | HTTP Request: GET http://test/api/v1/cases/1/timeline "HTTP/1.1 200 OK"
2026-08-09 11:49:24 | INFO | app.ai.backward_chaining:evaluate_goal:268 | Backward Chaining evaluated goal='DATA_EXFILTRATION' proven=False conf=0.0000 in 0.02ms
2026-08-09 11:49:24 | INFO | app.ai.backward_chaining:evaluate_goal:268 | Backward Chaining evaluated goal='PRIVILEGE_ESCALATION' proven=False conf=0.0000 in 0.02ms
2026-08-09 11:49:24 | INFO | app.ai.backward_chaining:evaluate_goal:268 | Backward Chaining evaluated goal='LATERAL_MOVEMENT' proven=False conf=0.0000 in 0.02ms
2026-08-09 11:49:24 | INFO | httpx._client:_send_single_request:1740 | HTTP Request: GET http://test/api/timeline/1 "HTTP/1.1 200 OK"
2026-08-09 11:49:24 | INFO | app.ai.backward_chaining:evaluate_goal:268 | Backward Chaining evaluated goal='DATA_EXFILTRATION' proven=False conf=0.0000 in 0.02ms
2026-08-09 11:49:24 | INFO | app.ai.backward_chaining:evaluate_goal:268 | Backward Chaining evaluated goal='PRIVILEGE_ESCALATION' proven=False conf=0.0000 in 0.03ms
2026-08-09 11:49:24 | INFO | app.ai.backward_chaining:evaluate_goal:268 | Backward Chaining evaluated goal='LATERAL_MOVEMENT' proven=False conf=0.0000 in 0.03ms
2026-08-09 11:49:24 | INFO | httpx._client:_send_single_request:1740 | HTTP Request: GET http://test/api/timeline/1/suspicious "HTTP/1.1 200 OK"
2026-08-09 11:49:24 | INFO | app.services.ucs_service:run_ucs:104 | Executing UCS for Case ID 1 | Start: 'login' | Goal: 'usb_remove'
2026-08-09 11:49:24 | INFO | app.services.ucs_service:run_ucs:124 | UCS Search Succeeded | Case ID: 1 | Start: 'login' | Goal: 'usb_remove' | Visited Nodes: 4 | Total Cost: 3.0000 | Time: 0.010 ms
2026-08-09 11:49:24 | INFO | httpx._client:_send_single_request:1740 | HTTP Request: POST http://test/api/v1/ai/ucs/run "HTTP/1.1 200 OK"
2026-08-09 11:49:25 | INFO | app.services.ucs_service:run_ucs:104 | Executing UCS for Case ID 1 | Start: 'login' | Goal: 'isolated_exfil'
2026-08-09 11:49:25 | WARNING | app.services.ucs_service:run_ucs:114 | UCS search completed: No path found between 'login' and 'isolated_exfil' in Case ID 1. Explored 5 nodes.
2026-08-09 11:49:25 | INFO | httpx._client:_send_single_request:1740 | HTTP Request: POST http://test/api/v1/ai/ucs/run "HTTP/1.1 400 Bad Request"
2026-08-09 11:49:25 | WARNING | app.services.ucs_service:run_ucs:74 | UCS failed: Start node 'non_existent_start' not found in Case 1.
2026-08-09 11:49:25 | INFO | httpx._client:_send_single_request:1740 | HTTP Request: POST http://test/api/v1/ai/ucs/run "HTTP/1.1 404 Not Found"
2026-08-09 11:49:26 | WARNING | app.services.ucs_service:run_ucs:83 | UCS failed: Goal node 'non_existent_goal' not found in Case 1.
2026-08-09 11:49:26 | INFO | httpx._client:_send_single_request:1740 | HTTP Request: POST http://test/api/v1/ai/ucs/run "HTTP/1.1 404 Not Found"
2026-08-09 11:49:26 | WARNING | app.services.ucs_service:run_ucs:48 | UCS failed: Case ID 999999 not found.
2026-08-09 11:49:26 | INFO | httpx._client:_send_single_request:1740 | HTTP Request: POST http://test/api/v1/ai/ucs/run "HTTP/1.1 404 Not Found"
2026-08-09 11:49:53 | INFO | app.core.logging:setup_logging:54 | Logging initialized | env=development | debug=True
2026-08-09 11:50:02 | INFO | app.core.logging:setup_logging:54 | Logging initialized | env=development | debug=True
2026-08-09 11:50:03 | INFO | app.services.astar_service:run_astar:110 | Executing A* Search for Case ID 1 | Start: 'login' | Goal: 'usb_remove'
2026-08-09 11:50:03 | INFO | app.services.astar_service:run_astar:130 | A* Search Succeeded | Case ID: 1 | Start: 'login' | Goal: 'usb_remove' | Visited Nodes: 4 | Total Cost: 3.0000 | Heuristic Cost: 1.0000 | Time: 0.168 ms
2026-08-09 11:50:03 | INFO | httpx._client:_send_single_request:1740 | HTTP Request: POST http://test/api/v1/ai/astar/run "HTTP/1.1 200 OK"
2026-08-09 11:50:03 | INFO | app.services.astar_service:run_astar:110 | Executing A* Search for Case ID 1 | Start: 'login' | Goal: 'isolated_exfil'
2026-08-09 11:50:03 | WARNING | app.services.astar_service:run_astar:120 | A* Search completed: No path found between 'login' and 'isolated_exfil' in Case ID 1. Visited 5 nodes.
2026-08-09 11:50:03 | INFO | httpx._client:_send_single_request:1740 | HTTP Request: POST http://test/api/v1/ai/astar/run "HTTP/1.1 400 Bad Request"
2026-08-09 11:50:04 | WARNING | app.services.astar_service:run_astar:81 | A* Search failed: Start node 'non_existent_start' not found in Case 1.
2026-08-09 11:50:04 | INFO | httpx._client:_send_single_request:1740 | HTTP Request: POST http://test/api/v1/ai/astar/run "HTTP/1.1 404 Not Found"
2026-08-09 11:50:04 | WARNING | app.services.astar_service:run_astar:89 | A* Search failed: Goal node 'non_existent_goal' not found in Case 1.
2026-08-09 11:50:04 | INFO | httpx._client:_send_single_request:1740 | HTTP Request: POST http://test/api/v1/ai/astar/run "HTTP/1.1 404 Not Found"
2026-08-09 11:50:05 | WARNING | app.services.astar_service:run_astar:49 | A* Search failed: Case ID 999999 not found.
2026-08-09 11:50:05 | INFO | httpx._client:_send_single_request:1740 | HTTP Request: POST http://test/api/v1/ai/astar/run "HTTP/1.1 404 Not Found"
2026-08-09 11:50:06 | INFO | app.ai.backward_chaining:evaluate_goal:268 | Backward Chaining evaluated goal='DATA_EXFILTRATION' proven=False conf=0.0000 in 0.04ms
2026-08-09 11:50:06 | INFO | app.ai.backward_chaining:evaluate_goal:268 | Backward Chaining evaluated goal='PRIVILEGE_ESCALATION' proven=False conf=0.0000 in 0.03ms
2026-08-09 11:50:06 | INFO | app.ai.backward_chaining:evaluate_goal:268 | Backward Chaining evaluated goal='LATERAL_MOVEMENT' proven=False conf=0.0000 in 0.02ms
2026-08-09 11:50:06 | INFO | app.ai.backward_chaining:evaluate_goal:268 | Backward Chaining evaluated goal='DATA_EXFILTRATION' proven=False conf=0.0000 in 0.03ms
2026-08-09 11:50:06 | INFO | app.ai.backward_chaining:evaluate_goal:268 | Backward Chaining evaluated goal='PRIVILEGE_ESCALATION' proven=False conf=0.0000 in 0.03ms
2026-08-09 11:50:06 | INFO | app.ai.backward_chaining:evaluate_goal:268 | Backward Chaining evaluated goal='LATERAL_MOVEMENT' proven=False conf=0.0000 in 0.04ms
2026-08-09 11:50:06 | INFO | httpx._client:_send_single_request:1740 | HTTP Request: GET http://test/api/v1/cases/1/attack-path "HTTP/1.1 200 OK"
2026-08-09 11:50:06 | INFO | app.ai.backward_chaining:evaluate_goal:268 | Backward Chaining evaluated goal='DATA_EXFILTRATION' proven=False conf=0.0000 in 0.02ms
2026-08-09 11:50:06 | INFO | app.ai.backward_chaining:evaluate_goal:268 | Backward Chaining evaluated goal='PRIVILEGE_ESCALATION' proven=False conf=0.0000 in 0.02ms
2026-08-09 11:50:06 | INFO | app.ai.backward_chaining:evaluate_goal:268 | Backward Chaining evaluated goal='LATERAL_MOVEMENT' proven=False conf=0.0000 in 0.02ms
2026-08-09 11:50:06 | INFO | app.ai.backward_chaining:evaluate_goal:268 | Backward Chaining evaluated goal='DATA_EXFILTRATION' proven=False conf=0.0000 in 0.04ms
2026-08-09 11:50:06 | INFO | app.ai.backward_chaining:evaluate_goal:268 | Backward Chaining evaluated goal='PRIVILEGE_ESCALATION' proven=False conf=0.0000 in 0.03ms
2026-08-09 11:50:06 | INFO | app.ai.backward_chaining:evaluate_goal:268 | Backward Chaining evaluated goal='LATERAL_MOVEMENT' proven=False conf=0.0000 in 0.02ms
2026-08-09 11:50:06 | INFO | httpx._client:_send_single_request:1740 | HTTP Request: GET http://test/api/v1/cases/1/attack-paths "HTTP/1.1 200 OK"
2026-08-09 11:50:06 | INFO | app.ai.backward_chaining:evaluate_goal:268 | Backward Chaining evaluated goal='DATA_EXFILTRATION' proven=False conf=0.0000 in 0.02ms
2026-08-09 11:50:06 | INFO | app.ai.backward_chaining:evaluate_goal:268 | Backward Chaining evaluated goal='PRIVILEGE_ESCALATION' proven=False conf=0.0000 in 0.04ms
2026-08-09 11:50:06 | INFO | app.ai.backward_chaining:evaluate_goal:268 | Backward Chaining evaluated goal='LATERAL_MOVEMENT' proven=False conf=0.0000 in 0.04ms
2026-08-09 11:50:06 | INFO | app.ai.backward_chaining:evaluate_goal:268 | Backward Chaining evaluated goal='DATA_EXFILTRATION' proven=False conf=0.0000 in 0.02ms
2026-08-09 11:50:06 | INFO | app.ai.backward_chaining:evaluate_goal:268 | Backward Chaining evaluated goal='PRIVILEGE_ESCALATION' proven=False conf=0.0000 in 0.02ms
2026-08-09 11:50:06 | INFO | app.ai.backward_chaining:evaluate_goal:268 | Backward Chaining evaluated goal='LATERAL_MOVEMENT' proven=False conf=0.0000 in 0.02ms
2026-08-09 11:50:06 | INFO | httpx._client:_send_single_request:1740 | HTTP Request: GET http://test/api/attack-path/1 "HTTP/1.1 200 OK"
2026-08-09 11:50:06 | INFO | app.ai.backward_chaining:evaluate_goal:268 | Backward Chaining evaluated goal='DATA_EXFILTRATION' proven=True conf=1.0000 in 0.01ms
2026-08-09 11:50:06 | INFO | app.ai.backward_chaining:evaluate_goal:268 | Backward Chaining evaluated goal='DATA_EXFILTRATION' proven=True conf=0.9500 in 0.04ms
2026-08-09 11:50:06 | INFO | app.ai.backward_chaining:evaluate_goal:268 | Backward Chaining evaluated goal='DATA_EXFILTRATION' proven=True conf=0.9120 in 0.04ms
2026-08-09 11:50:06 | INFO | app.ai.backward_chaining:evaluate_goal:268 | Backward Chaining evaluated goal='DATA_EXFILTRATION' proven=False conf=0.0000 in 0.02ms
2026-08-09 11:50:06 | INFO | app.ai.backward_chaining:evaluate_goal:268 | Backward Chaining evaluated goal='DATA_EXFILTRATION' proven=False conf=0.0000 in 0.02ms
2026-08-09 11:50:06 | WARNING | app.ai.backward_chaining:_prove_goal:298 | Circular rule cycle detected for goal='GOAL_A' at depth=3
2026-08-09 11:50:06 | INFO | app.ai.backward_chaining:evaluate_goal:268 | Backward Chaining evaluated goal='GOAL_A' proven=False conf=0.0000 in 0.77ms
2026-08-09 11:50:06 | INFO | app.ai.backward_chaining:evaluate_goal:268 | Backward Chaining evaluated goal='DATA_EXFILTRATION' proven=True conf=0.9500 in 0.02ms
2026-08-09 11:50:06 | INFO | app.ai.backward_chaining:evaluate_goal:268 | Backward Chaining evaluated goal='DATA_EXFILTRATION' proven=True conf=0.9000 in 0.02ms
2026-08-09 11:50:06 | INFO | app.ai.backward_chaining:evaluate_goal:268 | Backward Chaining evaluated goal='UNKNOWN_NONEXISTENT_GOAL' proven=False conf=0.0000 in 0.00ms
2026-08-09 11:50:06 | INFO | app.ai.backward_chaining:evaluate_goal:268 | Backward Chaining evaluated goal='DATA_EXFILTRATION' proven=False conf=0.0000 in 0.02ms
2026-08-09 11:50:06 | INFO | app.ai.backward_chaining:evaluate_goal:268 | Backward Chaining evaluated goal='N_0' proven=True conf=0.5987 in 0.05ms
2026-08-09 11:50:06 | WARNING | app.ai.backward_chaining:_prove_goal:291 | Backward chaining max depth limit reached at depth=11 for goal='NODE_10'
2026-08-09 11:50:06 | INFO | app.ai.backward_chaining:evaluate_goal:268 | Backward Chaining evaluated goal='NODE_0' proven=False conf=0.0000 in 0.55ms
2026-08-09 11:50:07 | INFO | app.ai.backward_chaining:evaluate_goal:268 | Backward Chaining evaluated goal='DATA_EXFILTRATION' proven=True conf=0.8361 in 0.04ms
2026-08-09 11:50:07 | INFO | httpx._client:_send_single_request:1740 | HTTP Request: POST http://test/api/v1/ai/backward-chaining/run "HTTP/1.1 200 OK"
2026-08-09 11:50:07 | INFO | app.ai.backward_chaining:evaluate_goal:268 | Backward Chaining evaluated goal='PRIVILEGE_ESCALATION' proven=False conf=0.0000 in 0.03ms
2026-08-09 11:50:07 | INFO | httpx._client:_send_single_request:1740 | HTTP Request: POST http://test/api/backward-chaining/evaluate/1?goal=PRIVILEGE_ESCALATION "HTTP/1.1 200 OK"
2026-08-09 11:50:07 | INFO | httpx._client:_send_single_request:1740 | HTTP Request: POST http://test/api/v1/ai/backward-chaining/run "HTTP/1.1 400 Bad Request"
2026-08-09 11:50:07 | INFO | httpx._client:_send_single_request:1740 | HTTP Request: POST http://test/api/cases/ "HTTP/1.1 201 Created"
2026-08-09 11:50:08 | INFO | httpx._client:_send_single_request:1740 | HTTP Request: GET http://test/api/cases/?search=Malware "HTTP/1.1 200 OK"
2026-08-09 11:50:09 | INFO | httpx._client:_send_single_request:1740 | HTTP Request: POST http://test/api/evidence/upload "HTTP/1.1 201 Created"
2026-08-09 11:50:09 | INFO | httpx._client:_send_single_request:1740 | HTTP Request: POST http://test/api/parser/parse/1 "HTTP/1.1 202 Accepted"
2026-08-09 11:50:09 | INFO | httpx._client:_send_single_request:1740 | HTTP Request: POST http://test/api/normalize/1 "HTTP/1.1 202 Accepted"
2026-08-09 11:50:09 | INFO | httpx._client:_send_single_request:1740 | HTTP Request: POST http://test/api/graph/build/1 "HTTP/1.1 202 Accepted"
2026-08-09 11:50:09 | INFO | httpx._client:_send_single_request:1740 | HTTP Request: POST http://test/api/csp/validate/1 "HTTP/1.1 202 Accepted"
2026-08-09 11:50:09 | INFO | httpx._client:_send_single_request:1740 | HTTP Request: GET http://test/api/csp/status/1 "HTTP/1.1 200 OK"
2026-08-09 11:50:09 | INFO | httpx._client:_send_single_request:1740 | HTTP Request: GET http://test/api/csp/results/1 "HTTP/1.1 200 OK"
2026-08-09 11:50:10 | INFO | httpx._client:_send_single_request:1740 | HTTP Request: GET http://test/health "HTTP/1.1 200 OK"
2026-08-09 11:50:10 | INFO | httpx._client:_send_single_request:1740 | HTTP Request: GET http://test/api/v1/cases/1 "HTTP/1.1 404 Not Found"
2026-08-09 11:50:10 | INFO | app.ai.backward_chaining:evaluate_goal:268 | Backward Chaining evaluated goal='DATA_EXFILTRATION' proven=False conf=0.0000 in 0.01ms
2026-08-09 11:50:10 | INFO | app.ai.backward_chaining:evaluate_goal:268 | Backward Chaining evaluated goal='PRIVILEGE_ESCALATION' proven=False conf=0.0000 in 0.02ms
2026-08-09 11:50:10 | INFO | app.ai.backward_chaining:evaluate_goal:268 | Backward Chaining evaluated goal='LATERAL_MOVEMENT' proven=False conf=0.0000 in 0.02ms
2026-08-09 11:50:10 | INFO | app.ai.backward_chaining:evaluate_goal:268 | Backward Chaining evaluated goal='DATA_EXFILTRATION' proven=False conf=0.0000 in 0.02ms
2026-08-09 11:50:10 | INFO | app.ai.backward_chaining:evaluate_goal:268 | Backward Chaining evaluated goal='PRIVILEGE_ESCALATION' proven=False conf=0.0000 in 0.02ms
2026-08-09 11:50:10 | INFO | app.ai.backward_chaining:evaluate_goal:268 | Backward Chaining evaluated goal='LATERAL_MOVEMENT' proven=False conf=0.0000 in 0.02ms
2026-08-09 11:50:10 | INFO | app.ai.backward_chaining:evaluate_goal:268 | Backward Chaining evaluated goal='PERSISTENCE' proven=False conf=0.0000 in 0.01ms
2026-08-09 11:50:10 | INFO | app.ai.backward_chaining:evaluate_goal:268 | Backward Chaining evaluated goal='DATA_EXFILTRATION' proven=False conf=0.0000 in 0.02ms
2026-08-09 11:50:10 | INFO | app.ai.backward_chaining:evaluate_goal:268 | Backward Chaining evaluated goal='PRIVILEGE_ESCALATION' proven=False conf=0.0000 in 0.02ms
2026-08-09 11:50:10 | INFO | app.ai.backward_chaining:evaluate_goal:268 | Backward Chaining evaluated goal='LATERAL_MOVEMENT' proven=False conf=0.0000 in 0.02ms
2026-08-09 11:50:10 | INFO | app.ai.backward_chaining:evaluate_goal:268 | Backward Chaining evaluated goal='DATA_EXFILTRATION' proven=False conf=0.0000 in 0.02ms
2026-08-09 11:50:10 | INFO | app.ai.backward_chaining:evaluate_goal:268 | Backward Chaining evaluated goal='PRIVILEGE_ESCALATION' proven=False conf=0.0000 in 0.02ms
2026-08-09 11:50:10 | INFO | app.ai.backward_chaining:evaluate_goal:268 | Backward Chaining evaluated goal='LATERAL_MOVEMENT' proven=False conf=0.0000 in 0.02ms
2026-08-09 11:50:10 | INFO | app.ai.backward_chaining:evaluate_goal:268 | Backward Chaining evaluated goal='DATA_EXFILTRATION' proven=False conf=0.0000 in 0.02ms
2026-08-09 11:50:10 | INFO | app.ai.backward_chaining:evaluate_goal:268 | Backward Chaining evaluated goal='PRIVILEGE_ESCALATION' proven=False conf=0.0000 in 0.03ms
2026-08-09 11:50:10 | INFO | app.ai.backward_chaining:evaluate_goal:268 | Backward Chaining evaluated goal='LATERAL_MOVEMENT' proven=False conf=0.0000 in 0.03ms
2026-08-09 11:50:10 | INFO | app.ai.backward_chaining:evaluate_goal:268 | Backward Chaining evaluated goal='DATA_EXFILTRATION' proven=False conf=0.0000 in 0.02ms
2026-08-09 11:50:10 | INFO | app.ai.backward_chaining:evaluate_goal:268 | Backward Chaining evaluated goal='PRIVILEGE_ESCALATION' proven=False conf=0.0000 in 0.02ms
2026-08-09 11:50:10 | INFO | app.ai.backward_chaining:evaluate_goal:268 | Backward Chaining evaluated goal='LATERAL_MOVEMENT' proven=False conf=0.0000 in 0.02ms
2026-08-09 11:50:10 | INFO | app.ai.backward_chaining:evaluate_goal:268 | Backward Chaining evaluated goal='PERSISTENCE' proven=False conf=0.0000 in 0.02ms
2026-08-09 11:50:10 | INFO | app.ai.backward_chaining:evaluate_goal:268 | Backward Chaining evaluated goal='DATA_EXFILTRATION' proven=False conf=0.0000 in 0.02ms
2026-08-09 11:50:10 | INFO | app.ai.backward_chaining:evaluate_goal:268 | Backward Chaining evaluated goal='PRIVILEGE_ESCALATION' proven=False conf=0.0000 in 0.02ms
2026-08-09 11:50:10 | INFO | app.ai.backward_chaining:evaluate_goal:268 | Backward Chaining evaluated goal='LATERAL_MOVEMENT' proven=False conf=0.0000 in 0.03ms
2026-08-09 11:50:10 | INFO | app.ai.backward_chaining:evaluate_goal:268 | Backward Chaining evaluated goal='DATA_EXFILTRATION' proven=False conf=0.0000 in 0.03ms
2026-08-09 11:50:10 | INFO | app.ai.backward_chaining:evaluate_goal:268 | Backward Chaining evaluated goal='PRIVILEGE_ESCALATION' proven=False conf=0.0000 in 0.05ms
2026-08-09 11:50:10 | INFO | app.ai.backward_chaining:evaluate_goal:268 | Backward Chaining evaluated goal='LATERAL_MOVEMENT' proven=False conf=0.0000 in 0.04ms
2026-08-09 11:50:10 | INFO | app.ai.backward_chaining:evaluate_goal:268 | Backward Chaining evaluated goal='DATA_EXFILTRATION' proven=False conf=0.0000 in 0.03ms
2026-08-09 11:50:10 | INFO | app.ai.backward_chaining:evaluate_goal:268 | Backward Chaining evaluated goal='PRIVILEGE_ESCALATION' proven=False conf=0.0000 in 0.04ms
2026-08-09 11:50:10 | INFO | app.ai.backward_chaining:evaluate_goal:268 | Backward Chaining evaluated goal='LATERAL_MOVEMENT' proven=False conf=0.0000 in 0.03ms
2026-08-09 11:50:10 | INFO | app.ai.backward_chaining:evaluate_goal:268 | Backward Chaining evaluated goal='DATA_EXFILTRATION' proven=False conf=0.0000 in 0.02ms
2026-08-09 11:50:10 | INFO | app.ai.backward_chaining:evaluate_goal:268 | Backward Chaining evaluated goal='PRIVILEGE_ESCALATION' proven=False conf=0.0000 in 0.02ms
2026-08-09 11:50:10 | INFO | app.ai.backward_chaining:evaluate_goal:268 | Backward Chaining evaluated goal='LATERAL_MOVEMENT' proven=False conf=0.0000 in 0.02ms
2026-08-09 11:50:10 | INFO | app.ai.backward_chaining:evaluate_goal:268 | Backward Chaining evaluated goal='PERSISTENCE' proven=False conf=0.0000 in 0.02ms
2026-08-09 11:50:10 | INFO | app.ai.backward_chaining:evaluate_goal:268 | Backward Chaining evaluated goal='DATA_EXFILTRATION' proven=False conf=0.0000 in 0.03ms
2026-08-09 11:50:10 | INFO | app.ai.backward_chaining:evaluate_goal:268 | Backward Chaining evaluated goal='PRIVILEGE_ESCALATION' proven=False conf=0.0000 in 0.04ms
2026-08-09 11:50:10 | INFO | app.ai.backward_chaining:evaluate_goal:268 | Backward Chaining evaluated goal='LATERAL_MOVEMENT' proven=False conf=0.0000 in 0.03ms
2026-08-09 11:50:10 | INFO | app.ai.backward_chaining:evaluate_goal:268 | Backward Chaining evaluated goal='DATA_EXFILTRATION' proven=False conf=0.0000 in 0.03ms
2026-08-09 11:50:10 | INFO | app.ai.backward_chaining:evaluate_goal:268 | Backward Chaining evaluated goal='PRIVILEGE_ESCALATION' proven=False conf=0.0000 in 0.04ms
2026-08-09 11:50:10 | INFO | app.ai.backward_chaining:evaluate_goal:268 | Backward Chaining evaluated goal='LATERAL_MOVEMENT' proven=False conf=0.0000 in 0.04ms
2026-08-09 11:50:10 | INFO | app.ai.backward_chaining:evaluate_goal:268 | Backward Chaining evaluated goal='DATA_EXFILTRATION' proven=False conf=0.0000 in 0.02ms
2026-08-09 11:50:10 | INFO | app.ai.backward_chaining:evaluate_goal:268 | Backward Chaining evaluated goal='PRIVILEGE_ESCALATION' proven=False conf=0.0000 in 0.03ms
2026-08-09 11:50:10 | INFO | app.ai.backward_chaining:evaluate_goal:268 | Backward Chaining evaluated goal='LATERAL_MOVEMENT' proven=False conf=0.0000 in 0.04ms
2026-08-09 11:50:10 | INFO | app.ai.backward_chaining:evaluate_goal:268 | Backward Chaining evaluated goal='DATA_EXFILTRATION' proven=False conf=0.0000 in 0.02ms
2026-08-09 11:50:10 | INFO | app.ai.backward_chaining:evaluate_goal:268 | Backward Chaining evaluated goal='PRIVILEGE_ESCALATION' proven=False conf=0.0000 in 0.03ms
2026-08-09 11:50:10 | INFO | app.ai.backward_chaining:evaluate_goal:268 | Backward Chaining evaluated goal='LATERAL_MOVEMENT' proven=False conf=0.0000 in 0.03ms
2026-08-09 11:50:10 | INFO | app.ai.backward_chaining:evaluate_goal:268 | Backward Chaining evaluated goal='PERSISTENCE' proven=False conf=0.0000 in 0.02ms
2026-08-09 11:50:10 | INFO | app.ai.backward_chaining:evaluate_goal:268 | Backward Chaining evaluated goal='DATA_EXFILTRATION' proven=False conf=0.0000 in 0.04ms
2026-08-09 11:50:10 | INFO | app.ai.backward_chaining:evaluate_goal:268 | Backward Chaining evaluated goal='PRIVILEGE_ESCALATION' proven=False conf=0.0000 in 0.08ms
2026-08-09 11:50:10 | INFO | app.ai.backward_chaining:evaluate_goal:268 | Backward Chaining evaluated goal='LATERAL_MOVEMENT' proven=False conf=0.0000 in 0.03ms
2026-08-09 11:50:10 | INFO | app.ai.backward_chaining:evaluate_goal:268 | Backward Chaining evaluated goal='DATA_EXFILTRATION' proven=False conf=0.0000 in 0.04ms
2026-08-09 11:50:10 | INFO | app.ai.backward_chaining:evaluate_goal:268 | Backward Chaining evaluated goal='PRIVILEGE_ESCALATION' proven=False conf=0.0000 in 0.02ms
2026-08-09 11:50:10 | INFO | app.ai.backward_chaining:evaluate_goal:268 | Backward Chaining evaluated goal='LATERAL_MOVEMENT' proven=False conf=0.0000 in 0.02ms
2026-08-09 11:50:11 | INFO | httpx._client:_send_single_request:1740 | HTTP Request: POST http://test/api/v1/cases/1/reports "HTTP/1.1 201 Created"
2026-08-09 11:50:11 | INFO | httpx._client:_send_single_request:1740 | HTTP Request: GET http://test/api/v1/cases/1/reports/f98aaee7-bf3c-4282-b36e-e80244a19e86/download "HTTP/1.1 200 OK"
2026-08-09 11:50:11 | INFO | app.ai.backward_chaining:evaluate_goal:268 | Backward Chaining evaluated goal='DATA_EXFILTRATION' proven=False conf=0.0000 in 0.02ms
2026-08-09 11:50:11 | INFO | app.ai.backward_chaining:evaluate_goal:268 | Backward Chaining evaluated goal='PRIVILEGE_ESCALATION' proven=False conf=0.0000 in 0.02ms
2026-08-09 11:50:11 | INFO | app.ai.backward_chaining:evaluate_goal:268 | Backward Chaining evaluated goal='LATERAL_MOVEMENT' proven=False conf=0.0000 in 0.02ms
2026-08-09 11:50:11 | INFO | app.ai.backward_chaining:evaluate_goal:268 | Backward Chaining evaluated goal='DATA_EXFILTRATION' proven=False conf=0.0000 in 0.02ms
2026-08-09 11:50:11 | INFO | app.ai.backward_chaining:evaluate_goal:268 | Backward Chaining evaluated goal='PRIVILEGE_ESCALATION' proven=False conf=0.0000 in 0.02ms
2026-08-09 11:50:11 | INFO | app.ai.backward_chaining:evaluate_goal:268 | Backward Chaining evaluated goal='LATERAL_MOVEMENT' proven=False conf=0.0000 in 0.02ms
2026-08-09 11:50:11 | INFO | app.ai.backward_chaining:evaluate_goal:268 | Backward Chaining evaluated goal='PERSISTENCE' proven=False conf=0.0000 in 0.02ms
2026-08-09 11:50:11 | INFO | app.ai.backward_chaining:evaluate_goal:268 | Backward Chaining evaluated goal='DATA_EXFILTRATION' proven=False conf=0.0000 in 0.02ms
2026-08-09 11:50:11 | INFO | app.ai.backward_chaining:evaluate_goal:268 | Backward Chaining evaluated goal='PRIVILEGE_ESCALATION' proven=False conf=0.0000 in 0.02ms
2026-08-09 11:50:11 | INFO | app.ai.backward_chaining:evaluate_goal:268 | Backward Chaining evaluated goal='LATERAL_MOVEMENT' proven=False conf=0.0000 in 0.02ms
2026-08-09 11:50:11 | INFO | app.ai.backward_chaining:evaluate_goal:268 | Backward Chaining evaluated goal='DATA_EXFILTRATION' proven=False conf=0.0000 in 0.03ms
2026-08-09 11:50:11 | INFO | app.ai.backward_chaining:evaluate_goal:268 | Backward Chaining evaluated goal='PRIVILEGE_ESCALATION' proven=False conf=0.0000 in 0.03ms
2026-08-09 11:50:11 | INFO | app.ai.backward_chaining:evaluate_goal:268 | Backward Chaining evaluated goal='LATERAL_MOVEMENT' proven=False conf=0.0000 in 0.02ms
2026-08-09 11:50:11 | INFO | app.ai.backward_chaining:evaluate_goal:268 | Backward Chaining evaluated goal='DATA_EXFILTRATION' proven=False conf=0.0000 in 0.03ms
2026-08-09 11:50:11 | INFO | app.ai.backward_chaining:evaluate_goal:268 | Backward Chaining evaluated goal='PRIVILEGE_ESCALATION' proven=False conf=0.0000 in 0.04ms
2026-08-09 11:50:11 | INFO | app.ai.backward_chaining:evaluate_goal:268 | Backward Chaining evaluated goal='LATERAL_MOVEMENT' proven=False conf=0.0000 in 0.02ms
2026-08-09 11:50:11 | INFO | app.ai.backward_chaining:evaluate_goal:268 | Backward Chaining evaluated goal='DATA_EXFILTRATION' proven=False conf=0.0000 in 0.03ms
2026-08-09 11:50:11 | INFO | app.ai.backward_chaining:evaluate_goal:268 | Backward Chaining evaluated goal='PRIVILEGE_ESCALATION' proven=False conf=0.0000 in 0.04ms
2026-08-09 11:50:11 | INFO | app.ai.backward_chaining:evaluate_goal:268 | Backward Chaining evaluated goal='LATERAL_MOVEMENT' proven=False conf=0.0000 in 0.03ms
2026-08-09 11:50:11 | INFO | app.ai.backward_chaining:evaluate_goal:268 | Backward Chaining evaluated goal='PERSISTENCE' proven=False conf=0.0000 in 0.03ms
2026-08-09 11:50:11 | INFO | app.ai.backward_chaining:evaluate_goal:268 | Backward Chaining evaluated goal='DATA_EXFILTRATION' proven=False conf=0.0000 in 0.03ms
2026-08-09 11:50:11 | INFO | app.ai.backward_chaining:evaluate_goal:268 | Backward Chaining evaluated goal='PRIVILEGE_ESCALATION' proven=False conf=0.0000 in 0.03ms
2026-08-09 11:50:11 | INFO | app.ai.backward_chaining:evaluate_goal:268 | Backward Chaining evaluated goal='LATERAL_MOVEMENT' proven=False conf=0.0000 in 0.05ms
2026-08-09 11:50:11 | INFO | app.ai.backward_chaining:evaluate_goal:268 | Backward Chaining evaluated goal='DATA_EXFILTRATION' proven=False conf=0.0000 in 0.03ms
2026-08-09 11:50:11 | INFO | app.ai.backward_chaining:evaluate_goal:268 | Backward Chaining evaluated goal='PRIVILEGE_ESCALATION' proven=False conf=0.0000 in 0.04ms
2026-08-09 11:50:11 | INFO | app.ai.backward_chaining:evaluate_goal:268 | Backward Chaining evaluated goal='LATERAL_MOVEMENT' proven=False conf=0.0000 in 0.07ms
2026-08-09 11:50:11 | INFO | httpx._client:_send_single_request:1740 | HTTP Request: POST http://test/api/v1/cases/1/reports "HTTP/1.1 201 Created"
2026-08-09 11:50:11 | INFO | httpx._client:_send_single_request:1740 | HTTP Request: GET http://test/api/v1/cases/1/reports/3bb1b78b-7fc3-41b4-8a04-255df88585af/download "HTTP/1.1 200 OK"
2026-08-09 11:50:12 | INFO | app.ai.backward_chaining:evaluate_goal:268 | Backward Chaining evaluated goal='DATA_EXFILTRATION' proven=False conf=0.0000 in 0.02ms
2026-08-09 11:50:12 | INFO | app.ai.backward_chaining:evaluate_goal:268 | Backward Chaining evaluated goal='PRIVILEGE_ESCALATION' proven=False conf=0.0000 in 0.02ms
2026-08-09 11:50:12 | INFO | app.ai.backward_chaining:evaluate_goal:268 | Backward Chaining evaluated goal='LATERAL_MOVEMENT' proven=False conf=0.0000 in 0.02ms
2026-08-09 11:50:12 | INFO | app.ai.backward_chaining:evaluate_goal:268 | Backward Chaining evaluated goal='PERSISTENCE' proven=False conf=0.0000 in 0.02ms
2026-08-09 11:50:12 | INFO | app.ai.backward_chaining:evaluate_goal:268 | Backward Chaining evaluated goal='DATA_EXFILTRATION' proven=False conf=0.0000 in 0.02ms
2026-08-09 11:50:12 | INFO | app.ai.backward_chaining:evaluate_goal:268 | Backward Chaining evaluated goal='PRIVILEGE_ESCALATION' proven=False conf=0.0000 in 0.02ms
2026-08-09 11:50:12 | INFO | app.ai.backward_chaining:evaluate_goal:268 | Backward Chaining evaluated goal='LATERAL_MOVEMENT' proven=False conf=0.0000 in 0.02ms
2026-08-09 11:50:12 | INFO | app.ai.backward_chaining:evaluate_goal:268 | Backward Chaining evaluated goal='PERSISTENCE' proven=False conf=0.0000 in 0.02ms
2026-08-09 11:50:12 | INFO | app.ai.backward_chaining:evaluate_goal:268 | Backward Chaining evaluated goal='DATA_EXFILTRATION' proven=False conf=0.0000 in 0.02ms
2026-08-09 11:50:12 | INFO | app.ai.backward_chaining:evaluate_goal:268 | Backward Chaining evaluated goal='PRIVILEGE_ESCALATION' proven=False conf=0.0000 in 0.02ms
2026-08-09 11:50:12 | INFO | app.ai.backward_chaining:evaluate_goal:268 | Backward Chaining evaluated goal='LATERAL_MOVEMENT' proven=False conf=0.0000 in 0.02ms
2026-08-09 11:50:12 | INFO | app.ai.backward_chaining:evaluate_goal:268 | Backward Chaining evaluated goal='PERSISTENCE' proven=False conf=0.0000 in 0.02ms
2026-08-09 11:50:13 | INFO | httpx._client:_send_single_request:1740 | HTTP Request: GET http://test/api/v1/cases/1/reports/history "HTTP/1.1 401 Unauthorized"
2026-08-09 11:50:13 | INFO | httpx._client:_send_single_request:1740 | HTTP Request: GET http://test/api/v1/cases/1/reports/history "HTTP/1.1 401 Unauthorized"
2026-08-09 11:50:14 | INFO | app.ai.backward_chaining:evaluate_goal:268 | Backward Chaining evaluated goal='DATA_EXFILTRATION' proven=False conf=0.0000 in 0.02ms
2026-08-09 11:50:14 | INFO | app.ai.backward_chaining:evaluate_goal:268 | Backward Chaining evaluated goal='PRIVILEGE_ESCALATION' proven=False conf=0.0000 in 0.02ms
2026-08-09 11:50:14 | INFO | app.ai.backward_chaining:evaluate_goal:268 | Backward Chaining evaluated goal='LATERAL_MOVEMENT' proven=False conf=0.0000 in 0.02ms
2026-08-09 11:50:14 | INFO | app.ai.backward_chaining:evaluate_goal:268 | Backward Chaining evaluated goal='DATA_EXFILTRATION' proven=False conf=0.0000 in 0.02ms
2026-08-09 11:50:14 | INFO | app.ai.backward_chaining:evaluate_goal:268 | Backward Chaining evaluated goal='PRIVILEGE_ESCALATION' proven=False conf=0.0000 in 0.02ms
2026-08-09 11:50:14 | INFO | app.ai.backward_chaining:evaluate_goal:268 | Backward Chaining evaluated goal='LATERAL_MOVEMENT' proven=False conf=0.0000 in 0.02ms
2026-08-09 11:50:14 | INFO | app.ai.backward_chaining:evaluate_goal:268 | Backward Chaining evaluated goal='PERSISTENCE' proven=False conf=0.0000 in 0.02ms
2026-08-09 11:50:14 | INFO | app.ai.backward_chaining:evaluate_goal:268 | Backward Chaining evaluated goal='DATA_EXFILTRATION' proven=False conf=0.0000 in 0.05ms
2026-08-09 11:50:14 | INFO | app.ai.backward_chaining:evaluate_goal:268 | Backward Chaining evaluated goal='PRIVILEGE_ESCALATION' proven=False conf=0.0000 in 0.02ms
2026-08-09 11:50:14 | INFO | app.ai.backward_chaining:evaluate_goal:268 | Backward Chaining evaluated goal='LATERAL_MOVEMENT' proven=False conf=0.0000 in 0.02ms
2026-08-09 11:50:14 | INFO | app.ai.backward_chaining:evaluate_goal:268 | Backward Chaining evaluated goal='DATA_EXFILTRATION' proven=False conf=0.0000 in 0.02ms
2026-08-09 11:50:14 | INFO | app.ai.backward_chaining:evaluate_goal:268 | Backward Chaining evaluated goal='PRIVILEGE_ESCALATION' proven=False conf=0.0000 in 0.02ms
2026-08-09 11:50:14 | INFO | app.ai.backward_chaining:evaluate_goal:268 | Backward Chaining evaluated goal='LATERAL_MOVEMENT' proven=False conf=0.0000 in 0.02ms
2026-08-09 11:50:14 | INFO | httpx._client:_send_single_request:1740 | HTTP Request: POST http://test/api/evidence/upload "HTTP/1.1 201 Created"
2026-08-09 11:50:15 | INFO | httpx._client:_send_single_request:1740 | HTTP Request: POST http://test/api/evidence/upload "HTTP/1.1 400 Bad Request"
2026-08-09 11:50:16 | INFO | httpx._client:_send_single_request:1740 | HTTP Request: POST http://test/api/evidence/upload "HTTP/1.1 201 Created"
2026-08-09 11:50:16 | INFO | httpx._client:_send_single_request:1740 | HTTP Request: POST http://test/api/evidence/upload "HTTP/1.1 409 Conflict"
2026-08-09 11:50:16 | INFO | app.services.forward_chaining_service:run_forward_chaining:135 | Running Forward Chaining for Case ID 1 with 6 initial fact(s).
2026-08-09 11:50:16 | INFO | app.services.forward_chaining_service:run_forward_chaining:151 | Forward Chaining completed for Case ID 1 | Fired Rules: 2 | Derived Facts: 4 | Time: 0.040 ms
2026-08-09 11:50:16 | INFO | httpx._client:_send_single_request:1740 | HTTP Request: POST http://test/api/v1/ai/forward-chaining/run "HTTP/1.1 200 OK"
2026-08-09 11:50:16 | WARNING | app.services.forward_chaining_service:run_forward_chaining:49 | Forward Chaining failed: Case ID 999999 not found.
2026-08-09 11:50:16 | INFO | httpx._client:_send_single_request:1740 | HTTP Request: POST http://test/api/v1/ai/forward-chaining/run "HTTP/1.1 404 Not Found"
2026-08-09 11:50:17 | INFO | httpx._client:_send_single_request:1740 | HTTP Request: POST http://test/api/evidence/upload "HTTP/1.1 201 Created"
2026-08-09 11:50:17 | INFO | httpx._client:_send_single_request:1740 | HTTP Request: POST http://test/api/parser/parse/1 "HTTP/1.1 202 Accepted"
2026-08-09 11:50:17 | INFO | httpx._client:_send_single_request:1740 | HTTP Request: POST http://test/api/normalize/1 "HTTP/1.1 202 Accepted"
2026-08-09 11:50:17 | INFO | httpx._client:_send_single_request:1740 | HTTP Request: POST http://test/api/graph/build/1 "HTTP/1.1 202 Accepted"
2026-08-09 11:50:17 | INFO | httpx._client:_send_single_request:1740 | HTTP Request: GET http://test/api/graph/1 "HTTP/1.1 200 OK"
2026-08-09 11:50:17 | INFO | httpx._client:_send_single_request:1740 | HTTP Request: GET http://test/api/graph/statistics/1 "HTTP/1.1 200 OK"
2026-08-09 11:50:18 | INFO | app.ai.backward_chaining:evaluate_goal:268 | Backward Chaining evaluated goal='DATA_EXFILTRATION' proven=False conf=0.0000 in 0.02ms
2026-08-09 11:50:18 | INFO | app.ai.backward_chaining:evaluate_goal:268 | Backward Chaining evaluated goal='PRIVILEGE_ESCALATION' proven=False conf=0.0000 in 0.02ms
2026-08-09 11:50:18 | INFO | app.ai.backward_chaining:evaluate_goal:268 | Backward Chaining evaluated goal='LATERAL_MOVEMENT' proven=False conf=0.0000 in 0.03ms
2026-08-09 11:50:18 | INFO | app.ai.backward_chaining:evaluate_goal:268 | Backward Chaining evaluated goal='DATA_EXFILTRATION' proven=False conf=0.0000 in 0.02ms
2026-08-09 11:50:18 | INFO | app.ai.backward_chaining:evaluate_goal:268 | Backward Chaining evaluated goal='PRIVILEGE_ESCALATION' proven=False conf=0.0000 in 0.02ms
2026-08-09 11:50:18 | INFO | app.ai.backward_chaining:evaluate_goal:268 | Backward Chaining evaluated goal='LATERAL_MOVEMENT' proven=False conf=0.0000 in 0.02ms
2026-08-09 11:50:18 | INFO | app.ai.backward_chaining:evaluate_goal:268 | Backward Chaining evaluated goal='PERSISTENCE' proven=False conf=0.0000 in 0.02ms
2026-08-09 11:50:18 | INFO | app.ai.backward_chaining:evaluate_goal:268 | Backward Chaining evaluated goal='DATA_EXFILTRATION' proven=False conf=0.0000 in 0.02ms
2026-08-09 11:50:18 | INFO | app.ai.backward_chaining:evaluate_goal:268 | Backward Chaining evaluated goal='PRIVILEGE_ESCALATION' proven=False conf=0.0000 in 0.02ms
2026-08-09 11:50:18 | INFO | app.ai.backward_chaining:evaluate_goal:268 | Backward Chaining evaluated goal='LATERAL_MOVEMENT' proven=False conf=0.0000 in 0.02ms
2026-08-09 11:50:18 | INFO | app.ai.backward_chaining:evaluate_goal:268 | Backward Chaining evaluated goal='DATA_EXFILTRATION' proven=False conf=0.0000 in 0.02ms
2026-08-09 11:50:18 | INFO | app.ai.backward_chaining:evaluate_goal:268 | Backward Chaining evaluated goal='PRIVILEGE_ESCALATION' proven=False conf=0.0000 in 0.02ms
2026-08-09 11:50:18 | INFO | app.ai.backward_chaining:evaluate_goal:268 | Backward Chaining evaluated goal='LATERAL_MOVEMENT' proven=False conf=0.0000 in 0.02ms
2026-08-09 11:50:18 | INFO | httpx._client:_send_single_request:1740 | HTTP Request: GET http://test/api/v1/cases/1/investigation-summary "HTTP/1.1 200 OK"
2026-08-09 11:50:18 | INFO | app.ai.backward_chaining:evaluate_goal:268 | Backward Chaining evaluated goal='DATA_EXFILTRATION' proven=False conf=0.0000 in 0.02ms
2026-08-09 11:50:18 | INFO | app.ai.backward_chaining:evaluate_goal:268 | Backward Chaining evaluated goal='PRIVILEGE_ESCALATION' proven=False conf=0.0000 in 0.02ms
2026-08-09 11:50:18 | INFO | app.ai.backward_chaining:evaluate_goal:268 | Backward Chaining evaluated goal='LATERAL_MOVEMENT' proven=False conf=0.0000 in 0.03ms
2026-08-09 11:50:18 | INFO | app.ai.backward_chaining:evaluate_goal:268 | Backward Chaining evaluated goal='DATA_EXFILTRATION' proven=False conf=0.0000 in 0.02ms
2026-08-09 11:50:18 | INFO | app.ai.backward_chaining:evaluate_goal:268 | Backward Chaining evaluated goal='PRIVILEGE_ESCALATION' proven=False conf=0.0000 in 0.02ms
2026-08-09 11:50:18 | INFO | app.ai.backward_chaining:evaluate_goal:268 | Backward Chaining evaluated goal='LATERAL_MOVEMENT' proven=False conf=0.0000 in 0.03ms
2026-08-09 11:50:18 | INFO | app.ai.backward_chaining:evaluate_goal:268 | Backward Chaining evaluated goal='PERSISTENCE' proven=False conf=0.0000 in 0.02ms
2026-08-09 11:50:18 | INFO | app.ai.backward_chaining:evaluate_goal:268 | Backward Chaining evaluated goal='DATA_EXFILTRATION' proven=False conf=0.0000 in 0.02ms
2026-08-09 11:50:18 | INFO | app.ai.backward_chaining:evaluate_goal:268 | Backward Chaining evaluated goal='PRIVILEGE_ESCALATION' proven=False conf=0.0000 in 0.02ms
2026-08-09 11:50:18 | INFO | app.ai.backward_chaining:evaluate_goal:268 | Backward Chaining evaluated goal='LATERAL_MOVEMENT' proven=False conf=0.0000 in 0.02ms
2026-08-09 11:50:18 | INFO | app.ai.backward_chaining:evaluate_goal:268 | Backward Chaining evaluated goal='DATA_EXFILTRATION' proven=False conf=0.0000 in 0.02ms
2026-08-09 11:50:18 | INFO | app.ai.backward_chaining:evaluate_goal:268 | Backward Chaining evaluated goal='PRIVILEGE_ESCALATION' proven=False conf=0.0000 in 0.02ms
2026-08-09 11:50:18 | INFO | app.ai.backward_chaining:evaluate_goal:268 | Backward Chaining evaluated goal='LATERAL_MOVEMENT' proven=False conf=0.0000 in 0.02ms
2026-08-09 11:50:18 | INFO | httpx._client:_send_single_request:1740 | HTTP Request: GET http://test/api/investigation-summary/1 "HTTP/1.1 200 OK"
2026-08-09 11:50:19 | INFO | httpx._client:_send_single_request:1740 | HTTP Request: POST http://test/api/evidence/upload "HTTP/1.1 201 Created"
2026-08-09 11:50:19 | INFO | httpx._client:_send_single_request:1740 | HTTP Request: POST http://test/api/parser/parse/1 "HTTP/1.1 202 Accepted"
2026-08-09 11:50:19 | INFO | httpx._client:_send_single_request:1740 | HTTP Request: POST http://test/api/normalize/1 "HTTP/1.1 202 Accepted"
2026-08-09 11:50:19 | INFO | httpx._client:_send_single_request:1740 | HTTP Request: GET http://test/api/normalized-events/1 "HTTP/1.1 200 OK"
2026-08-09 11:50:20 | INFO | httpx._client:_send_single_request:1740 | HTTP Request: POST http://test/api/evidence/upload "HTTP/1.1 201 Created"
2026-08-09 11:50:20 | INFO | httpx._client:_send_single_request:1740 | HTTP Request: POST http://test/api/parser/parse/1 "HTTP/1.1 202 Accepted"
2026-08-09 11:50:20 | INFO | httpx._client:_send_single_request:1740 | HTTP Request: GET http://test/api/parser/events/case/1 "HTTP/1.1 200 OK"
2026-08-09 11:50:20 | INFO | app.ai.backward_chaining:evaluate_goal:268 | Backward Chaining evaluated goal='DATA_EXFILTRATION' proven=False conf=0.0000 in 0.02ms
2026-08-09 11:50:20 | INFO | app.ai.backward_chaining:evaluate_goal:268 | Backward Chaining evaluated goal='PRIVILEGE_ESCALATION' proven=False conf=0.0000 in 0.02ms
2026-08-09 11:50:20 | INFO | app.ai.backward_chaining:evaluate_goal:268 | Backward Chaining evaluated goal='LATERAL_MOVEMENT' proven=False conf=0.0000 in 0.02ms
2026-08-09 11:50:20 | INFO | app.ai.backward_chaining:evaluate_goal:268 | Backward Chaining evaluated goal='DATA_EXFILTRATION' proven=False conf=0.0000 in 0.02ms
2026-08-09 11:50:20 | INFO | app.ai.backward_chaining:evaluate_goal:268 | Backward Chaining evaluated goal='PRIVILEGE_ESCALATION' proven=False conf=0.0000 in 0.03ms
2026-08-09 11:50:20 | INFO | app.ai.backward_chaining:evaluate_goal:268 | Backward Chaining evaluated goal='LATERAL_MOVEMENT' proven=False conf=0.0000 in 0.02ms
2026-08-09 11:50:20 | INFO | app.ai.backward_chaining:evaluate_goal:268 | Backward Chaining evaluated goal='PERSISTENCE' proven=False conf=0.0000 in 0.02ms
2026-08-09 11:50:20 | INFO | app.ai.backward_chaining:evaluate_goal:268 | Backward Chaining evaluated goal='DATA_EXFILTRATION' proven=False conf=0.0000 in 0.02ms
2026-08-09 11:50:20 | INFO | app.ai.backward_chaining:evaluate_goal:268 | Backward Chaining evaluated goal='PRIVILEGE_ESCALATION' proven=False conf=0.0000 in 0.04ms
2026-08-09 11:50:20 | INFO | app.ai.backward_chaining:evaluate_goal:268 | Backward Chaining evaluated goal='LATERAL_MOVEMENT' proven=False conf=0.0000 in 0.05ms
2026-08-09 11:50:20 | INFO | app.ai.backward_chaining:evaluate_goal:268 | Backward Chaining evaluated goal='DATA_EXFILTRATION' proven=False conf=0.0000 in 0.02ms
2026-08-09 11:50:20 | INFO | app.ai.backward_chaining:evaluate_goal:268 | Backward Chaining evaluated goal='PRIVILEGE_ESCALATION' proven=False conf=0.0000 in 0.02ms
2026-08-09 11:50:20 | INFO | app.ai.backward_chaining:evaluate_goal:268 | Backward Chaining evaluated goal='LATERAL_MOVEMENT' proven=False conf=0.0000 in 0.02ms
2026-08-09 11:50:20 | INFO | app.ai.backward_chaining:evaluate_goal:268 | Backward Chaining evaluated goal='DATA_EXFILTRATION' proven=False conf=0.0000 in 0.02ms
2026-08-09 11:50:20 | INFO | app.ai.backward_chaining:evaluate_goal:268 | Backward Chaining evaluated goal='PRIVILEGE_ESCALATION' proven=False conf=0.0000 in 0.03ms
2026-08-09 11:50:20 | INFO | app.ai.backward_chaining:evaluate_goal:268 | Backward Chaining evaluated goal='LATERAL_MOVEMENT' proven=False conf=0.0000 in 0.03ms
2026-08-09 11:50:20 | INFO | app.ai.backward_chaining:evaluate_goal:268 | Backward Chaining evaluated goal='DATA_EXFILTRATION' proven=False conf=0.0000 in 0.03ms
2026-08-09 11:50:20 | INFO | app.ai.backward_chaining:evaluate_goal:268 | Backward Chaining evaluated goal='PRIVILEGE_ESCALATION' proven=False conf=0.0000 in 0.03ms
2026-08-09 11:50:20 | INFO | app.ai.backward_chaining:evaluate_goal:268 | Backward Chaining evaluated goal='LATERAL_MOVEMENT' proven=False conf=0.0000 in 0.02ms
2026-08-09 11:50:20 | INFO | app.ai.backward_chaining:evaluate_goal:268 | Backward Chaining evaluated goal='PERSISTENCE' proven=False conf=0.0000 in 0.02ms
2026-08-09 11:50:20 | INFO | app.ai.backward_chaining:evaluate_goal:268 | Backward Chaining evaluated goal='DATA_EXFILTRATION' proven=False conf=0.0000 in 0.02ms
2026-08-09 11:50:20 | INFO | app.ai.backward_chaining:evaluate_goal:268 | Backward Chaining evaluated goal='PRIVILEGE_ESCALATION' proven=False conf=0.0000 in 0.02ms
2026-08-09 11:50:20 | INFO | app.ai.backward_chaining:evaluate_goal:268 | Backward Chaining evaluated goal='LATERAL_MOVEMENT' proven=False conf=0.0000 in 0.02ms
2026-08-09 11:50:20 | INFO | app.ai.backward_chaining:evaluate_goal:268 | Backward Chaining evaluated goal='DATA_EXFILTRATION' proven=False conf=0.0000 in 0.02ms
2026-08-09 11:50:20 | INFO | app.ai.backward_chaining:evaluate_goal:268 | Backward Chaining evaluated goal='PRIVILEGE_ESCALATION' proven=False conf=0.0000 in 0.02ms
2026-08-09 11:50:20 | INFO | app.ai.backward_chaining:evaluate_goal:268 | Backward Chaining evaluated goal='LATERAL_MOVEMENT' proven=False conf=0.0000 in 0.02ms
2026-08-09 11:50:21 | INFO | app.ai.backward_chaining:evaluate_goal:268 | Backward Chaining evaluated goal='DATA_EXFILTRATION' proven=False conf=0.0000 in 0.03ms
2026-08-09 11:50:21 | INFO | app.ai.backward_chaining:evaluate_goal:268 | Backward Chaining evaluated goal='PRIVILEGE_ESCALATION' proven=False conf=0.0000 in 0.03ms
2026-08-09 11:50:21 | INFO | app.ai.backward_chaining:evaluate_goal:268 | Backward Chaining evaluated goal='LATERAL_MOVEMENT' proven=False conf=0.0000 in 0.02ms
2026-08-09 11:50:21 | INFO | app.ai.backward_chaining:evaluate_goal:268 | Backward Chaining evaluated goal='DATA_EXFILTRATION' proven=False conf=0.0000 in 0.02ms
2026-08-09 11:50:21 | INFO | app.ai.backward_chaining:evaluate_goal:268 | Backward Chaining evaluated goal='PRIVILEGE_ESCALATION' proven=False conf=0.0000 in 0.02ms
2026-08-09 11:50:21 | INFO | app.ai.backward_chaining:evaluate_goal:268 | Backward Chaining evaluated goal='LATERAL_MOVEMENT' proven=False conf=0.0000 in 0.02ms
2026-08-09 11:50:21 | INFO | app.ai.backward_chaining:evaluate_goal:268 | Backward Chaining evaluated goal='PERSISTENCE' proven=False conf=0.0000 in 0.02ms
2026-08-09 11:50:21 | INFO | app.ai.backward_chaining:evaluate_goal:268 | Backward Chaining evaluated goal='DATA_EXFILTRATION' proven=False conf=0.0000 in 0.03ms
2026-08-09 11:50:21 | INFO | app.ai.backward_chaining:evaluate_goal:268 | Backward Chaining evaluated goal='PRIVILEGE_ESCALATION' proven=False conf=0.0000 in 0.04ms
2026-08-09 11:50:21 | INFO | app.ai.backward_chaining:evaluate_goal:268 | Backward Chaining evaluated goal='LATERAL_MOVEMENT' proven=False conf=0.0000 in 0.03ms
2026-08-09 11:50:21 | INFO | app.ai.backward_chaining:evaluate_goal:268 | Backward Chaining evaluated goal='DATA_EXFILTRATION' proven=False conf=0.0000 in 0.02ms
2026-08-09 11:50:21 | INFO | app.ai.backward_chaining:evaluate_goal:268 | Backward Chaining evaluated goal='PRIVILEGE_ESCALATION' proven=False conf=0.0000 in 0.03ms
2026-08-09 11:50:21 | INFO | app.ai.backward_chaining:evaluate_goal:268 | Backward Chaining evaluated goal='LATERAL_MOVEMENT' proven=False conf=0.0000 in 0.02ms
2026-08-09 11:50:21 | INFO | app.ai.backward_chaining:evaluate_goal:268 | Backward Chaining evaluated goal='DATA_EXFILTRATION' proven=False conf=0.0000 in 0.02ms
2026-08-09 11:50:21 | INFO | app.ai.backward_chaining:evaluate_goal:268 | Backward Chaining evaluated goal='PRIVILEGE_ESCALATION' proven=False conf=0.0000 in 0.02ms
2026-08-09 11:50:21 | INFO | app.ai.backward_chaining:evaluate_goal:268 | Backward Chaining evaluated goal='LATERAL_MOVEMENT' proven=False conf=0.0000 in 0.02ms
2026-08-09 11:50:21 | INFO | app.ai.backward_chaining:evaluate_goal:268 | Backward Chaining evaluated goal='DATA_EXFILTRATION' proven=False conf=0.0000 in 0.02ms
2026-08-09 11:50:21 | INFO | app.ai.backward_chaining:evaluate_goal:268 | Backward Chaining evaluated goal='PRIVILEGE_ESCALATION' proven=False conf=0.0000 in 0.02ms
2026-08-09 11:50:21 | INFO | app.ai.backward_chaining:evaluate_goal:268 | Backward Chaining evaluated goal='LATERAL_MOVEMENT' proven=False conf=0.0000 in 0.02ms
2026-08-09 11:50:21 | INFO | app.ai.backward_chaining:evaluate_goal:268 | Backward Chaining evaluated goal='PERSISTENCE' proven=False conf=0.0000 in 0.02ms
2026-08-09 11:50:21 | INFO | app.ai.backward_chaining:evaluate_goal:268 | Backward Chaining evaluated goal='DATA_EXFILTRATION' proven=False conf=0.0000 in 0.02ms
2026-08-09 11:50:21 | INFO | app.ai.backward_chaining:evaluate_goal:268 | Backward Chaining evaluated goal='PRIVILEGE_ESCALATION' proven=False conf=0.0000 in 0.04ms
2026-08-09 11:50:21 | INFO | app.ai.backward_chaining:evaluate_goal:268 | Backward Chaining evaluated goal='LATERAL_MOVEMENT' proven=False conf=0.0000 in 0.04ms
2026-08-09 11:50:21 | INFO | app.ai.backward_chaining:evaluate_goal:268 | Backward Chaining evaluated goal='DATA_EXFILTRATION' proven=False conf=0.0000 in 0.02ms
2026-08-09 11:50:21 | INFO | app.ai.backward_chaining:evaluate_goal:268 | Backward Chaining evaluated goal='PRIVILEGE_ESCALATION' proven=False conf=0.0000 in 0.02ms
2026-08-09 11:50:21 | INFO | app.ai.backward_chaining:evaluate_goal:268 | Backward Chaining evaluated goal='LATERAL_MOVEMENT' proven=False conf=0.0000 in 0.02ms
2026-08-09 11:50:22 | INFO | app.ai.backward_chaining:evaluate_goal:268 | Backward Chaining evaluated goal='DATA_EXFILTRATION' proven=False conf=0.0000 in 0.02ms
2026-08-09 11:50:22 | INFO | app.ai.backward_chaining:evaluate_goal:268 | Backward Chaining evaluated goal='PRIVILEGE_ESCALATION' proven=False conf=0.0000 in 0.02ms
2026-08-09 11:50:22 | INFO | app.ai.backward_chaining:evaluate_goal:268 | Backward Chaining evaluated goal='LATERAL_MOVEMENT' proven=False conf=0.0000 in 0.02ms
2026-08-09 11:50:22 | INFO | app.ai.backward_chaining:evaluate_goal:268 | Backward Chaining evaluated goal='DATA_EXFILTRATION' proven=False conf=0.0000 in 0.02ms
2026-08-09 11:50:22 | INFO | app.ai.backward_chaining:evaluate_goal:268 | Backward Chaining evaluated goal='PRIVILEGE_ESCALATION' proven=False conf=0.0000 in 0.02ms
2026-08-09 11:50:22 | INFO | app.ai.backward_chaining:evaluate_goal:268 | Backward Chaining evaluated goal='LATERAL_MOVEMENT' proven=False conf=0.0000 in 0.02ms
2026-08-09 11:50:22 | INFO | app.ai.backward_chaining:evaluate_goal:268 | Backward Chaining evaluated goal='PERSISTENCE' proven=False conf=0.0000 in 0.02ms
2026-08-09 11:50:22 | INFO | app.ai.backward_chaining:evaluate_goal:268 | Backward Chaining evaluated goal='DATA_EXFILTRATION' proven=False conf=0.0000 in 0.02ms
2026-08-09 11:50:22 | INFO | app.ai.backward_chaining:evaluate_goal:268 | Backward Chaining evaluated goal='PRIVILEGE_ESCALATION' proven=False conf=0.0000 in 0.02ms
2026-08-09 11:50:22 | INFO | app.ai.backward_chaining:evaluate_goal:268 | Backward Chaining evaluated goal='LATERAL_MOVEMENT' proven=False conf=0.0000 in 0.02ms
2026-08-09 11:50:22 | INFO | app.ai.backward_chaining:evaluate_goal:268 | Backward Chaining evaluated goal='DATA_EXFILTRATION' proven=False conf=0.0000 in 0.07ms
2026-08-09 11:50:22 | INFO | app.ai.backward_chaining:evaluate_goal:268 | Backward Chaining evaluated goal='PRIVILEGE_ESCALATION' proven=False conf=0.0000 in 0.04ms
2026-08-09 11:50:22 | INFO | app.ai.backward_chaining:evaluate_goal:268 | Backward Chaining evaluated goal='LATERAL_MOVEMENT' proven=False conf=0.0000 in 0.03ms
2026-08-09 11:50:22 | INFO | app.ai.backward_chaining:evaluate_goal:268 | Backward Chaining evaluated goal='DATA_EXFILTRATION' proven=False conf=0.0000 in 0.02ms
2026-08-09 11:50:22 | INFO | app.ai.backward_chaining:evaluate_goal:268 | Backward Chaining evaluated goal='PRIVILEGE_ESCALATION' proven=False conf=0.0000 in 0.02ms
2026-08-09 11:50:22 | INFO | app.ai.backward_chaining:evaluate_goal:268 | Backward Chaining evaluated goal='LATERAL_MOVEMENT' proven=False conf=0.0000 in 0.02ms
2026-08-09 11:50:22 | INFO | app.ai.backward_chaining:evaluate_goal:268 | Backward Chaining evaluated goal='DATA_EXFILTRATION' proven=False conf=0.0000 in 0.02ms
2026-08-09 11:50:22 | INFO | app.ai.backward_chaining:evaluate_goal:268 | Backward Chaining evaluated goal='PRIVILEGE_ESCALATION' proven=False conf=0.0000 in 0.02ms
2026-08-09 11:50:22 | INFO | app.ai.backward_chaining:evaluate_goal:268 | Backward Chaining evaluated goal='LATERAL_MOVEMENT' proven=False conf=0.0000 in 0.03ms
2026-08-09 11:50:22 | INFO | app.ai.backward_chaining:evaluate_goal:268 | Backward Chaining evaluated goal='PERSISTENCE' proven=False conf=0.0000 in 0.03ms
2026-08-09 11:50:22 | INFO | app.ai.backward_chaining:evaluate_goal:268 | Backward Chaining evaluated goal='DATA_EXFILTRATION' proven=False conf=0.0000 in 0.02ms
2026-08-09 11:50:22 | INFO | app.ai.backward_chaining:evaluate_goal:268 | Backward Chaining evaluated goal='PRIVILEGE_ESCALATION' proven=False conf=0.0000 in 0.02ms
2026-08-09 11:50:22 | INFO | app.ai.backward_chaining:evaluate_goal:268 | Backward Chaining evaluated goal='LATERAL_MOVEMENT' proven=False conf=0.0000 in 0.02ms
2026-08-09 11:50:22 | INFO | app.ai.backward_chaining:evaluate_goal:268 | Backward Chaining evaluated goal='DATA_EXFILTRATION' proven=False conf=0.0000 in 0.02ms
2026-08-09 11:50:22 | INFO | app.ai.backward_chaining:evaluate_goal:268 | Backward Chaining evaluated goal='PRIVILEGE_ESCALATION' proven=False conf=0.0000 in 0.02ms
2026-08-09 11:50:22 | INFO | app.ai.backward_chaining:evaluate_goal:268 | Backward Chaining evaluated goal='LATERAL_MOVEMENT' proven=False conf=0.0000 in 0.02ms
2026-08-09 11:50:22 | INFO | httpx._client:_send_single_request:1740 | HTTP Request: POST http://test/api/v1/cases/1/reports "HTTP/1.1 201 Created"
2026-08-09 11:50:22 | INFO | httpx._client:_send_single_request:1740 | HTTP Request: GET http://test/api/v1/cases/1/reports/history "HTTP/1.1 200 OK"
2026-08-09 11:50:22 | INFO | httpx._client:_send_single_request:1740 | HTTP Request: GET http://test/api/v1/cases/1/reports/9cd166ac-be93-423d-9fba-360c67d5835d/download "HTTP/1.1 200 OK"
2026-08-09 11:50:22 | INFO | httpx._client:_send_single_request:1740 | HTTP Request: GET http://test/api/v1/cases/1/reports/9cd166ac-be93-423d-9fba-360c67d5835d/download "HTTP/1.1 401 Unauthorized"
2026-08-09 11:50:23 | INFO | app.ai.backward_chaining:evaluate_goal:268 | Backward Chaining evaluated goal='DATA_EXFILTRATION' proven=False conf=0.0000 in 0.02ms
2026-08-09 11:50:23 | INFO | app.ai.backward_chaining:evaluate_goal:268 | Backward Chaining evaluated goal='PRIVILEGE_ESCALATION' proven=False conf=0.0000 in 0.02ms
2026-08-09 11:50:23 | INFO | app.ai.backward_chaining:evaluate_goal:268 | Backward Chaining evaluated goal='LATERAL_MOVEMENT' proven=False conf=0.0000 in 0.02ms
2026-08-09 11:50:23 | INFO | app.ai.backward_chaining:evaluate_goal:268 | Backward Chaining evaluated goal='PERSISTENCE' proven=False conf=0.0000 in 0.02ms
2026-08-09 11:50:23 | INFO | httpx._client:_send_single_request:1740 | HTTP Request: GET http://test/api/v1/cases/1/risk-score "HTTP/1.1 200 OK"
2026-08-09 11:50:23 | INFO | app.ai.backward_chaining:evaluate_goal:268 | Backward Chaining evaluated goal='DATA_EXFILTRATION' proven=False conf=0.0000 in 0.02ms
2026-08-09 11:50:23 | INFO | app.ai.backward_chaining:evaluate_goal:268 | Backward Chaining evaluated goal='PRIVILEGE_ESCALATION' proven=False conf=0.0000 in 0.03ms
2026-08-09 11:50:23 | INFO | app.ai.backward_chaining:evaluate_goal:268 | Backward Chaining evaluated goal='LATERAL_MOVEMENT' proven=False conf=0.0000 in 0.05ms
2026-08-09 11:50:23 | INFO | app.ai.backward_chaining:evaluate_goal:268 | Backward Chaining evaluated goal='PERSISTENCE' proven=False conf=0.0000 in 0.04ms
2026-08-09 11:50:23 | INFO | httpx._client:_send_single_request:1740 | HTTP Request: GET http://test/api/risk-score/1 "HTTP/1.1 200 OK"
2026-08-09 11:50:24 | INFO | app.ai.backward_chaining:evaluate_goal:268 | Backward Chaining evaluated goal='DATA_EXFILTRATION' proven=False conf=0.0000 in 0.02ms
2026-08-09 11:50:24 | INFO | app.ai.backward_chaining:evaluate_goal:268 | Backward Chaining evaluated goal='PRIVILEGE_ESCALATION' proven=False conf=0.0000 in 0.02ms
2026-08-09 11:50:24 | INFO | app.ai.backward_chaining:evaluate_goal:268 | Backward Chaining evaluated goal='LATERAL_MOVEMENT' proven=False conf=0.0000 in 0.03ms
2026-08-09 11:50:24 | INFO | app.ai.backward_chaining:evaluate_goal:268 | Backward Chaining evaluated goal='DATA_EXFILTRATION' proven=False conf=0.0000 in 0.02ms
2026-08-09 11:50:24 | INFO | app.ai.backward_chaining:evaluate_goal:268 | Backward Chaining evaluated goal='PRIVILEGE_ESCALATION' proven=False conf=0.0000 in 0.03ms
2026-08-09 11:50:24 | INFO | app.ai.backward_chaining:evaluate_goal:268 | Backward Chaining evaluated goal='LATERAL_MOVEMENT' proven=False conf=0.0000 in 0.03ms
2026-08-09 11:50:24 | INFO | app.ai.backward_chaining:evaluate_goal:268 | Backward Chaining evaluated goal='DATA_EXFILTRATION' proven=False conf=0.0000 in 0.02ms
2026-08-09 11:50:24 | INFO | app.ai.backward_chaining:evaluate_goal:268 | Backward Chaining evaluated goal='PRIVILEGE_ESCALATION' proven=False conf=0.0000 in 0.02ms
2026-08-09 11:50:24 | INFO | app.ai.backward_chaining:evaluate_goal:268 | Backward Chaining evaluated goal='LATERAL_MOVEMENT' proven=False conf=0.0000 in 0.02ms
2026-08-09 11:50:25 | INFO | app.ai.backward_chaining:evaluate_goal:268 | Backward Chaining evaluated goal='DATA_EXFILTRATION' proven=False conf=0.0000 in 0.02ms
2026-08-09 11:50:25 | INFO | app.ai.backward_chaining:evaluate_goal:268 | Backward Chaining evaluated goal='PRIVILEGE_ESCALATION' proven=False conf=0.0000 in 0.03ms
2026-08-09 11:50:25 | INFO | app.ai.backward_chaining:evaluate_goal:268 | Backward Chaining evaluated goal='LATERAL_MOVEMENT' proven=False conf=0.0000 in 0.02ms
2026-08-09 11:50:26 | INFO | app.ai.backward_chaining:evaluate_goal:268 | Backward Chaining evaluated goal='DATA_EXFILTRATION' proven=True conf=1.0000 in 0.00ms
2026-08-09 11:50:26 | INFO | app.ai.backward_chaining:evaluate_goal:268 | Backward Chaining evaluated goal='PRIVILEGE_ESCALATION' proven=False conf=0.0000 in 0.03ms
2026-08-09 11:50:26 | INFO | app.ai.backward_chaining:evaluate_goal:268 | Backward Chaining evaluated goal='LATERAL_MOVEMENT' proven=False conf=0.0000 in 0.02ms
2026-08-09 11:50:26 | INFO | app.ai.backward_chaining:evaluate_goal:268 | Backward Chaining evaluated goal='DATA_EXFILTRATION' proven=True conf=0.9120 in 0.02ms
2026-08-09 11:50:26 | INFO | app.ai.backward_chaining:evaluate_goal:268 | Backward Chaining evaluated goal='PRIVILEGE_ESCALATION' proven=False conf=0.0000 in 0.02ms
2026-08-09 11:50:26 | INFO | app.ai.backward_chaining:evaluate_goal:268 | Backward Chaining evaluated goal='LATERAL_MOVEMENT' proven=False conf=0.0000 in 0.02ms
2026-08-09 11:50:27 | INFO | app.ai.backward_chaining:evaluate_goal:268 | Backward Chaining evaluated goal='DATA_EXFILTRATION' proven=False conf=0.0000 in 0.02ms
2026-08-09 11:50:27 | INFO | app.ai.backward_chaining:evaluate_goal:268 | Backward Chaining evaluated goal='PRIVILEGE_ESCALATION' proven=False conf=0.0000 in 0.02ms
2026-08-09 11:50:27 | INFO | app.ai.backward_chaining:evaluate_goal:268 | Backward Chaining evaluated goal='LATERAL_MOVEMENT' proven=False conf=0.0000 in 0.02ms
2026-08-09 11:50:28 | INFO | app.ai.backward_chaining:evaluate_goal:268 | Backward Chaining evaluated goal='DATA_EXFILTRATION' proven=False conf=0.0000 in 0.03ms
2026-08-09 11:50:28 | INFO | app.ai.backward_chaining:evaluate_goal:268 | Backward Chaining evaluated goal='PRIVILEGE_ESCALATION' proven=False conf=0.0000 in 0.02ms
2026-08-09 11:50:28 | INFO | app.ai.backward_chaining:evaluate_goal:268 | Backward Chaining evaluated goal='LATERAL_MOVEMENT' proven=False conf=0.0000 in 0.02ms
2026-08-09 11:50:28 | INFO | app.ai.backward_chaining:evaluate_goal:268 | Backward Chaining evaluated goal='DATA_EXFILTRATION' proven=False conf=0.0000 in 0.02ms
2026-08-09 11:50:28 | INFO | app.ai.backward_chaining:evaluate_goal:268 | Backward Chaining evaluated goal='PRIVILEGE_ESCALATION' proven=False conf=0.0000 in 0.02ms
2026-08-09 11:50:28 | INFO | app.ai.backward_chaining:evaluate_goal:268 | Backward Chaining evaluated goal='LATERAL_MOVEMENT' proven=False conf=0.0000 in 0.02ms
2026-08-09 11:50:28 | INFO | httpx._client:_send_single_request:1740 | HTTP Request: GET http://test/api/v1/cases/1/timeline "HTTP/1.1 200 OK"
2026-08-09 11:50:29 | INFO | app.ai.backward_chaining:evaluate_goal:268 | Backward Chaining evaluated goal='DATA_EXFILTRATION' proven=False conf=0.0000 in 0.02ms
2026-08-09 11:50:29 | INFO | app.ai.backward_chaining:evaluate_goal:268 | Backward Chaining evaluated goal='PRIVILEGE_ESCALATION' proven=False conf=0.0000 in 0.04ms
2026-08-09 11:50:29 | INFO | app.ai.backward_chaining:evaluate_goal:268 | Backward Chaining evaluated goal='LATERAL_MOVEMENT' proven=False conf=0.0000 in 0.02ms
2026-08-09 11:50:29 | INFO | httpx._client:_send_single_request:1740 | HTTP Request: GET http://test/api/timeline/1 "HTTP/1.1 200 OK"
2026-08-09 11:50:29 | INFO | app.ai.backward_chaining:evaluate_goal:268 | Backward Chaining evaluated goal='DATA_EXFILTRATION' proven=False conf=0.0000 in 0.03ms
2026-08-09 11:50:29 | INFO | app.ai.backward_chaining:evaluate_goal:268 | Backward Chaining evaluated goal='PRIVILEGE_ESCALATION' proven=False conf=0.0000 in 0.04ms
2026-08-09 11:50:29 | INFO | app.ai.backward_chaining:evaluate_goal:268 | Backward Chaining evaluated goal='LATERAL_MOVEMENT' proven=False conf=0.0000 in 0.02ms
2026-08-09 11:50:29 | INFO | httpx._client:_send_single_request:1740 | HTTP Request: GET http://test/api/timeline/1/suspicious "HTTP/1.1 200 OK"
2026-08-09 11:50:29 | INFO | app.services.ucs_service:run_ucs:104 | Executing UCS for Case ID 1 | Start: 'login' | Goal: 'usb_remove'
2026-08-09 11:50:29 | INFO | app.services.ucs_service:run_ucs:124 | UCS Search Succeeded | Case ID: 1 | Start: 'login' | Goal: 'usb_remove' | Visited Nodes: 4 | Total Cost: 3.0000 | Time: 0.037 ms
2026-08-09 11:50:29 | INFO | httpx._client:_send_single_request:1740 | HTTP Request: POST http://test/api/v1/ai/ucs/run "HTTP/1.1 200 OK"
2026-08-09 11:50:30 | INFO | app.services.ucs_service:run_ucs:104 | Executing UCS for Case ID 1 | Start: 'login' | Goal: 'isolated_exfil'
2026-08-09 11:50:30 | WARNING | app.services.ucs_service:run_ucs:114 | UCS search completed: No path found between 'login' and 'isolated_exfil' in Case ID 1. Explored 5 nodes.
2026-08-09 11:50:30 | INFO | httpx._client:_send_single_request:1740 | HTTP Request: POST http://test/api/v1/ai/ucs/run "HTTP/1.1 400 Bad Request"
2026-08-09 11:50:30 | WARNING | app.services.ucs_service:run_ucs:74 | UCS failed: Start node 'non_existent_start' not found in Case 1.
2026-08-09 11:50:30 | INFO | httpx._client:_send_single_request:1740 | HTTP Request: POST http://test/api/v1/ai/ucs/run "HTTP/1.1 404 Not Found"
2026-08-09 11:50:30 | WARNING | app.services.ucs_service:run_ucs:83 | UCS failed: Goal node 'non_existent_goal' not found in Case 1.
2026-08-09 11:50:30 | INFO | httpx._client:_send_single_request:1740 | HTTP Request: POST http://test/api/v1/ai/ucs/run "HTTP/1.1 404 Not Found"
2026-08-09 11:50:31 | WARNING | app.services.ucs_service:run_ucs:48 | UCS failed: Case ID 999999 not found.
2026-08-09 11:50:31 | INFO | httpx._client:_send_single_request:1740 | HTTP Request: POST http://test/api/v1/ai/ucs/run "HTTP/1.1 404 Not Found"
2026-08-09 11:51:09 | INFO | app.ai.backward_chaining:evaluate_goal:268 | Backward Chaining evaluated goal='DATA_EXFILTRATION' proven=False conf=0.0000 in 0.03ms
2026-08-09 11:51:09 | INFO | app.ai.backward_chaining:evaluate_goal:268 | Backward Chaining evaluated goal='PRIVILEGE_ESCALATION' proven=False conf=0.0000 in 0.05ms
2026-08-09 11:51:09 | INFO | app.ai.backward_chaining:evaluate_goal:268 | Backward Chaining evaluated goal='LATERAL_MOVEMENT' proven=False conf=0.0000 in 0.03ms
2026-08-09 11:51:09 | INFO | app.ai.backward_chaining:evaluate_goal:268 | Backward Chaining evaluated goal='DATA_EXFILTRATION' proven=False conf=0.0000 in 0.03ms
2026-08-09 11:51:09 | INFO | app.ai.backward_chaining:evaluate_goal:268 | Backward Chaining evaluated goal='PRIVILEGE_ESCALATION' proven=False conf=0.0000 in 0.11ms
2026-08-09 11:51:09 | INFO | app.ai.backward_chaining:evaluate_goal:268 | Backward Chaining evaluated goal='LATERAL_MOVEMENT' proven=False conf=0.0000 in 0.03ms
2026-08-09 11:51:09 | INFO | app.ai.backward_chaining:evaluate_goal:268 | Backward Chaining evaluated goal='DATA_EXFILTRATION' proven=False conf=0.0000 in 0.02ms
2026-08-09 11:51:09 | INFO | app.ai.backward_chaining:evaluate_goal:268 | Backward Chaining evaluated goal='PRIVILEGE_ESCALATION' proven=False conf=0.0000 in 0.03ms
2026-08-09 11:51:09 | INFO | app.ai.backward_chaining:evaluate_goal:268 | Backward Chaining evaluated goal='LATERAL_MOVEMENT' proven=False conf=0.0000 in 0.03ms
2026-08-09 11:51:09 | INFO | app.ai.backward_chaining:evaluate_goal:268 | Backward Chaining evaluated goal='PERSISTENCE' proven=False conf=0.0000 in 0.04ms
2026-08-09 11:51:09 | INFO | app.ai.backward_chaining:evaluate_goal:268 | Backward Chaining evaluated goal='DATA_EXFILTRATION' proven=False conf=0.0000 in 0.03ms
2026-08-09 11:51:09 | INFO | app.ai.backward_chaining:evaluate_goal:268 | Backward Chaining evaluated goal='PRIVILEGE_ESCALATION' proven=False conf=0.0000 in 0.06ms
2026-08-09 11:51:09 | INFO | app.ai.backward_chaining:evaluate_goal:268 | Backward Chaining evaluated goal='LATERAL_MOVEMENT' proven=False conf=0.0000 in 0.04ms
2026-08-09 11:51:09 | INFO | app.ai.backward_chaining:evaluate_goal:268 | Backward Chaining evaluated goal='DATA_EXFILTRATION' proven=False conf=0.0000 in 0.02ms
2026-08-09 11:51:09 | INFO | app.ai.backward_chaining:evaluate_goal:268 | Backward Chaining evaluated goal='PRIVILEGE_ESCALATION' proven=False conf=0.0000 in 0.04ms
2026-08-09 11:51:09 | INFO | app.ai.backward_chaining:evaluate_goal:268 | Backward Chaining evaluated goal='LATERAL_MOVEMENT' proven=False conf=0.0000 in 0.04ms
2026-08-09 11:51:09 | INFO | app.ai.backward_chaining:evaluate_goal:268 | Backward Chaining evaluated goal='DATA_EXFILTRATION' proven=False conf=0.0000 in 0.04ms
2026-08-09 11:51:09 | INFO | app.ai.backward_chaining:evaluate_goal:268 | Backward Chaining evaluated goal='PRIVILEGE_ESCALATION' proven=False conf=0.0000 in 0.04ms
2026-08-09 11:51:09 | INFO | app.ai.backward_chaining:evaluate_goal:268 | Backward Chaining evaluated goal='LATERAL_MOVEMENT' proven=False conf=0.0000 in 0.03ms
2026-08-09 11:51:09 | INFO | app.ai.backward_chaining:evaluate_goal:268 | Backward Chaining evaluated goal='PERSISTENCE' proven=False conf=0.0000 in 0.02ms
2026-08-09 11:51:09 | INFO | app.ai.backward_chaining:evaluate_goal:268 | Backward Chaining evaluated goal='DATA_EXFILTRATION' proven=False conf=0.0000 in 0.03ms
2026-08-09 11:51:09 | INFO | app.ai.backward_chaining:evaluate_goal:268 | Backward Chaining evaluated goal='PRIVILEGE_ESCALATION' proven=False conf=0.0000 in 0.03ms
2026-08-09 11:51:09 | INFO | app.ai.backward_chaining:evaluate_goal:268 | Backward Chaining evaluated goal='LATERAL_MOVEMENT' proven=False conf=0.0000 in 0.03ms
2026-08-09 11:51:09 | INFO | app.ai.backward_chaining:evaluate_goal:268 | Backward Chaining evaluated goal='DATA_EXFILTRATION' proven=False conf=0.0000 in 0.04ms
2026-08-09 11:51:09 | INFO | app.ai.backward_chaining:evaluate_goal:268 | Backward Chaining evaluated goal='PRIVILEGE_ESCALATION' proven=False conf=0.0000 in 0.03ms
2026-08-09 11:51:09 | INFO | app.ai.backward_chaining:evaluate_goal:268 | Backward Chaining evaluated goal='LATERAL_MOVEMENT' proven=False conf=0.0000 in 0.02ms
2026-08-09 11:51:46 | INFO | app.ai.backward_chaining:evaluate_goal:268 | Backward Chaining evaluated goal='DATA_EXFILTRATION' proven=False conf=0.0000 in 0.02ms
2026-08-09 11:51:46 | INFO | app.ai.backward_chaining:evaluate_goal:268 | Backward Chaining evaluated goal='PRIVILEGE_ESCALATION' proven=False conf=0.0000 in 0.04ms
2026-08-09 11:51:46 | INFO | app.ai.backward_chaining:evaluate_goal:268 | Backward Chaining evaluated goal='LATERAL_MOVEMENT' proven=False conf=0.0000 in 0.03ms
2026-08-09 11:51:51 | INFO | app.ai.backward_chaining:evaluate_goal:268 | Backward Chaining evaluated goal='DATA_EXFILTRATION' proven=False conf=0.0000 in 0.03ms
2026-08-09 11:51:51 | INFO | app.ai.backward_chaining:evaluate_goal:268 | Backward Chaining evaluated goal='PRIVILEGE_ESCALATION' proven=False conf=0.0000 in 0.04ms
2026-08-09 11:51:51 | INFO | app.ai.backward_chaining:evaluate_goal:268 | Backward Chaining evaluated goal='LATERAL_MOVEMENT' proven=False conf=0.0000 in 0.04ms
2026-08-09 11:54:19 | INFO | app.core.logging:setup_logging:54 | Logging initialized | env=development | debug=True
2026-08-09 11:54:48 | INFO | app.core.logging:setup_logging:54 | Logging initialized | env=development | debug=True
2026-08-09 11:57:05 | INFO | app.ai.backward_chaining:evaluate_goal:268 | Backward Chaining evaluated goal='DATA_EXFILTRATION' proven=False conf=0.0000 in 0.04ms
2026-08-09 11:57:05 | INFO | app.ai.backward_chaining:evaluate_goal:268 | Backward Chaining evaluated goal='PRIVILEGE_ESCALATION' proven=False conf=0.0000 in 0.03ms
2026-08-09 11:57:05 | INFO | app.ai.backward_chaining:evaluate_goal:268 | Backward Chaining evaluated goal='LATERAL_MOVEMENT' proven=False conf=0.0000 in 0.04ms
2026-08-09 11:57:05 | INFO | app.ai.backward_chaining:evaluate_goal:268 | Backward Chaining evaluated goal='DATA_EXFILTRATION' proven=False conf=0.0000 in 0.03ms
2026-08-09 11:57:05 | INFO | app.ai.backward_chaining:evaluate_goal:268 | Backward Chaining evaluated goal='PRIVILEGE_ESCALATION' proven=False conf=0.0000 in 0.05ms
2026-08-09 11:57:05 | INFO | app.ai.backward_chaining:evaluate_goal:268 | Backward Chaining evaluated goal='LATERAL_MOVEMENT' proven=False conf=0.0000 in 0.03ms
2026-08-09 11:57:05 | INFO | app.ai.backward_chaining:evaluate_goal:268 | Backward Chaining evaluated goal='DATA_EXFILTRATION' proven=False conf=0.0000 in 0.03ms
2026-08-09 11:57:05 | INFO | app.ai.backward_chaining:evaluate_goal:268 | Backward Chaining evaluated goal='PRIVILEGE_ESCALATION' proven=False conf=0.0000 in 0.04ms
2026-08-09 11:57:05 | INFO | app.ai.backward_chaining:evaluate_goal:268 | Backward Chaining evaluated goal='LATERAL_MOVEMENT' proven=False conf=0.0000 in 0.03ms
2026-08-09 11:57:05 | INFO | app.ai.backward_chaining:evaluate_goal:268 | Backward Chaining evaluated goal='PERSISTENCE' proven=False conf=0.0000 in 0.02ms
2026-08-09 11:57:05 | INFO | app.ai.backward_chaining:evaluate_goal:268 | Backward Chaining evaluated goal='DATA_EXFILTRATION' proven=False conf=0.0000 in 0.03ms
2026-08-09 11:57:05 | INFO | app.ai.backward_chaining:evaluate_goal:268 | Backward Chaining evaluated goal='PRIVILEGE_ESCALATION' proven=False conf=0.0000 in 0.04ms
2026-08-09 11:57:05 | INFO | app.ai.backward_chaining:evaluate_goal:268 | Backward Chaining evaluated goal='LATERAL_MOVEMENT' proven=False conf=0.0000 in 0.04ms
2026-08-09 11:57:05 | INFO | app.ai.backward_chaining:evaluate_goal:268 | Backward Chaining evaluated goal='DATA_EXFILTRATION' proven=False conf=0.0000 in 0.03ms
2026-08-09 11:57:05 | INFO | app.ai.backward_chaining:evaluate_goal:268 | Backward Chaining evaluated goal='PRIVILEGE_ESCALATION' proven=False conf=0.0000 in 0.05ms
2026-08-09 11:57:05 | INFO | app.ai.backward_chaining:evaluate_goal:268 | Backward Chaining evaluated goal='LATERAL_MOVEMENT' proven=False conf=0.0000 in 0.04ms
2026-08-09 11:57:05 | INFO | app.ai.backward_chaining:evaluate_goal:268 | Backward Chaining evaluated goal='DATA_EXFILTRATION' proven=False conf=0.0000 in 0.02ms
2026-08-09 11:57:05 | INFO | app.ai.backward_chaining:evaluate_goal:268 | Backward Chaining evaluated goal='PRIVILEGE_ESCALATION' proven=False conf=0.0000 in 0.03ms
2026-08-09 11:57:05 | INFO | app.ai.backward_chaining:evaluate_goal:268 | Backward Chaining evaluated goal='LATERAL_MOVEMENT' proven=False conf=0.0000 in 0.03ms
2026-08-09 11:57:05 | INFO | app.ai.backward_chaining:evaluate_goal:268 | Backward Chaining evaluated goal='PERSISTENCE' proven=False conf=0.0000 in 0.02ms
2026-08-09 11:57:05 | INFO | app.ai.backward_chaining:evaluate_goal:268 | Backward Chaining evaluated goal='DATA_EXFILTRATION' proven=False conf=0.0000 in 0.02ms
2026-08-09 11:57:05 | INFO | app.ai.backward_chaining:evaluate_goal:268 | Backward Chaining evaluated goal='PRIVILEGE_ESCALATION' proven=False conf=0.0000 in 0.03ms
2026-08-09 11:57:05 | INFO | app.ai.backward_chaining:evaluate_goal:268 | Backward Chaining evaluated goal='LATERAL_MOVEMENT' proven=False conf=0.0000 in 0.03ms
2026-08-09 11:57:05 | INFO | app.ai.backward_chaining:evaluate_goal:268 | Backward Chaining evaluated goal='DATA_EXFILTRATION' proven=False conf=0.0000 in 0.04ms
2026-08-09 11:57:05 | INFO | app.ai.backward_chaining:evaluate_goal:268 | Backward Chaining evaluated goal='PRIVILEGE_ESCALATION' proven=False conf=0.0000 in 0.04ms
2026-08-09 11:57:05 | INFO | app.ai.backward_chaining:evaluate_goal:268 | Backward Chaining evaluated goal='LATERAL_MOVEMENT' proven=False conf=0.0000 in 0.05ms
2026-08-09 11:58:26 | INFO | app.core.logging:setup_logging:54 | Logging initialized | env=development | debug=True
2026-08-09 11:58:46 | INFO | app.ai.backward_chaining:evaluate_goal:268 | Backward Chaining evaluated goal='DATA_EXFILTRATION' proven=False conf=0.0000 in 0.04ms
2026-08-09 11:58:46 | INFO | app.ai.backward_chaining:evaluate_goal:268 | Backward Chaining evaluated goal='PRIVILEGE_ESCALATION' proven=False conf=0.0000 in 0.04ms
2026-08-09 11:58:46 | INFO | app.ai.backward_chaining:evaluate_goal:268 | Backward Chaining evaluated goal='LATERAL_MOVEMENT' proven=False conf=0.0000 in 0.03ms
2026-08-09 11:58:46 | INFO | app.ai.backward_chaining:evaluate_goal:268 | Backward Chaining evaluated goal='DATA_EXFILTRATION' proven=False conf=0.0000 in 0.02ms
2026-08-09 11:58:46 | INFO | app.ai.backward_chaining:evaluate_goal:268 | Backward Chaining evaluated goal='PRIVILEGE_ESCALATION' proven=False conf=0.0000 in 0.04ms
2026-08-09 11:58:46 | INFO | app.ai.backward_chaining:evaluate_goal:268 | Backward Chaining evaluated goal='LATERAL_MOVEMENT' proven=False conf=0.0000 in 0.03ms
2026-08-09 11:58:46 | INFO | app.ai.backward_chaining:evaluate_goal:268 | Backward Chaining evaluated goal='PERSISTENCE' proven=False conf=0.0000 in 0.03ms
2026-08-09 11:58:46 | INFO | app.ai.backward_chaining:evaluate_goal:268 | Backward Chaining evaluated goal='DATA_EXFILTRATION' proven=False conf=0.0000 in 0.03ms
2026-08-09 11:58:46 | INFO | app.ai.backward_chaining:evaluate_goal:268 | Backward Chaining evaluated goal='PRIVILEGE_ESCALATION' proven=False conf=0.0000 in 0.04ms
2026-08-09 11:58:46 | INFO | app.ai.backward_chaining:evaluate_goal:268 | Backward Chaining evaluated goal='LATERAL_MOVEMENT' proven=False conf=0.0000 in 0.03ms
2026-08-09 11:58:46 | INFO | app.ai.backward_chaining:evaluate_goal:268 | Backward Chaining evaluated goal='DATA_EXFILTRATION' proven=False conf=0.0000 in 0.03ms
2026-08-09 11:58:46 | INFO | app.ai.backward_chaining:evaluate_goal:268 | Backward Chaining evaluated goal='PRIVILEGE_ESCALATION' proven=False conf=0.0000 in 0.04ms
2026-08-09 11:58:46 | INFO | app.ai.backward_chaining:evaluate_goal:268 | Backward Chaining evaluated goal='LATERAL_MOVEMENT' proven=False conf=0.0000 in 0.04ms
2026-08-09 11:58:46 | INFO | app.ai.backward_chaining:evaluate_goal:268 | Backward Chaining evaluated goal='PERSISTENCE' proven=False conf=0.0000 in 0.03ms
2026-08-09 11:58:47 | INFO | app.ai.backward_chaining:evaluate_goal:268 | Backward Chaining evaluated goal='DATA_EXFILTRATION' proven=False conf=0.0000 in 0.02ms
2026-08-09 11:58:47 | INFO | app.ai.backward_chaining:evaluate_goal:268 | Backward Chaining evaluated goal='PRIVILEGE_ESCALATION' proven=False conf=0.0000 in 0.03ms
2026-08-09 11:58:47 | INFO | app.ai.backward_chaining:evaluate_goal:268 | Backward Chaining evaluated goal='LATERAL_MOVEMENT' proven=False conf=0.0000 in 0.03ms
2026-08-09 11:58:47 | INFO | app.ai.backward_chaining:evaluate_goal:268 | Backward Chaining evaluated goal='DATA_EXFILTRATION' proven=False conf=0.0000 in 0.02ms
2026-08-09 11:58:47 | INFO | app.ai.backward_chaining:evaluate_goal:268 | Backward Chaining evaluated goal='PRIVILEGE_ESCALATION' proven=False conf=0.0000 in 0.03ms
2026-08-09 11:58:47 | INFO | app.ai.backward_chaining:evaluate_goal:268 | Backward Chaining evaluated goal='LATERAL_MOVEMENT' proven=False conf=0.0000 in 0.03ms
2026-08-09 11:58:47 | INFO | app.ai.backward_chaining:evaluate_goal:268 | Backward Chaining evaluated goal='PERSISTENCE' proven=False conf=0.0000 in 0.03ms
2026-08-09 11:59:16 | INFO | app.core.logging:setup_logging:54 | Logging initialized | env=development | debug=True
2026-08-09 11:59:17 | INFO | app.services.astar_service:run_astar:110 | Executing A* Search for Case ID 1 | Start: 'login' | Goal: 'usb_remove'
2026-08-09 11:59:17 | INFO | app.services.astar_service:run_astar:130 | A* Search Succeeded | Case ID: 1 | Start: 'login' | Goal: 'usb_remove' | Visited Nodes: 4 | Total Cost: 3.0000 | Heuristic Cost: 1.0000 | Time: 0.026 ms
2026-08-09 11:59:17 | INFO | httpx._client:_send_single_request:1740 | HTTP Request: POST http://test/api/v1/ai/astar/run "HTTP/1.1 200 OK"
2026-08-09 11:59:17 | INFO | app.services.astar_service:run_astar:110 | Executing A* Search for Case ID 1 | Start: 'login' | Goal: 'isolated_exfil'
2026-08-09 11:59:17 | WARNING | app.services.astar_service:run_astar:120 | A* Search completed: No path found between 'login' and 'isolated_exfil' in Case ID 1. Visited 5 nodes.
2026-08-09 11:59:17 | INFO | httpx._client:_send_single_request:1740 | HTTP Request: POST http://test/api/v1/ai/astar/run "HTTP/1.1 400 Bad Request"
2026-08-09 11:59:17 | WARNING | app.services.astar_service:run_astar:81 | A* Search failed: Start node 'non_existent_start' not found in Case 1.
2026-08-09 11:59:17 | INFO | httpx._client:_send_single_request:1740 | HTTP Request: POST http://test/api/v1/ai/astar/run "HTTP/1.1 404 Not Found"
2026-08-09 11:59:18 | WARNING | app.services.astar_service:run_astar:89 | A* Search failed: Goal node 'non_existent_goal' not found in Case 1.
2026-08-09 11:59:18 | INFO | httpx._client:_send_single_request:1740 | HTTP Request: POST http://test/api/v1/ai/astar/run "HTTP/1.1 404 Not Found"
2026-08-09 11:59:18 | WARNING | app.services.astar_service:run_astar:49 | A* Search failed: Case ID 999999 not found.
2026-08-09 11:59:18 | INFO | httpx._client:_send_single_request:1740 | HTTP Request: POST http://test/api/v1/ai/astar/run "HTTP/1.1 404 Not Found"
2026-08-09 11:59:19 | INFO | app.ai.backward_chaining:evaluate_goal:268 | Backward Chaining evaluated goal='DATA_EXFILTRATION' proven=False conf=0.0000 in 0.03ms
2026-08-09 11:59:19 | INFO | app.ai.backward_chaining:evaluate_goal:268 | Backward Chaining evaluated goal='PRIVILEGE_ESCALATION' proven=False conf=0.0000 in 0.03ms
2026-08-09 11:59:19 | INFO | app.ai.backward_chaining:evaluate_goal:268 | Backward Chaining evaluated goal='LATERAL_MOVEMENT' proven=False conf=0.0000 in 0.02ms
2026-08-09 11:59:19 | INFO | app.ai.backward_chaining:evaluate_goal:268 | Backward Chaining evaluated goal='DATA_EXFILTRATION' proven=False conf=0.0000 in 0.04ms
2026-08-09 11:59:19 | INFO | app.ai.backward_chaining:evaluate_goal:268 | Backward Chaining evaluated goal='PRIVILEGE_ESCALATION' proven=False conf=0.0000 in 0.03ms
2026-08-09 11:59:19 | INFO | app.ai.backward_chaining:evaluate_goal:268 | Backward Chaining evaluated goal='LATERAL_MOVEMENT' proven=False conf=0.0000 in 0.03ms
2026-08-09 11:59:19 | INFO | httpx._client:_send_single_request:1740 | HTTP Request: GET http://test/api/v1/cases/1/attack-path "HTTP/1.1 200 OK"
2026-08-09 11:59:19 | INFO | app.ai.backward_chaining:evaluate_goal:268 | Backward Chaining evaluated goal='DATA_EXFILTRATION' proven=False conf=0.0000 in 0.02ms
2026-08-09 11:59:19 | INFO | app.ai.backward_chaining:evaluate_goal:268 | Backward Chaining evaluated goal='PRIVILEGE_ESCALATION' proven=False conf=0.0000 in 0.02ms
2026-08-09 11:59:19 | INFO | app.ai.backward_chaining:evaluate_goal:268 | Backward Chaining evaluated goal='LATERAL_MOVEMENT' proven=False conf=0.0000 in 0.04ms
2026-08-09 11:59:19 | INFO | app.ai.backward_chaining:evaluate_goal:268 | Backward Chaining evaluated goal='DATA_EXFILTRATION' proven=False conf=0.0000 in 0.02ms
2026-08-09 11:59:19 | INFO | app.ai.backward_chaining:evaluate_goal:268 | Backward Chaining evaluated goal='PRIVILEGE_ESCALATION' proven=False conf=0.0000 in 0.02ms
2026-08-09 11:59:19 | INFO | app.ai.backward_chaining:evaluate_goal:268 | Backward Chaining evaluated goal='LATERAL_MOVEMENT' proven=False conf=0.0000 in 0.02ms
2026-08-09 11:59:19 | INFO | httpx._client:_send_single_request:1740 | HTTP Request: GET http://test/api/v1/cases/1/attack-paths "HTTP/1.1 200 OK"
2026-08-09 11:59:19 | INFO | app.ai.backward_chaining:evaluate_goal:268 | Backward Chaining evaluated goal='DATA_EXFILTRATION' proven=False conf=0.0000 in 0.02ms
2026-08-09 11:59:19 | INFO | app.ai.backward_chaining:evaluate_goal:268 | Backward Chaining evaluated goal='PRIVILEGE_ESCALATION' proven=False conf=0.0000 in 0.04ms
2026-08-09 11:59:19 | INFO | app.ai.backward_chaining:evaluate_goal:268 | Backward Chaining evaluated goal='LATERAL_MOVEMENT' proven=False conf=0.0000 in 0.05ms
2026-08-09 11:59:19 | INFO | app.ai.backward_chaining:evaluate_goal:268 | Backward Chaining evaluated goal='DATA_EXFILTRATION' proven=False conf=0.0000 in 0.02ms
2026-08-09 11:59:19 | INFO | app.ai.backward_chaining:evaluate_goal:268 | Backward Chaining evaluated goal='PRIVILEGE_ESCALATION' proven=False conf=0.0000 in 0.02ms
2026-08-09 11:59:19 | INFO | app.ai.backward_chaining:evaluate_goal:268 | Backward Chaining evaluated goal='LATERAL_MOVEMENT' proven=False conf=0.0000 in 0.02ms
2026-08-09 11:59:19 | INFO | httpx._client:_send_single_request:1740 | HTTP Request: GET http://test/api/attack-path/1 "HTTP/1.1 200 OK"
2026-08-09 11:59:19 | INFO | app.ai.backward_chaining:evaluate_goal:268 | Backward Chaining evaluated goal='DATA_EXFILTRATION' proven=True conf=1.0000 in 0.01ms
2026-08-09 11:59:19 | INFO | app.ai.backward_chaining:evaluate_goal:268 | Backward Chaining evaluated goal='DATA_EXFILTRATION' proven=True conf=0.9500 in 0.03ms
2026-08-09 11:59:19 | INFO | app.ai.backward_chaining:evaluate_goal:268 | Backward Chaining evaluated goal='DATA_EXFILTRATION' proven=True conf=0.9120 in 0.04ms
2026-08-09 11:59:19 | INFO | app.ai.backward_chaining:evaluate_goal:268 | Backward Chaining evaluated goal='DATA_EXFILTRATION' proven=False conf=0.0000 in 0.02ms
2026-08-09 11:59:19 | INFO | app.ai.backward_chaining:evaluate_goal:268 | Backward Chaining evaluated goal='DATA_EXFILTRATION' proven=False conf=0.0000 in 0.01ms
2026-08-09 11:59:19 | WARNING | app.ai.backward_chaining:_prove_goal:298 | Circular rule cycle detected for goal='GOAL_A' at depth=3
2026-08-09 11:59:19 | INFO | app.ai.backward_chaining:evaluate_goal:268 | Backward Chaining evaluated goal='GOAL_A' proven=False conf=0.0000 in 0.49ms
2026-08-09 11:59:19 | INFO | app.ai.backward_chaining:evaluate_goal:268 | Backward Chaining evaluated goal='DATA_EXFILTRATION' proven=True conf=0.9500 in 0.02ms
2026-08-09 11:59:19 | INFO | app.ai.backward_chaining:evaluate_goal:268 | Backward Chaining evaluated goal='DATA_EXFILTRATION' proven=True conf=0.9000 in 0.03ms
2026-08-09 11:59:19 | INFO | app.ai.backward_chaining:evaluate_goal:268 | Backward Chaining evaluated goal='UNKNOWN_NONEXISTENT_GOAL' proven=False conf=0.0000 in 0.00ms
2026-08-09 11:59:19 | INFO | app.ai.backward_chaining:evaluate_goal:268 | Backward Chaining evaluated goal='DATA_EXFILTRATION' proven=False conf=0.0000 in 0.03ms
2026-08-09 11:59:19 | INFO | app.ai.backward_chaining:evaluate_goal:268 | Backward Chaining evaluated goal='N_0' proven=True conf=0.5987 in 0.08ms
2026-08-09 11:59:19 | WARNING | app.ai.backward_chaining:_prove_goal:291 | Backward chaining max depth limit reached at depth=11 for goal='NODE_10'
2026-08-09 11:59:19 | INFO | app.ai.backward_chaining:evaluate_goal:268 | Backward Chaining evaluated goal='NODE_0' proven=False conf=0.0000 in 0.93ms
2026-08-09 11:59:20 | INFO | app.ai.backward_chaining:evaluate_goal:268 | Backward Chaining evaluated goal='DATA_EXFILTRATION' proven=True conf=0.8361 in 0.05ms
2026-08-09 11:59:20 | INFO | httpx._client:_send_single_request:1740 | HTTP Request: POST http://test/api/v1/ai/backward-chaining/run "HTTP/1.1 200 OK"
2026-08-09 11:59:20 | INFO | app.ai.backward_chaining:evaluate_goal:268 | Backward Chaining evaluated goal='PRIVILEGE_ESCALATION' proven=False conf=0.0000 in 0.04ms
2026-08-09 11:59:20 | INFO | httpx._client:_send_single_request:1740 | HTTP Request: POST http://test/api/backward-chaining/evaluate/1?goal=PRIVILEGE_ESCALATION "HTTP/1.1 200 OK"
2026-08-09 11:59:20 | INFO | httpx._client:_send_single_request:1740 | HTTP Request: POST http://test/api/v1/ai/backward-chaining/run "HTTP/1.1 400 Bad Request"
2026-08-09 11:59:21 | INFO | httpx._client:_send_single_request:1740 | HTTP Request: POST http://test/api/cases/ "HTTP/1.1 201 Created"
2026-08-09 11:59:22 | INFO | httpx._client:_send_single_request:1740 | HTTP Request: GET http://test/api/cases/?search=Malware "HTTP/1.1 200 OK"
2026-08-09 11:59:22 | INFO | httpx._client:_send_single_request:1740 | HTTP Request: POST http://test/api/evidence/upload "HTTP/1.1 201 Created"
2026-08-09 11:59:23 | INFO | httpx._client:_send_single_request:1740 | HTTP Request: POST http://test/api/parser/parse/1 "HTTP/1.1 202 Accepted"
2026-08-09 11:59:23 | INFO | httpx._client:_send_single_request:1740 | HTTP Request: POST http://test/api/normalize/1 "HTTP/1.1 202 Accepted"
2026-08-09 11:59:23 | INFO | httpx._client:_send_single_request:1740 | HTTP Request: POST http://test/api/graph/build/1 "HTTP/1.1 202 Accepted"
2026-08-09 11:59:23 | INFO | httpx._client:_send_single_request:1740 | HTTP Request: POST http://test/api/csp/validate/1 "HTTP/1.1 202 Accepted"
2026-08-09 11:59:23 | INFO | httpx._client:_send_single_request:1740 | HTTP Request: GET http://test/api/csp/status/1 "HTTP/1.1 200 OK"
2026-08-09 11:59:23 | INFO | httpx._client:_send_single_request:1740 | HTTP Request: GET http://test/api/csp/results/1 "HTTP/1.1 200 OK"
2026-08-09 11:59:24 | INFO | httpx._client:_send_single_request:1740 | HTTP Request: GET http://test/health "HTTP/1.1 200 OK"
2026-08-09 11:59:24 | INFO | httpx._client:_send_single_request:1740 | HTTP Request: GET http://test/api/v1/cases/1 "HTTP/1.1 404 Not Found"
2026-08-09 11:59:24 | INFO | app.ai.backward_chaining:evaluate_goal:268 | Backward Chaining evaluated goal='DATA_EXFILTRATION' proven=False conf=0.0000 in 0.01ms
2026-08-09 11:59:24 | INFO | app.ai.backward_chaining:evaluate_goal:268 | Backward Chaining evaluated goal='PRIVILEGE_ESCALATION' proven=False conf=0.0000 in 0.02ms
2026-08-09 11:59:24 | INFO | app.ai.backward_chaining:evaluate_goal:268 | Backward Chaining evaluated goal='LATERAL_MOVEMENT' proven=False conf=0.0000 in 0.02ms
2026-08-09 11:59:24 | INFO | app.ai.backward_chaining:evaluate_goal:268 | Backward Chaining evaluated goal='DATA_EXFILTRATION' proven=False conf=0.0000 in 0.01ms
2026-08-09 11:59:24 | INFO | app.ai.backward_chaining:evaluate_goal:268 | Backward Chaining evaluated goal='PRIVILEGE_ESCALATION' proven=False conf=0.0000 in 0.02ms
2026-08-09 11:59:24 | INFO | app.ai.backward_chaining:evaluate_goal:268 | Backward Chaining evaluated goal='LATERAL_MOVEMENT' proven=False conf=0.0000 in 0.02ms
2026-08-09 11:59:24 | INFO | app.ai.backward_chaining:evaluate_goal:268 | Backward Chaining evaluated goal='PERSISTENCE' proven=False conf=0.0000 in 0.01ms
2026-08-09 11:59:24 | INFO | app.ai.backward_chaining:evaluate_goal:268 | Backward Chaining evaluated goal='DATA_EXFILTRATION' proven=False conf=0.0000 in 0.02ms
2026-08-09 11:59:24 | INFO | app.ai.backward_chaining:evaluate_goal:268 | Backward Chaining evaluated goal='PRIVILEGE_ESCALATION' proven=False conf=0.0000 in 0.02ms
2026-08-09 11:59:24 | INFO | app.ai.backward_chaining:evaluate_goal:268 | Backward Chaining evaluated goal='LATERAL_MOVEMENT' proven=False conf=0.0000 in 0.02ms
2026-08-09 11:59:24 | INFO | app.ai.backward_chaining:evaluate_goal:268 | Backward Chaining evaluated goal='DATA_EXFILTRATION' proven=False conf=0.0000 in 0.03ms
2026-08-09 11:59:24 | INFO | app.ai.backward_chaining:evaluate_goal:268 | Backward Chaining evaluated goal='PRIVILEGE_ESCALATION' proven=False conf=0.0000 in 0.02ms
2026-08-09 11:59:24 | INFO | app.ai.backward_chaining:evaluate_goal:268 | Backward Chaining evaluated goal='LATERAL_MOVEMENT' proven=False conf=0.0000 in 0.02ms
2026-08-09 11:59:24 | INFO | app.ai.backward_chaining:evaluate_goal:268 | Backward Chaining evaluated goal='DATA_EXFILTRATION' proven=False conf=0.0000 in 0.02ms
2026-08-09 11:59:24 | INFO | app.ai.backward_chaining:evaluate_goal:268 | Backward Chaining evaluated goal='PRIVILEGE_ESCALATION' proven=False conf=0.0000 in 0.03ms
2026-08-09 11:59:24 | INFO | app.ai.backward_chaining:evaluate_goal:268 | Backward Chaining evaluated goal='LATERAL_MOVEMENT' proven=False conf=0.0000 in 0.02ms
2026-08-09 11:59:24 | INFO | app.ai.backward_chaining:evaluate_goal:268 | Backward Chaining evaluated goal='DATA_EXFILTRATION' proven=False conf=0.0000 in 0.03ms
2026-08-09 11:59:24 | INFO | app.ai.backward_chaining:evaluate_goal:268 | Backward Chaining evaluated goal='PRIVILEGE_ESCALATION' proven=False conf=0.0000 in 0.04ms
2026-08-09 11:59:24 | INFO | app.ai.backward_chaining:evaluate_goal:268 | Backward Chaining evaluated goal='LATERAL_MOVEMENT' proven=False conf=0.0000 in 0.02ms
2026-08-09 11:59:24 | INFO | app.ai.backward_chaining:evaluate_goal:268 | Backward Chaining evaluated goal='PERSISTENCE' proven=False conf=0.0000 in 0.02ms
2026-08-09 11:59:24 | INFO | app.ai.backward_chaining:evaluate_goal:268 | Backward Chaining evaluated goal='DATA_EXFILTRATION' proven=False conf=0.0000 in 0.02ms
2026-08-09 11:59:24 | INFO | app.ai.backward_chaining:evaluate_goal:268 | Backward Chaining evaluated goal='PRIVILEGE_ESCALATION' proven=False conf=0.0000 in 0.02ms
2026-08-09 11:59:24 | INFO | app.ai.backward_chaining:evaluate_goal:268 | Backward Chaining evaluated goal='LATERAL_MOVEMENT' proven=False conf=0.0000 in 0.02ms
2026-08-09 11:59:24 | INFO | app.ai.backward_chaining:evaluate_goal:268 | Backward Chaining evaluated goal='DATA_EXFILTRATION' proven=False conf=0.0000 in 0.02ms
2026-08-09 11:59:24 | INFO | app.ai.backward_chaining:evaluate_goal:268 | Backward Chaining evaluated goal='PRIVILEGE_ESCALATION' proven=False conf=0.0000 in 0.02ms
2026-08-09 11:59:24 | INFO | app.ai.backward_chaining:evaluate_goal:268 | Backward Chaining evaluated goal='LATERAL_MOVEMENT' proven=False conf=0.0000 in 0.02ms
2026-08-09 11:59:24 | INFO | app.ai.backward_chaining:evaluate_goal:268 | Backward Chaining evaluated goal='DATA_EXFILTRATION' proven=False conf=0.0000 in 0.02ms
2026-08-09 11:59:24 | INFO | app.ai.backward_chaining:evaluate_goal:268 | Backward Chaining evaluated goal='PRIVILEGE_ESCALATION' proven=False conf=0.0000 in 0.04ms
2026-08-09 11:59:24 | INFO | app.ai.backward_chaining:evaluate_goal:268 | Backward Chaining evaluated goal='LATERAL_MOVEMENT' proven=False conf=0.0000 in 0.02ms
2026-08-09 11:59:24 | INFO | app.ai.backward_chaining:evaluate_goal:268 | Backward Chaining evaluated goal='DATA_EXFILTRATION' proven=False conf=0.0000 in 0.01ms
2026-08-09 11:59:24 | INFO | app.ai.backward_chaining:evaluate_goal:268 | Backward Chaining evaluated goal='PRIVILEGE_ESCALATION' proven=False conf=0.0000 in 0.03ms
2026-08-09 11:59:24 | INFO | app.ai.backward_chaining:evaluate_goal:268 | Backward Chaining evaluated goal='LATERAL_MOVEMENT' proven=False conf=0.0000 in 0.04ms
2026-08-09 11:59:24 | INFO | app.ai.backward_chaining:evaluate_goal:268 | Backward Chaining evaluated goal='PERSISTENCE' proven=False conf=0.0000 in 0.03ms
2026-08-09 11:59:24 | INFO | app.ai.backward_chaining:evaluate_goal:268 | Backward Chaining evaluated goal='DATA_EXFILTRATION' proven=False conf=0.0000 in 0.02ms
2026-08-09 11:59:24 | INFO | app.ai.backward_chaining:evaluate_goal:268 | Backward Chaining evaluated goal='PRIVILEGE_ESCALATION' proven=False conf=0.0000 in 0.02ms
2026-08-09 11:59:24 | INFO | app.ai.backward_chaining:evaluate_goal:268 | Backward Chaining evaluated goal='LATERAL_MOVEMENT' proven=False conf=0.0000 in 0.02ms
2026-08-09 11:59:24 | INFO | app.ai.backward_chaining:evaluate_goal:268 | Backward Chaining evaluated goal='DATA_EXFILTRATION' proven=False conf=0.0000 in 0.02ms
2026-08-09 11:59:24 | INFO | app.ai.backward_chaining:evaluate_goal:268 | Backward Chaining evaluated goal='PRIVILEGE_ESCALATION' proven=False conf=0.0000 in 0.04ms
2026-08-09 11:59:24 | INFO | app.ai.backward_chaining:evaluate_goal:268 | Backward Chaining evaluated goal='LATERAL_MOVEMENT' proven=False conf=0.0000 in 0.04ms
2026-08-09 11:59:24 | INFO | app.ai.backward_chaining:evaluate_goal:268 | Backward Chaining evaluated goal='DATA_EXFILTRATION' proven=False conf=0.0000 in 0.02ms
2026-08-09 11:59:24 | INFO | app.ai.backward_chaining:evaluate_goal:268 | Backward Chaining evaluated goal='PRIVILEGE_ESCALATION' proven=False conf=0.0000 in 0.02ms
2026-08-09 11:59:24 | INFO | app.ai.backward_chaining:evaluate_goal:268 | Backward Chaining evaluated goal='LATERAL_MOVEMENT' proven=False conf=0.0000 in 0.02ms
2026-08-09 11:59:24 | INFO | app.ai.backward_chaining:evaluate_goal:268 | Backward Chaining evaluated goal='DATA_EXFILTRATION' proven=False conf=0.0000 in 0.02ms
2026-08-09 11:59:24 | INFO | app.ai.backward_chaining:evaluate_goal:268 | Backward Chaining evaluated goal='PRIVILEGE_ESCALATION' proven=False conf=0.0000 in 0.02ms
2026-08-09 11:59:24 | INFO | app.ai.backward_chaining:evaluate_goal:268 | Backward Chaining evaluated goal='LATERAL_MOVEMENT' proven=False conf=0.0000 in 0.02ms
2026-08-09 11:59:24 | INFO | app.ai.backward_chaining:evaluate_goal:268 | Backward Chaining evaluated goal='PERSISTENCE' proven=False conf=0.0000 in 0.01ms
2026-08-09 11:59:24 | INFO | app.ai.backward_chaining:evaluate_goal:268 | Backward Chaining evaluated goal='DATA_EXFILTRATION' proven=False conf=0.0000 in 0.02ms
2026-08-09 11:59:24 | INFO | app.ai.backward_chaining:evaluate_goal:268 | Backward Chaining evaluated goal='PRIVILEGE_ESCALATION' proven=False conf=0.0000 in 0.02ms
2026-08-09 11:59:24 | INFO | app.ai.backward_chaining:evaluate_goal:268 | Backward Chaining evaluated goal='LATERAL_MOVEMENT' proven=False conf=0.0000 in 0.02ms
2026-08-09 11:59:24 | INFO | app.ai.backward_chaining:evaluate_goal:268 | Backward Chaining evaluated goal='DATA_EXFILTRATION' proven=False conf=0.0000 in 0.02ms
2026-08-09 11:59:24 | INFO | app.ai.backward_chaining:evaluate_goal:268 | Backward Chaining evaluated goal='PRIVILEGE_ESCALATION' proven=False conf=0.0000 in 0.02ms
2026-08-09 11:59:24 | INFO | app.ai.backward_chaining:evaluate_goal:268 | Backward Chaining evaluated goal='LATERAL_MOVEMENT' proven=False conf=0.0000 in 0.02ms
2026-08-09 11:59:24 | INFO | httpx._client:_send_single_request:1740 | HTTP Request: POST http://test/api/v1/cases/1/reports "HTTP/1.1 201 Created"
2026-08-09 11:59:24 | INFO | httpx._client:_send_single_request:1740 | HTTP Request: GET http://test/api/v1/cases/1/reports/227ccb90-2e37-4950-9539-42c21aaf5496/download "HTTP/1.1 200 OK"
2026-08-09 11:59:24 | INFO | app.ai.backward_chaining:evaluate_goal:268 | Backward Chaining evaluated goal='DATA_EXFILTRATION' proven=False conf=0.0000 in 0.02ms
2026-08-09 11:59:24 | INFO | app.ai.backward_chaining:evaluate_goal:268 | Backward Chaining evaluated goal='PRIVILEGE_ESCALATION' proven=False conf=0.0000 in 0.02ms
2026-08-09 11:59:24 | INFO | app.ai.backward_chaining:evaluate_goal:268 | Backward Chaining evaluated goal='LATERAL_MOVEMENT' proven=False conf=0.0000 in 0.02ms
2026-08-09 11:59:24 | INFO | app.ai.backward_chaining:evaluate_goal:268 | Backward Chaining evaluated goal='DATA_EXFILTRATION' proven=False conf=0.0000 in 0.01ms
2026-08-09 11:59:24 | INFO | app.ai.backward_chaining:evaluate_goal:268 | Backward Chaining evaluated goal='PRIVILEGE_ESCALATION' proven=False conf=0.0000 in 0.02ms
2026-08-09 11:59:24 | INFO | app.ai.backward_chaining:evaluate_goal:268 | Backward Chaining evaluated goal='LATERAL_MOVEMENT' proven=False conf=0.0000 in 0.02ms
2026-08-09 11:59:24 | INFO | app.ai.backward_chaining:evaluate_goal:268 | Backward Chaining evaluated goal='PERSISTENCE' proven=False conf=0.0000 in 0.01ms
2026-08-09 11:59:24 | INFO | app.ai.backward_chaining:evaluate_goal:268 | Backward Chaining evaluated goal='DATA_EXFILTRATION' proven=False conf=0.0000 in 0.02ms
2026-08-09 11:59:24 | INFO | app.ai.backward_chaining:evaluate_goal:268 | Backward Chaining evaluated goal='PRIVILEGE_ESCALATION' proven=False conf=0.0000 in 0.02ms
2026-08-09 11:59:24 | INFO | app.ai.backward_chaining:evaluate_goal:268 | Backward Chaining evaluated goal='LATERAL_MOVEMENT' proven=False conf=0.0000 in 0.02ms
2026-08-09 11:59:24 | INFO | app.ai.backward_chaining:evaluate_goal:268 | Backward Chaining evaluated goal='DATA_EXFILTRATION' proven=False conf=0.0000 in 0.03ms
2026-08-09 11:59:24 | INFO | app.ai.backward_chaining:evaluate_goal:268 | Backward Chaining evaluated goal='PRIVILEGE_ESCALATION' proven=False conf=0.0000 in 0.04ms
2026-08-09 11:59:24 | INFO | app.ai.backward_chaining:evaluate_goal:268 | Backward Chaining evaluated goal='LATERAL_MOVEMENT' proven=False conf=0.0000 in 0.02ms
2026-08-09 11:59:24 | INFO | app.ai.backward_chaining:evaluate_goal:268 | Backward Chaining evaluated goal='DATA_EXFILTRATION' proven=False conf=0.0000 in 0.02ms
2026-08-09 11:59:24 | INFO | app.ai.backward_chaining:evaluate_goal:268 | Backward Chaining evaluated goal='PRIVILEGE_ESCALATION' proven=False conf=0.0000 in 0.02ms
2026-08-09 11:59:24 | INFO | app.ai.backward_chaining:evaluate_goal:268 | Backward Chaining evaluated goal='LATERAL_MOVEMENT' proven=False conf=0.0000 in 0.02ms
2026-08-09 11:59:24 | INFO | app.ai.backward_chaining:evaluate_goal:268 | Backward Chaining evaluated goal='DATA_EXFILTRATION' proven=False conf=0.0000 in 0.02ms
2026-08-09 11:59:24 | INFO | app.ai.backward_chaining:evaluate_goal:268 | Backward Chaining evaluated goal='PRIVILEGE_ESCALATION' proven=False conf=0.0000 in 0.02ms
2026-08-09 11:59:24 | INFO | app.ai.backward_chaining:evaluate_goal:268 | Backward Chaining evaluated goal='LATERAL_MOVEMENT' proven=False conf=0.0000 in 0.02ms
2026-08-09 11:59:24 | INFO | app.ai.backward_chaining:evaluate_goal:268 | Backward Chaining evaluated goal='PERSISTENCE' proven=False conf=0.0000 in 0.02ms
2026-08-09 11:59:24 | INFO | app.ai.backward_chaining:evaluate_goal:268 | Backward Chaining evaluated goal='DATA_EXFILTRATION' proven=False conf=0.0000 in 0.02ms
2026-08-09 11:59:24 | INFO | app.ai.backward_chaining:evaluate_goal:268 | Backward Chaining evaluated goal='PRIVILEGE_ESCALATION' proven=False conf=0.0000 in 0.02ms
2026-08-09 11:59:24 | INFO | app.ai.backward_chaining:evaluate_goal:268 | Backward Chaining evaluated goal='LATERAL_MOVEMENT' proven=False conf=0.0000 in 0.02ms
2026-08-09 11:59:24 | INFO | app.ai.backward_chaining:evaluate_goal:268 | Backward Chaining evaluated goal='DATA_EXFILTRATION' proven=False conf=0.0000 in 0.02ms
2026-08-09 11:59:24 | INFO | app.ai.backward_chaining:evaluate_goal:268 | Backward Chaining evaluated goal='PRIVILEGE_ESCALATION' proven=False conf=0.0000 in 0.02ms
2026-08-09 11:59:24 | INFO | app.ai.backward_chaining:evaluate_goal:268 | Backward Chaining evaluated goal='LATERAL_MOVEMENT' proven=False conf=0.0000 in 0.02ms
2026-08-09 11:59:24 | INFO | httpx._client:_send_single_request:1740 | HTTP Request: POST http://test/api/v1/cases/1/reports "HTTP/1.1 201 Created"
2026-08-09 11:59:24 | INFO | httpx._client:_send_single_request:1740 | HTTP Request: GET http://test/api/v1/cases/1/reports/3f36646b-ef23-447f-9ee5-b460a4098e47/download "HTTP/1.1 200 OK"
2026-08-09 11:59:25 | INFO | app.ai.backward_chaining:evaluate_goal:268 | Backward Chaining evaluated goal='DATA_EXFILTRATION' proven=False conf=0.0000 in 0.01ms
2026-08-09 11:59:25 | INFO | app.ai.backward_chaining:evaluate_goal:268 | Backward Chaining evaluated goal='PRIVILEGE_ESCALATION' proven=False conf=0.0000 in 0.02ms
2026-08-09 11:59:25 | INFO | app.ai.backward_chaining:evaluate_goal:268 | Backward Chaining evaluated goal='LATERAL_MOVEMENT' proven=False conf=0.0000 in 0.02ms
2026-08-09 11:59:25 | INFO | app.ai.backward_chaining:evaluate_goal:268 | Backward Chaining evaluated goal='PERSISTENCE' proven=False conf=0.0000 in 0.01ms
2026-08-09 11:59:25 | INFO | app.ai.backward_chaining:evaluate_goal:268 | Backward Chaining evaluated goal='DATA_EXFILTRATION' proven=False conf=0.0000 in 0.02ms
2026-08-09 11:59:25 | INFO | app.ai.backward_chaining:evaluate_goal:268 | Backward Chaining evaluated goal='PRIVILEGE_ESCALATION' proven=False conf=0.0000 in 0.02ms
2026-08-09 11:59:25 | INFO | app.ai.backward_chaining:evaluate_goal:268 | Backward Chaining evaluated goal='LATERAL_MOVEMENT' proven=False conf=0.0000 in 0.03ms
2026-08-09 11:59:25 | INFO | app.ai.backward_chaining:evaluate_goal:268 | Backward Chaining evaluated goal='PERSISTENCE' proven=False conf=0.0000 in 0.01ms
2026-08-09 11:59:25 | INFO | app.ai.backward_chaining:evaluate_goal:268 | Backward Chaining evaluated goal='DATA_EXFILTRATION' proven=False conf=0.0000 in 0.02ms
2026-08-09 11:59:25 | INFO | app.ai.backward_chaining:evaluate_goal:268 | Backward Chaining evaluated goal='PRIVILEGE_ESCALATION' proven=False conf=0.0000 in 0.02ms
2026-08-09 11:59:25 | INFO | app.ai.backward_chaining:evaluate_goal:268 | Backward Chaining evaluated goal='LATERAL_MOVEMENT' proven=False conf=0.0000 in 0.03ms
2026-08-09 11:59:25 | INFO | app.ai.backward_chaining:evaluate_goal:268 | Backward Chaining evaluated goal='PERSISTENCE' proven=False conf=0.0000 in 0.02ms
2026-08-09 11:59:26 | INFO | httpx._client:_send_single_request:1740 | HTTP Request: GET http://test/api/v1/cases/1/reports/history "HTTP/1.1 401 Unauthorized"
2026-08-09 11:59:26 | INFO | httpx._client:_send_single_request:1740 | HTTP Request: GET http://test/api/v1/cases/1/reports/history "HTTP/1.1 401 Unauthorized"
2026-08-09 11:59:27 | INFO | app.ai.backward_chaining:evaluate_goal:268 | Backward Chaining evaluated goal='DATA_EXFILTRATION' proven=False conf=0.0000 in 0.02ms
2026-08-09 11:59:27 | INFO | app.ai.backward_chaining:evaluate_goal:268 | Backward Chaining evaluated goal='PRIVILEGE_ESCALATION' proven=False conf=0.0000 in 0.02ms
2026-08-09 11:59:27 | INFO | app.ai.backward_chaining:evaluate_goal:268 | Backward Chaining evaluated goal='LATERAL_MOVEMENT' proven=False conf=0.0000 in 0.02ms
2026-08-09 11:59:27 | INFO | app.ai.backward_chaining:evaluate_goal:268 | Backward Chaining evaluated goal='DATA_EXFILTRATION' proven=False conf=0.0000 in 0.02ms
2026-08-09 11:59:27 | INFO | app.ai.backward_chaining:evaluate_goal:268 | Backward Chaining evaluated goal='PRIVILEGE_ESCALATION' proven=False conf=0.0000 in 0.02ms
2026-08-09 11:59:27 | INFO | app.ai.backward_chaining:evaluate_goal:268 | Backward Chaining evaluated goal='LATERAL_MOVEMENT' proven=False conf=0.0000 in 0.02ms
2026-08-09 11:59:27 | INFO | app.ai.backward_chaining:evaluate_goal:268 | Backward Chaining evaluated goal='PERSISTENCE' proven=False conf=0.0000 in 0.01ms
2026-08-09 11:59:27 | INFO | app.ai.backward_chaining:evaluate_goal:268 | Backward Chaining evaluated goal='DATA_EXFILTRATION' proven=False conf=0.0000 in 0.02ms
2026-08-09 11:59:27 | INFO | app.ai.backward_chaining:evaluate_goal:268 | Backward Chaining evaluated goal='PRIVILEGE_ESCALATION' proven=False conf=0.0000 in 0.02ms
2026-08-09 11:59:27 | INFO | app.ai.backward_chaining:evaluate_goal:268 | Backward Chaining evaluated goal='LATERAL_MOVEMENT' proven=False conf=0.0000 in 0.02ms
2026-08-09 11:59:27 | INFO | app.ai.backward_chaining:evaluate_goal:268 | Backward Chaining evaluated goal='DATA_EXFILTRATION' proven=False conf=0.0000 in 0.01ms
2026-08-09 11:59:27 | INFO | app.ai.backward_chaining:evaluate_goal:268 | Backward Chaining evaluated goal='PRIVILEGE_ESCALATION' proven=False conf=0.0000 in 0.02ms
2026-08-09 11:59:27 | INFO | app.ai.backward_chaining:evaluate_goal:268 | Backward Chaining evaluated goal='LATERAL_MOVEMENT' proven=False conf=0.0000 in 0.02ms
2026-08-09 11:59:27 | INFO | httpx._client:_send_single_request:1740 | HTTP Request: POST http://test/api/evidence/upload "HTTP/1.1 201 Created"
2026-08-09 11:59:28 | INFO | httpx._client:_send_single_request:1740 | HTTP Request: POST http://test/api/evidence/upload "HTTP/1.1 400 Bad Request"
2026-08-09 11:59:28 | INFO | httpx._client:_send_single_request:1740 | HTTP Request: POST http://test/api/evidence/upload "HTTP/1.1 201 Created"
2026-08-09 11:59:28 | INFO | httpx._client:_send_single_request:1740 | HTTP Request: POST http://test/api/evidence/upload "HTTP/1.1 409 Conflict"
2026-08-09 11:59:29 | INFO | app.services.forward_chaining_service:run_forward_chaining:135 | Running Forward Chaining for Case ID 1 with 6 initial fact(s).
2026-08-09 11:59:29 | INFO | app.services.forward_chaining_service:run_forward_chaining:151 | Forward Chaining completed for Case ID 1 | Fired Rules: 2 | Derived Facts: 4 | Time: 0.036 ms
2026-08-09 11:59:29 | INFO | httpx._client:_send_single_request:1740 | HTTP Request: POST http://test/api/v1/ai/forward-chaining/run "HTTP/1.1 200 OK"
2026-08-09 11:59:29 | WARNING | app.services.forward_chaining_service:run_forward_chaining:49 | Forward Chaining failed: Case ID 999999 not found.
2026-08-09 11:59:29 | INFO | httpx._client:_send_single_request:1740 | HTTP Request: POST http://test/api/v1/ai/forward-chaining/run "HTTP/1.1 404 Not Found"
2026-08-09 11:59:30 | INFO | httpx._client:_send_single_request:1740 | HTTP Request: POST http://test/api/evidence/upload "HTTP/1.1 201 Created"
2026-08-09 11:59:30 | INFO | httpx._client:_send_single_request:1740 | HTTP Request: POST http://test/api/parser/parse/1 "HTTP/1.1 202 Accepted"
2026-08-09 11:59:30 | INFO | httpx._client:_send_single_request:1740 | HTTP Request: POST http://test/api/normalize/1 "HTTP/1.1 202 Accepted"
2026-08-09 11:59:30 | INFO | httpx._client:_send_single_request:1740 | HTTP Request: POST http://test/api/graph/build/1 "HTTP/1.1 202 Accepted"
2026-08-09 11:59:30 | INFO | httpx._client:_send_single_request:1740 | HTTP Request: GET http://test/api/graph/1 "HTTP/1.1 200 OK"
2026-08-09 11:59:30 | INFO | httpx._client:_send_single_request:1740 | HTTP Request: GET http://test/api/graph/statistics/1 "HTTP/1.1 200 OK"
2026-08-09 11:59:30 | INFO | app.ai.backward_chaining:evaluate_goal:268 | Backward Chaining evaluated goal='DATA_EXFILTRATION' proven=False conf=0.0000 in 0.01ms
2026-08-09 11:59:30 | INFO | app.ai.backward_chaining:evaluate_goal:268 | Backward Chaining evaluated goal='PRIVILEGE_ESCALATION' proven=False conf=0.0000 in 0.02ms
2026-08-09 11:59:30 | INFO | app.ai.backward_chaining:evaluate_goal:268 | Backward Chaining evaluated goal='LATERAL_MOVEMENT' proven=False conf=0.0000 in 0.02ms
2026-08-09 11:59:30 | INFO | app.ai.backward_chaining:evaluate_goal:268 | Backward Chaining evaluated goal='DATA_EXFILTRATION' proven=False conf=0.0000 in 0.03ms
2026-08-09 11:59:30 | INFO | app.ai.backward_chaining:evaluate_goal:268 | Backward Chaining evaluated goal='PRIVILEGE_ESCALATION' proven=False conf=0.0000 in 0.03ms
2026-08-09 11:59:30 | INFO | app.ai.backward_chaining:evaluate_goal:268 | Backward Chaining evaluated goal='LATERAL_MOVEMENT' proven=False conf=0.0000 in 0.03ms
2026-08-09 11:59:30 | INFO | app.ai.backward_chaining:evaluate_goal:268 | Backward Chaining evaluated goal='PERSISTENCE' proven=False conf=0.0000 in 0.02ms
2026-08-09 11:59:30 | INFO | app.ai.backward_chaining:evaluate_goal:268 | Backward Chaining evaluated goal='DATA_EXFILTRATION' proven=False conf=0.0000 in 0.02ms
2026-08-09 11:59:30 | INFO | app.ai.backward_chaining:evaluate_goal:268 | Backward Chaining evaluated goal='PRIVILEGE_ESCALATION' proven=False conf=0.0000 in 0.02ms
2026-08-09 11:59:30 | INFO | app.ai.backward_chaining:evaluate_goal:268 | Backward Chaining evaluated goal='LATERAL_MOVEMENT' proven=False conf=0.0000 in 0.02ms
2026-08-09 11:59:30 | INFO | app.ai.backward_chaining:evaluate_goal:268 | Backward Chaining evaluated goal='DATA_EXFILTRATION' proven=False conf=0.0000 in 0.01ms
2026-08-09 11:59:30 | INFO | app.ai.backward_chaining:evaluate_goal:268 | Backward Chaining evaluated goal='PRIVILEGE_ESCALATION' proven=False conf=0.0000 in 0.03ms
2026-08-09 11:59:30 | INFO | app.ai.backward_chaining:evaluate_goal:268 | Backward Chaining evaluated goal='LATERAL_MOVEMENT' proven=False conf=0.0000 in 0.03ms
2026-08-09 11:59:30 | INFO | httpx._client:_send_single_request:1740 | HTTP Request: GET http://test/api/v1/cases/1/investigation-summary "HTTP/1.1 200 OK"
2026-08-09 11:59:30 | INFO | app.ai.backward_chaining:evaluate_goal:268 | Backward Chaining evaluated goal='DATA_EXFILTRATION' proven=False conf=0.0000 in 0.02ms
2026-08-09 11:59:30 | INFO | app.ai.backward_chaining:evaluate_goal:268 | Backward Chaining evaluated goal='PRIVILEGE_ESCALATION' proven=False conf=0.0000 in 0.02ms
2026-08-09 11:59:30 | INFO | app.ai.backward_chaining:evaluate_goal:268 | Backward Chaining evaluated goal='LATERAL_MOVEMENT' proven=False conf=0.0000 in 0.02ms
2026-08-09 11:59:31 | INFO | app.ai.backward_chaining:evaluate_goal:268 | Backward Chaining evaluated goal='DATA_EXFILTRATION' proven=False conf=0.0000 in 0.02ms
2026-08-09 11:59:31 | INFO | app.ai.backward_chaining:evaluate_goal:268 | Backward Chaining evaluated goal='PRIVILEGE_ESCALATION' proven=False conf=0.0000 in 0.02ms
2026-08-09 11:59:31 | INFO | app.ai.backward_chaining:evaluate_goal:268 | Backward Chaining evaluated goal='LATERAL_MOVEMENT' proven=False conf=0.0000 in 0.02ms
2026-08-09 11:59:31 | INFO | app.ai.backward_chaining:evaluate_goal:268 | Backward Chaining evaluated goal='PERSISTENCE' proven=False conf=0.0000 in 0.02ms
2026-08-09 11:59:31 | INFO | app.ai.backward_chaining:evaluate_goal:268 | Backward Chaining evaluated goal='DATA_EXFILTRATION' proven=False conf=0.0000 in 0.02ms
2026-08-09 11:59:31 | INFO | app.ai.backward_chaining:evaluate_goal:268 | Backward Chaining evaluated goal='PRIVILEGE_ESCALATION' proven=False conf=0.0000 in 0.02ms
2026-08-09 11:59:31 | INFO | app.ai.backward_chaining:evaluate_goal:268 | Backward Chaining evaluated goal='LATERAL_MOVEMENT' proven=False conf=0.0000 in 0.02ms
2026-08-09 11:59:31 | INFO | app.ai.backward_chaining:evaluate_goal:268 | Backward Chaining evaluated goal='DATA_EXFILTRATION' proven=False conf=0.0000 in 0.02ms
2026-08-09 11:59:31 | INFO | app.ai.backward_chaining:evaluate_goal:268 | Backward Chaining evaluated goal='PRIVILEGE_ESCALATION' proven=False conf=0.0000 in 0.02ms
2026-08-09 11:59:31 | INFO | app.ai.backward_chaining:evaluate_goal:268 | Backward Chaining evaluated goal='LATERAL_MOVEMENT' proven=False conf=0.0000 in 0.02ms
2026-08-09 11:59:31 | INFO | httpx._client:_send_single_request:1740 | HTTP Request: GET http://test/api/investigation-summary/1 "HTTP/1.1 200 OK"
2026-08-09 11:59:31 | INFO | httpx._client:_send_single_request:1740 | HTTP Request: POST http://test/api/evidence/upload "HTTP/1.1 201 Created"
2026-08-09 11:59:31 | INFO | httpx._client:_send_single_request:1740 | HTTP Request: POST http://test/api/parser/parse/1 "HTTP/1.1 202 Accepted"
2026-08-09 11:59:31 | INFO | httpx._client:_send_single_request:1740 | HTTP Request: POST http://test/api/normalize/1 "HTTP/1.1 202 Accepted"
2026-08-09 11:59:31 | INFO | httpx._client:_send_single_request:1740 | HTTP Request: GET http://test/api/normalized-events/1 "HTTP/1.1 200 OK"
2026-08-09 11:59:32 | INFO | httpx._client:_send_single_request:1740 | HTTP Request: POST http://test/api/evidence/upload "HTTP/1.1 201 Created"
2026-08-09 11:59:32 | INFO | httpx._client:_send_single_request:1740 | HTTP Request: POST http://test/api/parser/parse/1 "HTTP/1.1 202 Accepted"
2026-08-09 11:59:32 | INFO | httpx._client:_send_single_request:1740 | HTTP Request: GET http://test/api/parser/events/case/1 "HTTP/1.1 200 OK"
2026-08-09 11:59:32 | INFO | app.ai.backward_chaining:evaluate_goal:268 | Backward Chaining evaluated goal='DATA_EXFILTRATION' proven=False conf=0.0000 in 0.01ms
2026-08-09 11:59:32 | INFO | app.ai.backward_chaining:evaluate_goal:268 | Backward Chaining evaluated goal='PRIVILEGE_ESCALATION' proven=False conf=0.0000 in 0.02ms
2026-08-09 11:59:32 | INFO | app.ai.backward_chaining:evaluate_goal:268 | Backward Chaining evaluated goal='LATERAL_MOVEMENT' proven=False conf=0.0000 in 0.02ms
2026-08-09 11:59:32 | INFO | app.ai.backward_chaining:evaluate_goal:268 | Backward Chaining evaluated goal='DATA_EXFILTRATION' proven=False conf=0.0000 in 0.02ms
2026-08-09 11:59:32 | INFO | app.ai.backward_chaining:evaluate_goal:268 | Backward Chaining evaluated goal='PRIVILEGE_ESCALATION' proven=False conf=0.0000 in 0.02ms
2026-08-09 11:59:32 | INFO | app.ai.backward_chaining:evaluate_goal:268 | Backward Chaining evaluated goal='LATERAL_MOVEMENT' proven=False conf=0.0000 in 0.02ms
2026-08-09 11:59:32 | INFO | app.ai.backward_chaining:evaluate_goal:268 | Backward Chaining evaluated goal='PERSISTENCE' proven=False conf=0.0000 in 0.02ms
2026-08-09 11:59:32 | INFO | app.ai.backward_chaining:evaluate_goal:268 | Backward Chaining evaluated goal='DATA_EXFILTRATION' proven=False conf=0.0000 in 0.02ms
2026-08-09 11:59:32 | INFO | app.ai.backward_chaining:evaluate_goal:268 | Backward Chaining evaluated goal='PRIVILEGE_ESCALATION' proven=False conf=0.0000 in 0.03ms
2026-08-09 11:59:32 | INFO | app.ai.backward_chaining:evaluate_goal:268 | Backward Chaining evaluated goal='LATERAL_MOVEMENT' proven=False conf=0.0000 in 0.09ms
2026-08-09 11:59:32 | INFO | app.ai.backward_chaining:evaluate_goal:268 | Backward Chaining evaluated goal='DATA_EXFILTRATION' proven=False conf=0.0000 in 0.01ms
2026-08-09 11:59:32 | INFO | app.ai.backward_chaining:evaluate_goal:268 | Backward Chaining evaluated goal='PRIVILEGE_ESCALATION' proven=False conf=0.0000 in 0.02ms
2026-08-09 11:59:32 | INFO | app.ai.backward_chaining:evaluate_goal:268 | Backward Chaining evaluated goal='LATERAL_MOVEMENT' proven=False conf=0.0000 in 0.02ms
2026-08-09 11:59:32 | INFO | app.ai.backward_chaining:evaluate_goal:268 | Backward Chaining evaluated goal='DATA_EXFILTRATION' proven=False conf=0.0000 in 0.02ms
2026-08-09 11:59:32 | INFO | app.ai.backward_chaining:evaluate_goal:268 | Backward Chaining evaluated goal='PRIVILEGE_ESCALATION' proven=False conf=0.0000 in 0.02ms
2026-08-09 11:59:32 | INFO | app.ai.backward_chaining:evaluate_goal:268 | Backward Chaining evaluated goal='LATERAL_MOVEMENT' proven=False conf=0.0000 in 0.02ms
2026-08-09 11:59:33 | INFO | app.ai.backward_chaining:evaluate_goal:268 | Backward Chaining evaluated goal='DATA_EXFILTRATION' proven=False conf=0.0000 in 0.02ms
2026-08-09 11:59:33 | INFO | app.ai.backward_chaining:evaluate_goal:268 | Backward Chaining evaluated goal='PRIVILEGE_ESCALATION' proven=False conf=0.0000 in 0.02ms
2026-08-09 11:59:33 | INFO | app.ai.backward_chaining:evaluate_goal:268 | Backward Chaining evaluated goal='LATERAL_MOVEMENT' proven=False conf=0.0000 in 0.03ms
2026-08-09 11:59:33 | INFO | app.ai.backward_chaining:evaluate_goal:268 | Backward Chaining evaluated goal='PERSISTENCE' proven=False conf=0.0000 in 0.06ms
2026-08-09 11:59:33 | INFO | app.ai.backward_chaining:evaluate_goal:268 | Backward Chaining evaluated goal='DATA_EXFILTRATION' proven=False conf=0.0000 in 0.02ms
2026-08-09 11:59:33 | INFO | app.ai.backward_chaining:evaluate_goal:268 | Backward Chaining evaluated goal='PRIVILEGE_ESCALATION' proven=False conf=0.0000 in 0.04ms
2026-08-09 11:59:33 | INFO | app.ai.backward_chaining:evaluate_goal:268 | Backward Chaining evaluated goal='LATERAL_MOVEMENT' proven=False conf=0.0000 in 0.02ms
2026-08-09 11:59:33 | INFO | app.ai.backward_chaining:evaluate_goal:268 | Backward Chaining evaluated goal='DATA_EXFILTRATION' proven=False conf=0.0000 in 0.02ms
2026-08-09 11:59:33 | INFO | app.ai.backward_chaining:evaluate_goal:268 | Backward Chaining evaluated goal='PRIVILEGE_ESCALATION' proven=False conf=0.0000 in 0.02ms
2026-08-09 11:59:33 | INFO | app.ai.backward_chaining:evaluate_goal:268 | Backward Chaining evaluated goal='LATERAL_MOVEMENT' proven=False conf=0.0000 in 0.02ms
2026-08-09 11:59:33 | INFO | app.ai.backward_chaining:evaluate_goal:268 | Backward Chaining evaluated goal='DATA_EXFILTRATION' proven=False conf=0.0000 in 0.02ms
2026-08-09 11:59:33 | INFO | app.ai.backward_chaining:evaluate_goal:268 | Backward Chaining evaluated goal='PRIVILEGE_ESCALATION' proven=False conf=0.0000 in 0.02ms
2026-08-09 11:59:33 | INFO | app.ai.backward_chaining:evaluate_goal:268 | Backward Chaining evaluated goal='LATERAL_MOVEMENT' proven=False conf=0.0000 in 0.02ms
2026-08-09 11:59:33 | INFO | app.ai.backward_chaining:evaluate_goal:268 | Backward Chaining evaluated goal='DATA_EXFILTRATION' proven=False conf=0.0000 in 0.02ms
2026-08-09 11:59:33 | INFO | app.ai.backward_chaining:evaluate_goal:268 | Backward Chaining evaluated goal='PRIVILEGE_ESCALATION' proven=False conf=0.0000 in 0.03ms
2026-08-09 11:59:33 | INFO | app.ai.backward_chaining:evaluate_goal:268 | Backward Chaining evaluated goal='LATERAL_MOVEMENT' proven=False conf=0.0000 in 0.05ms
2026-08-09 11:59:33 | INFO | app.ai.backward_chaining:evaluate_goal:268 | Backward Chaining evaluated goal='PERSISTENCE' proven=False conf=0.0000 in 0.02ms
2026-08-09 11:59:33 | INFO | app.ai.backward_chaining:evaluate_goal:268 | Backward Chaining evaluated goal='DATA_EXFILTRATION' proven=False conf=0.0000 in 0.02ms
2026-08-09 11:59:33 | INFO | app.ai.backward_chaining:evaluate_goal:268 | Backward Chaining evaluated goal='PRIVILEGE_ESCALATION' proven=False conf=0.0000 in 0.03ms
2026-08-09 11:59:33 | INFO | app.ai.backward_chaining:evaluate_goal:268 | Backward Chaining evaluated goal='LATERAL_MOVEMENT' proven=False conf=0.0000 in 0.02ms
2026-08-09 11:59:33 | INFO | app.ai.backward_chaining:evaluate_goal:268 | Backward Chaining evaluated goal='DATA_EXFILTRATION' proven=False conf=0.0000 in 0.02ms
2026-08-09 11:59:33 | INFO | app.ai.backward_chaining:evaluate_goal:268 | Backward Chaining evaluated goal='PRIVILEGE_ESCALATION' proven=False conf=0.0000 in 0.02ms
2026-08-09 11:59:33 | INFO | app.ai.backward_chaining:evaluate_goal:268 | Backward Chaining evaluated goal='LATERAL_MOVEMENT' proven=False conf=0.0000 in 0.02ms
2026-08-09 11:59:33 | INFO | app.ai.backward_chaining:evaluate_goal:268 | Backward Chaining evaluated goal='DATA_EXFILTRATION' proven=False conf=0.0000 in 0.01ms
2026-08-09 11:59:33 | INFO | app.ai.backward_chaining:evaluate_goal:268 | Backward Chaining evaluated goal='PRIVILEGE_ESCALATION' proven=False conf=0.0000 in 0.02ms
2026-08-09 11:59:33 | INFO | app.ai.backward_chaining:evaluate_goal:268 | Backward Chaining evaluated goal='LATERAL_MOVEMENT' proven=False conf=0.0000 in 0.03ms
2026-08-09 11:59:33 | INFO | app.ai.backward_chaining:evaluate_goal:268 | Backward Chaining evaluated goal='DATA_EXFILTRATION' proven=False conf=0.0000 in 0.02ms
2026-08-09 11:59:33 | INFO | app.ai.backward_chaining:evaluate_goal:268 | Backward Chaining evaluated goal='PRIVILEGE_ESCALATION' proven=False conf=0.0000 in 0.03ms
2026-08-09 11:59:33 | INFO | app.ai.backward_chaining:evaluate_goal:268 | Backward Chaining evaluated goal='LATERAL_MOVEMENT' proven=False conf=0.0000 in 0.02ms
2026-08-09 11:59:33 | INFO | app.ai.backward_chaining:evaluate_goal:268 | Backward Chaining evaluated goal='PERSISTENCE' proven=False conf=0.0000 in 0.02ms
2026-08-09 11:59:33 | INFO | app.ai.backward_chaining:evaluate_goal:268 | Backward Chaining evaluated goal='DATA_EXFILTRATION' proven=False conf=0.0000 in 0.02ms
2026-08-09 11:59:33 | INFO | app.ai.backward_chaining:evaluate_goal:268 | Backward Chaining evaluated goal='PRIVILEGE_ESCALATION' proven=False conf=0.0000 in 0.02ms
2026-08-09 11:59:33 | INFO | app.ai.backward_chaining:evaluate_goal:268 | Backward Chaining evaluated goal='LATERAL_MOVEMENT' proven=False conf=0.0000 in 0.02ms
2026-08-09 11:59:33 | INFO | app.ai.backward_chaining:evaluate_goal:268 | Backward Chaining evaluated goal='DATA_EXFILTRATION' proven=False conf=0.0000 in 0.02ms
2026-08-09 11:59:33 | INFO | app.ai.backward_chaining:evaluate_goal:268 | Backward Chaining evaluated goal='PRIVILEGE_ESCALATION' proven=False conf=0.0000 in 0.02ms
2026-08-09 11:59:33 | INFO | app.ai.backward_chaining:evaluate_goal:268 | Backward Chaining evaluated goal='LATERAL_MOVEMENT' proven=False conf=0.0000 in 0.02ms
2026-08-09 11:59:34 | INFO | app.ai.backward_chaining:evaluate_goal:268 | Backward Chaining evaluated goal='DATA_EXFILTRATION' proven=False conf=0.0000 in 0.01ms
2026-08-09 11:59:34 | INFO | app.ai.backward_chaining:evaluate_goal:268 | Backward Chaining evaluated goal='PRIVILEGE_ESCALATION' proven=False conf=0.0000 in 0.02ms
2026-08-09 11:59:34 | INFO | app.ai.backward_chaining:evaluate_goal:268 | Backward Chaining evaluated goal='LATERAL_MOVEMENT' proven=False conf=0.0000 in 0.02ms
2026-08-09 11:59:34 | INFO | app.ai.backward_chaining:evaluate_goal:268 | Backward Chaining evaluated goal='DATA_EXFILTRATION' proven=False conf=0.0000 in 0.02ms
2026-08-09 11:59:34 | INFO | app.ai.backward_chaining:evaluate_goal:268 | Backward Chaining evaluated goal='PRIVILEGE_ESCALATION' proven=False conf=0.0000 in 0.04ms
2026-08-09 11:59:34 | INFO | app.ai.backward_chaining:evaluate_goal:268 | Backward Chaining evaluated goal='LATERAL_MOVEMENT' proven=False conf=0.0000 in 0.02ms
2026-08-09 11:59:34 | INFO | app.ai.backward_chaining:evaluate_goal:268 | Backward Chaining evaluated goal='PERSISTENCE' proven=False conf=0.0000 in 0.02ms
2026-08-09 11:59:34 | INFO | app.ai.backward_chaining:evaluate_goal:268 | Backward Chaining evaluated goal='DATA_EXFILTRATION' proven=False conf=0.0000 in 0.02ms
2026-08-09 11:59:34 | INFO | app.ai.backward_chaining:evaluate_goal:268 | Backward Chaining evaluated goal='PRIVILEGE_ESCALATION' proven=False conf=0.0000 in 0.02ms
2026-08-09 11:59:34 | INFO | app.ai.backward_chaining:evaluate_goal:268 | Backward Chaining evaluated goal='LATERAL_MOVEMENT' proven=False conf=0.0000 in 0.02ms
2026-08-09 11:59:34 | INFO | app.ai.backward_chaining:evaluate_goal:268 | Backward Chaining evaluated goal='DATA_EXFILTRATION' proven=False conf=0.0000 in 0.02ms
2026-08-09 11:59:34 | INFO | app.ai.backward_chaining:evaluate_goal:268 | Backward Chaining evaluated goal='PRIVILEGE_ESCALATION' proven=False conf=0.0000 in 0.02ms
2026-08-09 11:59:34 | INFO | app.ai.backward_chaining:evaluate_goal:268 | Backward Chaining evaluated goal='LATERAL_MOVEMENT' proven=False conf=0.0000 in 0.02ms
2026-08-09 11:59:34 | INFO | app.ai.backward_chaining:evaluate_goal:268 | Backward Chaining evaluated goal='DATA_EXFILTRATION' proven=False conf=0.0000 in 0.02ms
2026-08-09 11:59:34 | INFO | app.ai.backward_chaining:evaluate_goal:268 | Backward Chaining evaluated goal='PRIVILEGE_ESCALATION' proven=False conf=0.0000 in 0.02ms
2026-08-09 11:59:34 | INFO | app.ai.backward_chaining:evaluate_goal:268 | Backward Chaining evaluated goal='LATERAL_MOVEMENT' proven=False conf=0.0000 in 0.02ms
2026-08-09 11:59:34 | INFO | app.ai.backward_chaining:evaluate_goal:268 | Backward Chaining evaluated goal='DATA_EXFILTRATION' proven=False conf=0.0000 in 0.01ms
2026-08-09 11:59:34 | INFO | app.ai.backward_chaining:evaluate_goal:268 | Backward Chaining evaluated goal='PRIVILEGE_ESCALATION' proven=False conf=0.0000 in 0.03ms
2026-08-09 11:59:34 | INFO | app.ai.backward_chaining:evaluate_goal:268 | Backward Chaining evaluated goal='LATERAL_MOVEMENT' proven=False conf=0.0000 in 0.02ms
2026-08-09 11:59:34 | INFO | app.ai.backward_chaining:evaluate_goal:268 | Backward Chaining evaluated goal='PERSISTENCE' proven=False conf=0.0000 in 0.02ms
2026-08-09 11:59:34 | INFO | app.ai.backward_chaining:evaluate_goal:268 | Backward Chaining evaluated goal='DATA_EXFILTRATION' proven=False conf=0.0000 in 0.02ms
2026-08-09 11:59:34 | INFO | app.ai.backward_chaining:evaluate_goal:268 | Backward Chaining evaluated goal='PRIVILEGE_ESCALATION' proven=False conf=0.0000 in 0.03ms
2026-08-09 11:59:34 | INFO | app.ai.backward_chaining:evaluate_goal:268 | Backward Chaining evaluated goal='LATERAL_MOVEMENT' proven=False conf=0.0000 in 0.02ms
2026-08-09 11:59:34 | INFO | app.ai.backward_chaining:evaluate_goal:268 | Backward Chaining evaluated goal='DATA_EXFILTRATION' proven=False conf=0.0000 in 0.01ms
2026-08-09 11:59:34 | INFO | app.ai.backward_chaining:evaluate_goal:268 | Backward Chaining evaluated goal='PRIVILEGE_ESCALATION' proven=False conf=0.0000 in 0.02ms
2026-08-09 11:59:34 | INFO | app.ai.backward_chaining:evaluate_goal:268 | Backward Chaining evaluated goal='LATERAL_MOVEMENT' proven=False conf=0.0000 in 0.02ms
2026-08-09 11:59:34 | INFO | httpx._client:_send_single_request:1740 | HTTP Request: POST http://test/api/v1/cases/1/reports "HTTP/1.1 201 Created"
2026-08-09 11:59:34 | INFO | httpx._client:_send_single_request:1740 | HTTP Request: GET http://test/api/v1/cases/1/reports/history "HTTP/1.1 200 OK"
2026-08-09 11:59:34 | INFO | httpx._client:_send_single_request:1740 | HTTP Request: GET http://test/api/v1/cases/1/reports/18b482f7-7466-4147-ae66-f636ddf95f60/download "HTTP/1.1 200 OK"
2026-08-09 11:59:34 | INFO | httpx._client:_send_single_request:1740 | HTTP Request: GET http://test/api/v1/cases/1/reports/18b482f7-7466-4147-ae66-f636ddf95f60/download "HTTP/1.1 401 Unauthorized"
2026-08-09 11:59:35 | INFO | app.ai.backward_chaining:evaluate_goal:268 | Backward Chaining evaluated goal='DATA_EXFILTRATION' proven=False conf=0.0000 in 0.02ms
2026-08-09 11:59:35 | INFO | app.ai.backward_chaining:evaluate_goal:268 | Backward Chaining evaluated goal='PRIVILEGE_ESCALATION' proven=False conf=0.0000 in 0.02ms
2026-08-09 11:59:35 | INFO | app.ai.backward_chaining:evaluate_goal:268 | Backward Chaining evaluated goal='LATERAL_MOVEMENT' proven=False conf=0.0000 in 0.02ms
2026-08-09 11:59:35 | INFO | app.ai.backward_chaining:evaluate_goal:268 | Backward Chaining evaluated goal='PERSISTENCE' proven=False conf=0.0000 in 0.01ms
2026-08-09 11:59:35 | INFO | httpx._client:_send_single_request:1740 | HTTP Request: GET http://test/api/v1/cases/1/risk-score "HTTP/1.1 200 OK"
2026-08-09 11:59:35 | INFO | app.ai.backward_chaining:evaluate_goal:268 | Backward Chaining evaluated goal='DATA_EXFILTRATION' proven=False conf=0.0000 in 0.02ms
2026-08-09 11:59:35 | INFO | app.ai.backward_chaining:evaluate_goal:268 | Backward Chaining evaluated goal='PRIVILEGE_ESCALATION' proven=False conf=0.0000 in 0.03ms
2026-08-09 11:59:35 | INFO | app.ai.backward_chaining:evaluate_goal:268 | Backward Chaining evaluated goal='LATERAL_MOVEMENT' proven=False conf=0.0000 in 0.03ms
2026-08-09 11:59:35 | INFO | app.ai.backward_chaining:evaluate_goal:268 | Backward Chaining evaluated goal='PERSISTENCE' proven=False conf=0.0000 in 0.02ms
2026-08-09 11:59:35 | INFO | httpx._client:_send_single_request:1740 | HTTP Request: GET http://test/api/risk-score/1 "HTTP/1.1 200 OK"
2026-08-09 11:59:35 | INFO | app.ai.backward_chaining:evaluate_goal:268 | Backward Chaining evaluated goal='DATA_EXFILTRATION' proven=False conf=0.0000 in 0.01ms
2026-08-09 11:59:35 | INFO | app.ai.backward_chaining:evaluate_goal:268 | Backward Chaining evaluated goal='PRIVILEGE_ESCALATION' proven=False conf=0.0000 in 0.02ms
2026-08-09 11:59:35 | INFO | app.ai.backward_chaining:evaluate_goal:268 | Backward Chaining evaluated goal='LATERAL_MOVEMENT' proven=False conf=0.0000 in 0.02ms
2026-08-09 11:59:36 | INFO | app.ai.backward_chaining:evaluate_goal:268 | Backward Chaining evaluated goal='DATA_EXFILTRATION' proven=False conf=0.0000 in 0.01ms
2026-08-09 11:59:36 | INFO | app.ai.backward_chaining:evaluate_goal:268 | Backward Chaining evaluated goal='PRIVILEGE_ESCALATION' proven=False conf=0.0000 in 0.03ms
2026-08-09 11:59:36 | INFO | app.ai.backward_chaining:evaluate_goal:268 | Backward Chaining evaluated goal='LATERAL_MOVEMENT' proven=False conf=0.0000 in 0.02ms
2026-08-09 11:59:36 | INFO | app.ai.backward_chaining:evaluate_goal:268 | Backward Chaining evaluated goal='DATA_EXFILTRATION' proven=False conf=0.0000 in 0.02ms
2026-08-09 11:59:36 | INFO | app.ai.backward_chaining:evaluate_goal:268 | Backward Chaining evaluated goal='PRIVILEGE_ESCALATION' proven=False conf=0.0000 in 0.02ms
2026-08-09 11:59:36 | INFO | app.ai.backward_chaining:evaluate_goal:268 | Backward Chaining evaluated goal='LATERAL_MOVEMENT' proven=False conf=0.0000 in 0.02ms
2026-08-09 11:59:37 | INFO | app.ai.backward_chaining:evaluate_goal:268 | Backward Chaining evaluated goal='DATA_EXFILTRATION' proven=False conf=0.0000 in 0.02ms
2026-08-09 11:59:37 | INFO | app.ai.backward_chaining:evaluate_goal:268 | Backward Chaining evaluated goal='PRIVILEGE_ESCALATION' proven=False conf=0.0000 in 0.03ms
2026-08-09 11:59:37 | INFO | app.ai.backward_chaining:evaluate_goal:268 | Backward Chaining evaluated goal='LATERAL_MOVEMENT' proven=False conf=0.0000 in 0.02ms
2026-08-09 11:59:37 | INFO | app.ai.backward_chaining:evaluate_goal:268 | Backward Chaining evaluated goal='DATA_EXFILTRATION' proven=True conf=1.0000 in 0.00ms
2026-08-09 11:59:37 | INFO | app.ai.backward_chaining:evaluate_goal:268 | Backward Chaining evaluated goal='PRIVILEGE_ESCALATION' proven=False conf=0.0000 in 0.02ms
2026-08-09 11:59:37 | INFO | app.ai.backward_chaining:evaluate_goal:268 | Backward Chaining evaluated goal='LATERAL_MOVEMENT' proven=False conf=0.0000 in 0.02ms
2026-08-09 11:59:38 | INFO | app.ai.backward_chaining:evaluate_goal:268 | Backward Chaining evaluated goal='DATA_EXFILTRATION' proven=True conf=0.9120 in 0.02ms
2026-08-09 11:59:38 | INFO | app.ai.backward_chaining:evaluate_goal:268 | Backward Chaining evaluated goal='PRIVILEGE_ESCALATION' proven=False conf=0.0000 in 0.03ms
2026-08-09 11:59:38 | INFO | app.ai.backward_chaining:evaluate_goal:268 | Backward Chaining evaluated goal='LATERAL_MOVEMENT' proven=False conf=0.0000 in 0.02ms
2026-08-09 11:59:38 | INFO | app.ai.backward_chaining:evaluate_goal:268 | Backward Chaining evaluated goal='DATA_EXFILTRATION' proven=False conf=0.0000 in 0.02ms
2026-08-09 11:59:38 | INFO | app.ai.backward_chaining:evaluate_goal:268 | Backward Chaining evaluated goal='PRIVILEGE_ESCALATION' proven=False conf=0.0000 in 0.02ms
2026-08-09 11:59:38 | INFO | app.ai.backward_chaining:evaluate_goal:268 | Backward Chaining evaluated goal='LATERAL_MOVEMENT' proven=False conf=0.0000 in 0.02ms
2026-08-09 11:59:39 | INFO | app.ai.backward_chaining:evaluate_goal:268 | Backward Chaining evaluated goal='DATA_EXFILTRATION' proven=False conf=0.0000 in 0.01ms
2026-08-09 11:59:39 | INFO | app.ai.backward_chaining:evaluate_goal:268 | Backward Chaining evaluated goal='PRIVILEGE_ESCALATION' proven=False conf=0.0000 in 0.03ms
2026-08-09 11:59:39 | INFO | app.ai.backward_chaining:evaluate_goal:268 | Backward Chaining evaluated goal='LATERAL_MOVEMENT' proven=False conf=0.0000 in 0.02ms
2026-08-09 11:59:39 | INFO | app.ai.backward_chaining:evaluate_goal:268 | Backward Chaining evaluated goal='DATA_EXFILTRATION' proven=False conf=0.0000 in 0.02ms
2026-08-09 11:59:39 | INFO | app.ai.backward_chaining:evaluate_goal:268 | Backward Chaining evaluated goal='PRIVILEGE_ESCALATION' proven=False conf=0.0000 in 0.02ms
2026-08-09 11:59:39 | INFO | app.ai.backward_chaining:evaluate_goal:268 | Backward Chaining evaluated goal='LATERAL_MOVEMENT' proven=False conf=0.0000 in 0.02ms
2026-08-09 11:59:39 | INFO | httpx._client:_send_single_request:1740 | HTTP Request: GET http://test/api/v1/cases/1/timeline "HTTP/1.1 200 OK"
2026-08-09 11:59:39 | INFO | app.ai.backward_chaining:evaluate_goal:268 | Backward Chaining evaluated goal='DATA_EXFILTRATION' proven=False conf=0.0000 in 0.02ms
2026-08-09 11:59:39 | INFO | app.ai.backward_chaining:evaluate_goal:268 | Backward Chaining evaluated goal='PRIVILEGE_ESCALATION' proven=False conf=0.0000 in 0.02ms
2026-08-09 11:59:39 | INFO | app.ai.backward_chaining:evaluate_goal:268 | Backward Chaining evaluated goal='LATERAL_MOVEMENT' proven=False conf=0.0000 in 0.02ms
2026-08-09 11:59:39 | INFO | httpx._client:_send_single_request:1740 | HTTP Request: GET http://test/api/timeline/1 "HTTP/1.1 200 OK"
2026-08-09 11:59:39 | INFO | app.ai.backward_chaining:evaluate_goal:268 | Backward Chaining evaluated goal='DATA_EXFILTRATION' proven=False conf=0.0000 in 0.01ms
2026-08-09 11:59:39 | INFO | app.ai.backward_chaining:evaluate_goal:268 | Backward Chaining evaluated goal='PRIVILEGE_ESCALATION' proven=False conf=0.0000 in 0.02ms
2026-08-09 11:59:39 | INFO | app.ai.backward_chaining:evaluate_goal:268 | Backward Chaining evaluated goal='LATERAL_MOVEMENT' proven=False conf=0.0000 in 0.02ms
2026-08-09 11:59:39 | INFO | httpx._client:_send_single_request:1740 | HTTP Request: GET http://test/api/timeline/1/suspicious "HTTP/1.1 200 OK"
2026-08-09 11:59:40 | INFO | app.services.ucs_service:run_ucs:104 | Executing UCS for Case ID 1 | Start: 'login' | Goal: 'usb_remove'
2026-08-09 11:59:40 | INFO | app.services.ucs_service:run_ucs:124 | UCS Search Succeeded | Case ID: 1 | Start: 'login' | Goal: 'usb_remove' | Visited Nodes: 4 | Total Cost: 3.0000 | Time: 0.009 ms
2026-08-09 11:59:40 | INFO | httpx._client:_send_single_request:1740 | HTTP Request: POST http://test/api/v1/ai/ucs/run "HTTP/1.1 200 OK"
2026-08-09 11:59:40 | INFO | app.services.ucs_service:run_ucs:104 | Executing UCS for Case ID 1 | Start: 'login' | Goal: 'isolated_exfil'
2026-08-09 11:59:40 | WARNING | app.services.ucs_service:run_ucs:114 | UCS search completed: No path found between 'login' and 'isolated_exfil' in Case ID 1. Explored 5 nodes.
2026-08-09 11:59:40 | INFO | httpx._client:_send_single_request:1740 | HTTP Request: POST http://test/api/v1/ai/ucs/run "HTTP/1.1 400 Bad Request"
2026-08-09 11:59:40 | WARNING | app.services.ucs_service:run_ucs:74 | UCS failed: Start node 'non_existent_start' not found in Case 1.
2026-08-09 11:59:40 | INFO | httpx._client:_send_single_request:1740 | HTTP Request: POST http://test/api/v1/ai/ucs/run "HTTP/1.1 404 Not Found"
2026-08-09 11:59:41 | WARNING | app.services.ucs_service:run_ucs:83 | UCS failed: Goal node 'non_existent_goal' not found in Case 1.
2026-08-09 11:59:41 | INFO | httpx._client:_send_single_request:1740 | HTTP Request: POST http://test/api/v1/ai/ucs/run "HTTP/1.1 404 Not Found"
2026-08-09 11:59:41 | WARNING | app.services.ucs_service:run_ucs:48 | UCS failed: Case ID 999999 not found.
2026-08-09 11:59:41 | INFO | httpx._client:_send_single_request:1740 | HTTP Request: POST http://test/api/v1/ai/ucs/run "HTTP/1.1 404 Not Found"
2026-08-09 12:00:58 | INFO | app.ai.backward_chaining:evaluate_goal:268 | Backward Chaining evaluated goal='DATA_EXFILTRATION' proven=False conf=0.0000 in 0.02ms
2026-08-09 12:00:58 | INFO | app.ai.backward_chaining:evaluate_goal:268 | Backward Chaining evaluated goal='PRIVILEGE_ESCALATION' proven=False conf=0.0000 in 0.03ms
2026-08-09 12:00:58 | INFO | app.ai.backward_chaining:evaluate_goal:268 | Backward Chaining evaluated goal='LATERAL_MOVEMENT' proven=False conf=0.0000 in 0.04ms
2026-08-09 12:00:58 | INFO | app.ai.backward_chaining:evaluate_goal:268 | Backward Chaining evaluated goal='DATA_EXFILTRATION' proven=False conf=0.0000 in 0.03ms
2026-08-09 12:00:58 | INFO | app.ai.backward_chaining:evaluate_goal:268 | Backward Chaining evaluated goal='PRIVILEGE_ESCALATION' proven=False conf=0.0000 in 0.05ms
2026-08-09 12:00:58 | INFO | app.ai.backward_chaining:evaluate_goal:268 | Backward Chaining evaluated goal='LATERAL_MOVEMENT' proven=False conf=0.0000 in 0.04ms
2026-08-09 12:00:58 | INFO | app.ai.backward_chaining:evaluate_goal:268 | Backward Chaining evaluated goal='PERSISTENCE' proven=False conf=0.0000 in 0.03ms
2026-08-09 12:00:58 | INFO | app.ai.backward_chaining:evaluate_goal:268 | Backward Chaining evaluated goal='DATA_EXFILTRATION' proven=False conf=0.0000 in 0.04ms
2026-08-09 12:00:58 | INFO | app.ai.backward_chaining:evaluate_goal:268 | Backward Chaining evaluated goal='PRIVILEGE_ESCALATION' proven=False conf=0.0000 in 0.04ms
2026-08-09 12:00:58 | INFO | app.ai.backward_chaining:evaluate_goal:268 | Backward Chaining evaluated goal='LATERAL_MOVEMENT' proven=False conf=0.0000 in 0.05ms
2026-08-09 12:00:58 | INFO | app.ai.backward_chaining:evaluate_goal:268 | Backward Chaining evaluated goal='DATA_EXFILTRATION' proven=False conf=0.0000 in 0.02ms
2026-08-09 12:00:58 | INFO | app.ai.backward_chaining:evaluate_goal:268 | Backward Chaining evaluated goal='PRIVILEGE_ESCALATION' proven=False conf=0.0000 in 0.03ms
2026-08-09 12:00:58 | INFO | app.ai.backward_chaining:evaluate_goal:268 | Backward Chaining evaluated goal='LATERAL_MOVEMENT' proven=False conf=0.0000 in 0.03ms
2026-08-09 12:00:58 | INFO | app.ai.backward_chaining:evaluate_goal:268 | Backward Chaining evaluated goal='PERSISTENCE' proven=False conf=0.0000 in 0.02ms
2026-08-09 12:00:59 | INFO | app.ai.backward_chaining:evaluate_goal:268 | Backward Chaining evaluated goal='DATA_EXFILTRATION' proven=False conf=0.0000 in 0.02ms
2026-08-09 12:00:59 | INFO | app.ai.backward_chaining:evaluate_goal:268 | Backward Chaining evaluated goal='PRIVILEGE_ESCALATION' proven=False conf=0.0000 in 0.04ms
2026-08-09 12:00:59 | INFO | app.ai.backward_chaining:evaluate_goal:268 | Backward Chaining evaluated goal='LATERAL_MOVEMENT' proven=False conf=0.0000 in 0.03ms
2026-08-09 12:01:00 | INFO | app.ai.backward_chaining:evaluate_goal:268 | Backward Chaining evaluated goal='DATA_EXFILTRATION' proven=False conf=0.0000 in 0.02ms
2026-08-09 12:01:00 | INFO | app.ai.backward_chaining:evaluate_goal:268 | Backward Chaining evaluated goal='PRIVILEGE_ESCALATION' proven=False conf=0.0000 in 0.03ms
2026-08-09 12:01:00 | INFO | app.ai.backward_chaining:evaluate_goal:268 | Backward Chaining evaluated goal='LATERAL_MOVEMENT' proven=False conf=0.0000 in 0.03ms
2026-08-09 12:01:00 | INFO | app.ai.backward_chaining:evaluate_goal:268 | Backward Chaining evaluated goal='PERSISTENCE' proven=False conf=0.0000 in 0.02ms
2026-08-09 12:03:36 | INFO | app.core.logging:setup_logging:54 | Logging initialized | env=development | debug=True
2026-08-09 12:04:06 | INFO | app.core.logging:setup_logging:54 | Logging initialized | env=development | debug=True
2026-08-09 12:04:23 | INFO | app.core.logging:setup_logging:54 | Logging initialized | env=development | debug=True
2026-08-09 12:05:18 | INFO | app.core.logging:setup_logging:54 | Logging initialized | env=development | debug=True
2026-08-09 12:05:59 | INFO | app.ai.backward_chaining:evaluate_goal:268 | Backward Chaining evaluated goal='DATA_EXFILTRATION' proven=False conf=0.0000 in 0.03ms
2026-08-09 12:05:59 | INFO | app.ai.backward_chaining:evaluate_goal:268 | Backward Chaining evaluated goal='PRIVILEGE_ESCALATION' proven=False conf=0.0000 in 0.04ms
2026-08-09 12:05:59 | INFO | app.ai.backward_chaining:evaluate_goal:268 | Backward Chaining evaluated goal='LATERAL_MOVEMENT' proven=False conf=0.0000 in 0.04ms
2026-08-09 12:05:59 | INFO | app.ai.backward_chaining:evaluate_goal:268 | Backward Chaining evaluated goal='DATA_EXFILTRATION' proven=False conf=0.0000 in 0.02ms
2026-08-09 12:05:59 | INFO | app.ai.backward_chaining:evaluate_goal:268 | Backward Chaining evaluated goal='PRIVILEGE_ESCALATION' proven=False conf=0.0000 in 0.04ms
2026-08-09 12:05:59 | INFO | app.ai.backward_chaining:evaluate_goal:268 | Backward Chaining evaluated goal='LATERAL_MOVEMENT' proven=False conf=0.0000 in 0.04ms
2026-08-09 12:05:59 | INFO | app.ai.backward_chaining:evaluate_goal:268 | Backward Chaining evaluated goal='DATA_EXFILTRATION' proven=False conf=0.0000 in 0.04ms
2026-08-09 12:05:59 | INFO | app.ai.backward_chaining:evaluate_goal:268 | Backward Chaining evaluated goal='PRIVILEGE_ESCALATION' proven=False conf=0.0000 in 0.03ms
2026-08-09 12:05:59 | INFO | app.ai.backward_chaining:evaluate_goal:268 | Backward Chaining evaluated goal='LATERAL_MOVEMENT' proven=False conf=0.0000 in 0.03ms
2026-08-09 12:05:59 | INFO | app.ai.backward_chaining:evaluate_goal:268 | Backward Chaining evaluated goal='PERSISTENCE' proven=False conf=0.0000 in 0.02ms
2026-08-09 12:05:59 | INFO | app.ai.backward_chaining:evaluate_goal:268 | Backward Chaining evaluated goal='DATA_EXFILTRATION' proven=False conf=0.0000 in 0.02ms
2026-08-09 12:05:59 | INFO | app.ai.backward_chaining:evaluate_goal:268 | Backward Chaining evaluated goal='PRIVILEGE_ESCALATION' proven=False conf=0.0000 in 0.04ms
2026-08-09 12:05:59 | INFO | app.ai.backward_chaining:evaluate_goal:268 | Backward Chaining evaluated goal='LATERAL_MOVEMENT' proven=False conf=0.0000 in 0.03ms
2026-08-09 12:05:59 | INFO | app.ai.backward_chaining:evaluate_goal:268 | Backward Chaining evaluated goal='DATA_EXFILTRATION' proven=False conf=0.0000 in 0.04ms
2026-08-09 12:05:59 | INFO | app.ai.backward_chaining:evaluate_goal:268 | Backward Chaining evaluated goal='PRIVILEGE_ESCALATION' proven=False conf=0.0000 in 0.03ms
2026-08-09 12:05:59 | INFO | app.ai.backward_chaining:evaluate_goal:268 | Backward Chaining evaluated goal='LATERAL_MOVEMENT' proven=False conf=0.0000 in 0.03ms
2026-08-09 12:05:59 | INFO | app.ai.backward_chaining:evaluate_goal:268 | Backward Chaining evaluated goal='DATA_EXFILTRATION' proven=False conf=0.0000 in 0.02ms
2026-08-09 12:05:59 | INFO | app.ai.backward_chaining:evaluate_goal:268 | Backward Chaining evaluated goal='PRIVILEGE_ESCALATION' proven=False conf=0.0000 in 0.04ms
2026-08-09 12:05:59 | INFO | app.ai.backward_chaining:evaluate_goal:268 | Backward Chaining evaluated goal='LATERAL_MOVEMENT' proven=False conf=0.0000 in 0.04ms
2026-08-09 12:05:59 | INFO | app.ai.backward_chaining:evaluate_goal:268 | Backward Chaining evaluated goal='PERSISTENCE' proven=False conf=0.0000 in 0.03ms
2026-08-09 12:05:59 | INFO | app.ai.backward_chaining:evaluate_goal:268 | Backward Chaining evaluated goal='DATA_EXFILTRATION' proven=False conf=0.0000 in 0.03ms
2026-08-09 12:05:59 | INFO | app.ai.backward_chaining:evaluate_goal:268 | Backward Chaining evaluated goal='PRIVILEGE_ESCALATION' proven=False conf=0.0000 in 0.03ms
2026-08-09 12:05:59 | INFO | app.ai.backward_chaining:evaluate_goal:268 | Backward Chaining evaluated goal='LATERAL_MOVEMENT' proven=False conf=0.0000 in 0.03ms
2026-08-09 12:05:59 | INFO | app.ai.backward_chaining:evaluate_goal:268 | Backward Chaining evaluated goal='DATA_EXFILTRATION' proven=False conf=0.0000 in 0.04ms
2026-08-09 12:05:59 | INFO | app.ai.backward_chaining:evaluate_goal:268 | Backward Chaining evaluated goal='PRIVILEGE_ESCALATION' proven=False conf=0.0000 in 0.04ms
2026-08-09 12:05:59 | INFO | app.ai.backward_chaining:evaluate_goal:268 | Backward Chaining evaluated goal='LATERAL_MOVEMENT' proven=False conf=0.0000 in 0.03ms
2026-08-09 12:05:59 | INFO | app.ai.backward_chaining:evaluate_goal:268 | Backward Chaining evaluated goal='PERSISTENCE' proven=False conf=0.0000 in 0.04ms
2026-08-09 12:05:59 | INFO | app.ai.backward_chaining:evaluate_goal:268 | Backward Chaining evaluated goal='DATA_EXFILTRATION' proven=False conf=0.0000 in 0.02ms
2026-08-09 12:05:59 | INFO | app.ai.backward_chaining:evaluate_goal:268 | Backward Chaining evaluated goal='PRIVILEGE_ESCALATION' proven=False conf=0.0000 in 0.04ms
2026-08-09 12:05:59 | INFO | app.ai.backward_chaining:evaluate_goal:268 | Backward Chaining evaluated goal='LATERAL_MOVEMENT' proven=False conf=0.0000 in 0.05ms
2026-08-09 12:05:59 | INFO | app.ai.backward_chaining:evaluate_goal:268 | Backward Chaining evaluated goal='DATA_EXFILTRATION' proven=False conf=0.0000 in 0.02ms
2026-08-09 12:05:59 | INFO | app.ai.backward_chaining:evaluate_goal:268 | Backward Chaining evaluated goal='PRIVILEGE_ESCALATION' proven=False conf=0.0000 in 0.03ms
2026-08-09 12:05:59 | INFO | app.ai.backward_chaining:evaluate_goal:268 | Backward Chaining evaluated goal='LATERAL_MOVEMENT' proven=False conf=0.0000 in 0.03ms
2026-08-09 12:05:59 | INFO | app.ai.backward_chaining:evaluate_goal:268 | Backward Chaining evaluated goal='DATA_EXFILTRATION' proven=False conf=0.0000 in 0.02ms
2026-08-09 12:05:59 | INFO | app.ai.backward_chaining:evaluate_goal:268 | Backward Chaining evaluated goal='PRIVILEGE_ESCALATION' proven=False conf=0.0000 in 0.04ms
2026-08-09 12:05:59 | INFO | app.ai.backward_chaining:evaluate_goal:268 | Backward Chaining evaluated goal='LATERAL_MOVEMENT' proven=False conf=0.0000 in 0.03ms
2026-08-09 12:05:59 | INFO | app.ai.backward_chaining:evaluate_goal:268 | Backward Chaining evaluated goal='DATA_EXFILTRATION' proven=False conf=0.0000 in 0.02ms
2026-08-09 12:05:59 | INFO | app.ai.backward_chaining:evaluate_goal:268 | Backward Chaining evaluated goal='PRIVILEGE_ESCALATION' proven=False conf=0.0000 in 0.03ms
2026-08-09 12:05:59 | INFO | app.ai.backward_chaining:evaluate_goal:268 | Backward Chaining evaluated goal='LATERAL_MOVEMENT' proven=False conf=0.0000 in 0.04ms
2026-08-09 12:05:59 | INFO | app.ai.backward_chaining:evaluate_goal:268 | Backward Chaining evaluated goal='DATA_EXFILTRATION' proven=False conf=0.0000 in 0.02ms
2026-08-09 12:05:59 | INFO | app.ai.backward_chaining:evaluate_goal:268 | Backward Chaining evaluated goal='PRIVILEGE_ESCALATION' proven=False conf=0.0000 in 0.03ms
2026-08-09 12:05:59 | INFO | app.ai.backward_chaining:evaluate_goal:268 | Backward Chaining evaluated goal='LATERAL_MOVEMENT' proven=False conf=0.0000 in 0.03ms
2026-08-09 12:05:59 | INFO | app.ai.backward_chaining:evaluate_goal:268 | Backward Chaining evaluated goal='PERSISTENCE' proven=False conf=0.0000 in 0.03ms
2026-08-09 12:05:59 | INFO | app.ai.backward_chaining:evaluate_goal:268 | Backward Chaining evaluated goal='DATA_EXFILTRATION' proven=False conf=0.0000 in 0.03ms
2026-08-09 12:05:59 | INFO | app.ai.backward_chaining:evaluate_goal:268 | Backward Chaining evaluated goal='PRIVILEGE_ESCALATION' proven=False conf=0.0000 in 0.03ms
2026-08-09 12:05:59 | INFO | app.ai.backward_chaining:evaluate_goal:268 | Backward Chaining evaluated goal='LATERAL_MOVEMENT' proven=False conf=0.0000 in 0.04ms
2026-08-09 12:05:59 | INFO | app.ai.backward_chaining:evaluate_goal:268 | Backward Chaining evaluated goal='DATA_EXFILTRATION' proven=False conf=0.0000 in 0.03ms
2026-08-09 12:05:59 | INFO | app.ai.backward_chaining:evaluate_goal:268 | Backward Chaining evaluated goal='PRIVILEGE_ESCALATION' proven=False conf=0.0000 in 0.06ms
2026-08-09 12:05:59 | INFO | app.ai.backward_chaining:evaluate_goal:268 | Backward Chaining evaluated goal='LATERAL_MOVEMENT' proven=False conf=0.0000 in 0.03ms
2026-08-09 12:06:00 | INFO | app.ai.backward_chaining:evaluate_goal:268 | Backward Chaining evaluated goal='DATA_EXFILTRATION' proven=False conf=0.0000 in 0.02ms
2026-08-09 12:06:00 | INFO | app.ai.backward_chaining:evaluate_goal:268 | Backward Chaining evaluated goal='PRIVILEGE_ESCALATION' proven=False conf=0.0000 in 0.03ms
2026-08-09 12:06:00 | INFO | app.ai.backward_chaining:evaluate_goal:268 | Backward Chaining evaluated goal='LATERAL_MOVEMENT' proven=False conf=0.0000 in 0.04ms
2026-08-09 12:06:32 | INFO | app.core.logging:setup_logging:54 | Logging initialized | env=development | debug=True
2026-08-09 12:06:32 | INFO | app.services.astar_service:run_astar:110 | Executing A* Search for Case ID 1 | Start: 'login' | Goal: 'usb_remove'
2026-08-09 12:06:32 | INFO | app.services.astar_service:run_astar:130 | A* Search Succeeded | Case ID: 1 | Start: 'login' | Goal: 'usb_remove' | Visited Nodes: 4 | Total Cost: 3.0000 | Heuristic Cost: 1.0000 | Time: 0.029 ms
2026-08-09 12:06:32 | INFO | httpx._client:_send_single_request:1740 | HTTP Request: POST http://test/api/v1/ai/astar/run "HTTP/1.1 200 OK"
2026-08-09 12:06:33 | INFO | app.services.astar_service:run_astar:110 | Executing A* Search for Case ID 1 | Start: 'login' | Goal: 'isolated_exfil'
2026-08-09 12:06:33 | WARNING | app.services.astar_service:run_astar:120 | A* Search completed: No path found between 'login' and 'isolated_exfil' in Case ID 1. Visited 5 nodes.
2026-08-09 12:06:33 | INFO | httpx._client:_send_single_request:1740 | HTTP Request: POST http://test/api/v1/ai/astar/run "HTTP/1.1 400 Bad Request"
2026-08-09 12:06:33 | WARNING | app.services.astar_service:run_astar:81 | A* Search failed: Start node 'non_existent_start' not found in Case 1.
2026-08-09 12:06:33 | INFO | httpx._client:_send_single_request:1740 | HTTP Request: POST http://test/api/v1/ai/astar/run "HTTP/1.1 404 Not Found"
2026-08-09 12:06:34 | WARNING | app.services.astar_service:run_astar:89 | A* Search failed: Goal node 'non_existent_goal' not found in Case 1.
2026-08-09 12:06:34 | INFO | httpx._client:_send_single_request:1740 | HTTP Request: POST http://test/api/v1/ai/astar/run "HTTP/1.1 404 Not Found"
2026-08-09 12:06:34 | WARNING | app.services.astar_service:run_astar:49 | A* Search failed: Case ID 999999 not found.
2026-08-09 12:06:34 | INFO | httpx._client:_send_single_request:1740 | HTTP Request: POST http://test/api/v1/ai/astar/run "HTTP/1.1 404 Not Found"
2026-08-09 12:06:35 | INFO | app.ai.backward_chaining:evaluate_goal:268 | Backward Chaining evaluated goal='DATA_EXFILTRATION' proven=False conf=0.0000 in 0.04ms
2026-08-09 12:06:35 | INFO | app.ai.backward_chaining:evaluate_goal:268 | Backward Chaining evaluated goal='PRIVILEGE_ESCALATION' proven=False conf=0.0000 in 0.03ms
2026-08-09 12:06:35 | INFO | app.ai.backward_chaining:evaluate_goal:268 | Backward Chaining evaluated goal='LATERAL_MOVEMENT' proven=False conf=0.0000 in 0.02ms
2026-08-09 12:06:35 | INFO | app.ai.backward_chaining:evaluate_goal:268 | Backward Chaining evaluated goal='DATA_EXFILTRATION' proven=False conf=0.0000 in 0.03ms
2026-08-09 12:06:35 | INFO | app.ai.backward_chaining:evaluate_goal:268 | Backward Chaining evaluated goal='PRIVILEGE_ESCALATION' proven=False conf=0.0000 in 0.03ms
2026-08-09 12:06:35 | INFO | app.ai.backward_chaining:evaluate_goal:268 | Backward Chaining evaluated goal='LATERAL_MOVEMENT' proven=False conf=0.0000 in 0.02ms
2026-08-09 12:06:35 | INFO | httpx._client:_send_single_request:1740 | HTTP Request: GET http://test/api/v1/cases/1/attack-path "HTTP/1.1 200 OK"
2026-08-09 12:06:35 | INFO | app.ai.backward_chaining:evaluate_goal:268 | Backward Chaining evaluated goal='DATA_EXFILTRATION' proven=False conf=0.0000 in 0.02ms
2026-08-09 12:06:35 | INFO | app.ai.backward_chaining:evaluate_goal:268 | Backward Chaining evaluated goal='PRIVILEGE_ESCALATION' proven=False conf=0.0000 in 0.02ms
2026-08-09 12:06:35 | INFO | app.ai.backward_chaining:evaluate_goal:268 | Backward Chaining evaluated goal='LATERAL_MOVEMENT' proven=False conf=0.0000 in 0.03ms
2026-08-09 12:06:35 | INFO | app.ai.backward_chaining:evaluate_goal:268 | Backward Chaining evaluated goal='DATA_EXFILTRATION' proven=False conf=0.0000 in 0.03ms
2026-08-09 12:06:35 | INFO | app.ai.backward_chaining:evaluate_goal:268 | Backward Chaining evaluated goal='PRIVILEGE_ESCALATION' proven=False conf=0.0000 in 0.05ms
2026-08-09 12:06:35 | INFO | app.ai.backward_chaining:evaluate_goal:268 | Backward Chaining evaluated goal='LATERAL_MOVEMENT' proven=False conf=0.0000 in 0.02ms
2026-08-09 12:06:35 | INFO | httpx._client:_send_single_request:1740 | HTTP Request: GET http://test/api/v1/cases/1/attack-paths "HTTP/1.1 200 OK"
2026-08-09 12:06:35 | INFO | app.ai.backward_chaining:evaluate_goal:268 | Backward Chaining evaluated goal='DATA_EXFILTRATION' proven=False conf=0.0000 in 0.03ms
2026-08-09 12:06:35 | INFO | app.ai.backward_chaining:evaluate_goal:268 | Backward Chaining evaluated goal='PRIVILEGE_ESCALATION' proven=False conf=0.0000 in 0.03ms
2026-08-09 12:06:35 | INFO | app.ai.backward_chaining:evaluate_goal:268 | Backward Chaining evaluated goal='LATERAL_MOVEMENT' proven=False conf=0.0000 in 0.02ms
2026-08-09 12:06:35 | INFO | app.ai.backward_chaining:evaluate_goal:268 | Backward Chaining evaluated goal='DATA_EXFILTRATION' proven=False conf=0.0000 in 0.02ms
2026-08-09 12:06:35 | INFO | app.ai.backward_chaining:evaluate_goal:268 | Backward Chaining evaluated goal='PRIVILEGE_ESCALATION' proven=False conf=0.0000 in 0.03ms
2026-08-09 12:06:35 | INFO | app.ai.backward_chaining:evaluate_goal:268 | Backward Chaining evaluated goal='LATERAL_MOVEMENT' proven=False conf=0.0000 in 0.02ms
2026-08-09 12:06:35 | INFO | httpx._client:_send_single_request:1740 | HTTP Request: GET http://test/api/attack-path/1 "HTTP/1.1 200 OK"
2026-08-09 12:06:35 | INFO | app.ai.backward_chaining:evaluate_goal:268 | Backward Chaining evaluated goal='DATA_EXFILTRATION' proven=True conf=1.0000 in 0.01ms
2026-08-09 12:06:35 | INFO | app.ai.backward_chaining:evaluate_goal:268 | Backward Chaining evaluated goal='DATA_EXFILTRATION' proven=True conf=0.9500 in 0.04ms
2026-08-09 12:06:35 | INFO | app.ai.backward_chaining:evaluate_goal:268 | Backward Chaining evaluated goal='DATA_EXFILTRATION' proven=True conf=0.9120 in 0.03ms
2026-08-09 12:06:35 | INFO | app.ai.backward_chaining:evaluate_goal:268 | Backward Chaining evaluated goal='DATA_EXFILTRATION' proven=False conf=0.0000 in 0.02ms
2026-08-09 12:06:35 | INFO | app.ai.backward_chaining:evaluate_goal:268 | Backward Chaining evaluated goal='DATA_EXFILTRATION' proven=False conf=0.0000 in 0.01ms
2026-08-09 12:06:35 | WARNING | app.ai.backward_chaining:_prove_goal:298 | Circular rule cycle detected for goal='GOAL_A' at depth=3
2026-08-09 12:06:35 | INFO | app.ai.backward_chaining:evaluate_goal:268 | Backward Chaining evaluated goal='GOAL_A' proven=False conf=0.0000 in 0.36ms
2026-08-09 12:06:35 | INFO | app.ai.backward_chaining:evaluate_goal:268 | Backward Chaining evaluated goal='DATA_EXFILTRATION' proven=True conf=0.9500 in 0.03ms
2026-08-09 12:06:35 | INFO | app.ai.backward_chaining:evaluate_goal:268 | Backward Chaining evaluated goal='DATA_EXFILTRATION' proven=True conf=0.9000 in 0.03ms
2026-08-09 12:06:35 | INFO | app.ai.backward_chaining:evaluate_goal:268 | Backward Chaining evaluated goal='UNKNOWN_NONEXISTENT_GOAL' proven=False conf=0.0000 in 0.00ms
2026-08-09 12:06:35 | INFO | app.ai.backward_chaining:evaluate_goal:268 | Backward Chaining evaluated goal='DATA_EXFILTRATION' proven=False conf=0.0000 in 0.02ms
2026-08-09 12:06:35 | INFO | app.ai.backward_chaining:evaluate_goal:268 | Backward Chaining evaluated goal='N_0' proven=True conf=0.5987 in 0.05ms
2026-08-09 12:06:35 | WARNING | app.ai.backward_chaining:_prove_goal:291 | Backward chaining max depth limit reached at depth=11 for goal='NODE_10'
2026-08-09 12:06:35 | INFO | app.ai.backward_chaining:evaluate_goal:268 | Backward Chaining evaluated goal='NODE_0' proven=False conf=0.0000 in 0.35ms
2026-08-09 12:06:36 | INFO | app.ai.backward_chaining:evaluate_goal:268 | Backward Chaining evaluated goal='DATA_EXFILTRATION' proven=True conf=0.8361 in 0.04ms
2026-08-09 12:06:36 | INFO | httpx._client:_send_single_request:1740 | HTTP Request: POST http://test/api/v1/ai/backward-chaining/run "HTTP/1.1 200 OK"
2026-08-09 12:06:36 | INFO | app.ai.backward_chaining:evaluate_goal:268 | Backward Chaining evaluated goal='PRIVILEGE_ESCALATION' proven=False conf=0.0000 in 0.03ms
2026-08-09 12:06:36 | INFO | httpx._client:_send_single_request:1740 | HTTP Request: POST http://test/api/backward-chaining/evaluate/1?goal=PRIVILEGE_ESCALATION "HTTP/1.1 200 OK"
2026-08-09 12:06:36 | INFO | httpx._client:_send_single_request:1740 | HTTP Request: POST http://test/api/v1/ai/backward-chaining/run "HTTP/1.1 400 Bad Request"
2026-08-09 12:06:36 | INFO | httpx._client:_send_single_request:1740 | HTTP Request: POST http://test/api/cases/ "HTTP/1.1 201 Created"
2026-08-09 12:06:37 | INFO | httpx._client:_send_single_request:1740 | HTTP Request: GET http://test/api/cases/?search=Malware "HTTP/1.1 200 OK"
2026-08-09 12:06:38 | INFO | httpx._client:_send_single_request:1740 | HTTP Request: POST http://test/api/evidence/upload "HTTP/1.1 201 Created"
2026-08-09 12:06:38 | INFO | httpx._client:_send_single_request:1740 | HTTP Request: POST http://test/api/parser/parse/1 "HTTP/1.1 202 Accepted"
2026-08-09 12:06:38 | INFO | httpx._client:_send_single_request:1740 | HTTP Request: POST http://test/api/normalize/1 "HTTP/1.1 202 Accepted"
2026-08-09 12:06:38 | INFO | httpx._client:_send_single_request:1740 | HTTP Request: POST http://test/api/graph/build/1 "HTTP/1.1 202 Accepted"
2026-08-09 12:06:38 | INFO | httpx._client:_send_single_request:1740 | HTTP Request: POST http://test/api/csp/validate/1 "HTTP/1.1 202 Accepted"
2026-08-09 12:06:38 | INFO | httpx._client:_send_single_request:1740 | HTTP Request: GET http://test/api/csp/status/1 "HTTP/1.1 200 OK"
2026-08-09 12:06:38 | INFO | httpx._client:_send_single_request:1740 | HTTP Request: GET http://test/api/csp/results/1 "HTTP/1.1 200 OK"
2026-08-09 12:06:39 | INFO | httpx._client:_send_single_request:1740 | HTTP Request: GET http://test/health "HTTP/1.1 200 OK"
2026-08-09 12:06:39 | INFO | httpx._client:_send_single_request:1740 | HTTP Request: GET http://test/api/v1/cases/1 "HTTP/1.1 404 Not Found"
2026-08-09 12:06:39 | INFO | app.ai.backward_chaining:evaluate_goal:268 | Backward Chaining evaluated goal='DATA_EXFILTRATION' proven=False conf=0.0000 in 0.02ms
2026-08-09 12:06:39 | INFO | app.ai.backward_chaining:evaluate_goal:268 | Backward Chaining evaluated goal='PRIVILEGE_ESCALATION' proven=False conf=0.0000 in 0.02ms
2026-08-09 12:06:39 | INFO | app.ai.backward_chaining:evaluate_goal:268 | Backward Chaining evaluated goal='LATERAL_MOVEMENT' proven=False conf=0.0000 in 0.02ms
2026-08-09 12:06:39 | INFO | app.ai.backward_chaining:evaluate_goal:268 | Backward Chaining evaluated goal='DATA_EXFILTRATION' proven=False conf=0.0000 in 0.02ms
2026-08-09 12:06:39 | INFO | app.ai.backward_chaining:evaluate_goal:268 | Backward Chaining evaluated goal='PRIVILEGE_ESCALATION' proven=False conf=0.0000 in 0.03ms
2026-08-09 12:06:39 | INFO | app.ai.backward_chaining:evaluate_goal:268 | Backward Chaining evaluated goal='LATERAL_MOVEMENT' proven=False conf=0.0000 in 0.02ms
2026-08-09 12:06:39 | INFO | app.ai.backward_chaining:evaluate_goal:268 | Backward Chaining evaluated goal='PERSISTENCE' proven=False conf=0.0000 in 0.02ms
2026-08-09 12:06:39 | INFO | app.ai.backward_chaining:evaluate_goal:268 | Backward Chaining evaluated goal='DATA_EXFILTRATION' proven=False conf=0.0000 in 0.02ms
2026-08-09 12:06:39 | INFO | app.ai.backward_chaining:evaluate_goal:268 | Backward Chaining evaluated goal='PRIVILEGE_ESCALATION' proven=False conf=0.0000 in 0.02ms
2026-08-09 12:06:39 | INFO | app.ai.backward_chaining:evaluate_goal:268 | Backward Chaining evaluated goal='LATERAL_MOVEMENT' proven=False conf=0.0000 in 0.02ms
2026-08-09 12:06:39 | INFO | app.ai.backward_chaining:evaluate_goal:268 | Backward Chaining evaluated goal='DATA_EXFILTRATION' proven=False conf=0.0000 in 0.02ms
2026-08-09 12:06:39 | INFO | app.ai.backward_chaining:evaluate_goal:268 | Backward Chaining evaluated goal='PRIVILEGE_ESCALATION' proven=False conf=0.0000 in 0.02ms
2026-08-09 12:06:39 | INFO | app.ai.backward_chaining:evaluate_goal:268 | Backward Chaining evaluated goal='LATERAL_MOVEMENT' proven=False conf=0.0000 in 0.02ms
2026-08-09 12:06:39 | INFO | app.ai.backward_chaining:evaluate_goal:268 | Backward Chaining evaluated goal='DATA_EXFILTRATION' proven=False conf=0.0000 in 0.02ms
2026-08-09 12:06:39 | INFO | app.ai.backward_chaining:evaluate_goal:268 | Backward Chaining evaluated goal='PRIVILEGE_ESCALATION' proven=False conf=0.0000 in 0.02ms
2026-08-09 12:06:39 | INFO | app.ai.backward_chaining:evaluate_goal:268 | Backward Chaining evaluated goal='LATERAL_MOVEMENT' proven=False conf=0.0000 in 0.02ms
2026-08-09 12:06:39 | INFO | app.ai.backward_chaining:evaluate_goal:268 | Backward Chaining evaluated goal='DATA_EXFILTRATION' proven=False conf=0.0000 in 0.02ms
2026-08-09 12:06:39 | INFO | app.ai.backward_chaining:evaluate_goal:268 | Backward Chaining evaluated goal='PRIVILEGE_ESCALATION' proven=False conf=0.0000 in 0.02ms
2026-08-09 12:06:39 | INFO | app.ai.backward_chaining:evaluate_goal:268 | Backward Chaining evaluated goal='LATERAL_MOVEMENT' proven=False conf=0.0000 in 0.02ms
2026-08-09 12:06:39 | INFO | app.ai.backward_chaining:evaluate_goal:268 | Backward Chaining evaluated goal='PERSISTENCE' proven=False conf=0.0000 in 0.01ms
2026-08-09 12:06:39 | INFO | app.ai.backward_chaining:evaluate_goal:268 | Backward Chaining evaluated goal='DATA_EXFILTRATION' proven=False conf=0.0000 in 0.03ms
2026-08-09 12:06:39 | INFO | app.ai.backward_chaining:evaluate_goal:268 | Backward Chaining evaluated goal='PRIVILEGE_ESCALATION' proven=False conf=0.0000 in 0.02ms
2026-08-09 12:06:39 | INFO | app.ai.backward_chaining:evaluate_goal:268 | Backward Chaining evaluated goal='LATERAL_MOVEMENT' proven=False conf=0.0000 in 0.02ms
2026-08-09 12:06:39 | INFO | app.ai.backward_chaining:evaluate_goal:268 | Backward Chaining evaluated goal='DATA_EXFILTRATION' proven=False conf=0.0000 in 0.02ms
2026-08-09 12:06:39 | INFO | app.ai.backward_chaining:evaluate_goal:268 | Backward Chaining evaluated goal='PRIVILEGE_ESCALATION' proven=False conf=0.0000 in 0.03ms
2026-08-09 12:06:39 | INFO | app.ai.backward_chaining:evaluate_goal:268 | Backward Chaining evaluated goal='LATERAL_MOVEMENT' proven=False conf=0.0000 in 0.03ms
2026-08-09 12:06:39 | INFO | app.ai.backward_chaining:evaluate_goal:268 | Backward Chaining evaluated goal='DATA_EXFILTRATION' proven=False conf=0.0000 in 0.01ms
2026-08-09 12:06:39 | INFO | app.ai.backward_chaining:evaluate_goal:268 | Backward Chaining evaluated goal='PRIVILEGE_ESCALATION' proven=False conf=0.0000 in 0.02ms
2026-08-09 12:06:39 | INFO | app.ai.backward_chaining:evaluate_goal:268 | Backward Chaining evaluated goal='LATERAL_MOVEMENT' proven=False conf=0.0000 in 0.02ms
2026-08-09 12:06:39 | INFO | app.ai.backward_chaining:evaluate_goal:268 | Backward Chaining evaluated goal='DATA_EXFILTRATION' proven=False conf=0.0000 in 0.02ms
2026-08-09 12:06:39 | INFO | app.ai.backward_chaining:evaluate_goal:268 | Backward Chaining evaluated goal='PRIVILEGE_ESCALATION' proven=False conf=0.0000 in 0.02ms
2026-08-09 12:06:39 | INFO | app.ai.backward_chaining:evaluate_goal:268 | Backward Chaining evaluated goal='LATERAL_MOVEMENT' proven=False conf=0.0000 in 0.02ms
2026-08-09 12:06:39 | INFO | app.ai.backward_chaining:evaluate_goal:268 | Backward Chaining evaluated goal='PERSISTENCE' proven=False conf=0.0000 in 0.01ms
2026-08-09 12:06:39 | INFO | app.ai.backward_chaining:evaluate_goal:268 | Backward Chaining evaluated goal='DATA_EXFILTRATION' proven=False conf=0.0000 in 0.02ms
2026-08-09 12:06:39 | INFO | app.ai.backward_chaining:evaluate_goal:268 | Backward Chaining evaluated goal='PRIVILEGE_ESCALATION' proven=False conf=0.0000 in 0.02ms
2026-08-09 12:06:39 | INFO | app.ai.backward_chaining:evaluate_goal:268 | Backward Chaining evaluated goal='LATERAL_MOVEMENT' proven=False conf=0.0000 in 0.03ms
2026-08-09 12:06:39 | INFO | app.ai.backward_chaining:evaluate_goal:268 | Backward Chaining evaluated goal='DATA_EXFILTRATION' proven=False conf=0.0000 in 0.01ms
2026-08-09 12:06:39 | INFO | app.ai.backward_chaining:evaluate_goal:268 | Backward Chaining evaluated goal='PRIVILEGE_ESCALATION' proven=False conf=0.0000 in 0.02ms
2026-08-09 12:06:39 | INFO | app.ai.backward_chaining:evaluate_goal:268 | Backward Chaining evaluated goal='LATERAL_MOVEMENT' proven=False conf=0.0000 in 0.02ms
2026-08-09 12:06:39 | INFO | app.ai.backward_chaining:evaluate_goal:268 | Backward Chaining evaluated goal='DATA_EXFILTRATION' proven=False conf=0.0000 in 0.01ms
2026-08-09 12:06:39 | INFO | app.ai.backward_chaining:evaluate_goal:268 | Backward Chaining evaluated goal='PRIVILEGE_ESCALATION' proven=False conf=0.0000 in 0.02ms
2026-08-09 12:06:39 | INFO | app.ai.backward_chaining:evaluate_goal:268 | Backward Chaining evaluated goal='LATERAL_MOVEMENT' proven=False conf=0.0000 in 0.02ms
2026-08-09 12:06:39 | INFO | app.ai.backward_chaining:evaluate_goal:268 | Backward Chaining evaluated goal='DATA_EXFILTRATION' proven=False conf=0.0000 in 0.02ms
2026-08-09 12:06:39 | INFO | app.ai.backward_chaining:evaluate_goal:268 | Backward Chaining evaluated goal='PRIVILEGE_ESCALATION' proven=False conf=0.0000 in 0.02ms
2026-08-09 12:06:39 | INFO | app.ai.backward_chaining:evaluate_goal:268 | Backward Chaining evaluated goal='LATERAL_MOVEMENT' proven=False conf=0.0000 in 0.02ms
2026-08-09 12:06:39 | INFO | app.ai.backward_chaining:evaluate_goal:268 | Backward Chaining evaluated goal='PERSISTENCE' proven=False conf=0.0000 in 0.01ms
2026-08-09 12:06:39 | INFO | app.ai.backward_chaining:evaluate_goal:268 | Backward Chaining evaluated goal='DATA_EXFILTRATION' proven=False conf=0.0000 in 0.02ms
2026-08-09 12:06:39 | INFO | app.ai.backward_chaining:evaluate_goal:268 | Backward Chaining evaluated goal='PRIVILEGE_ESCALATION' proven=False conf=0.0000 in 0.02ms
2026-08-09 12:06:39 | INFO | app.ai.backward_chaining:evaluate_goal:268 | Backward Chaining evaluated goal='LATERAL_MOVEMENT' proven=False conf=0.0000 in 0.02ms
2026-08-09 12:06:39 | INFO | app.ai.backward_chaining:evaluate_goal:268 | Backward Chaining evaluated goal='DATA_EXFILTRATION' proven=False conf=0.0000 in 0.02ms
2026-08-09 12:06:39 | INFO | app.ai.backward_chaining:evaluate_goal:268 | Backward Chaining evaluated goal='PRIVILEGE_ESCALATION' proven=False conf=0.0000 in 0.02ms
2026-08-09 12:06:39 | INFO | app.ai.backward_chaining:evaluate_goal:268 | Backward Chaining evaluated goal='LATERAL_MOVEMENT' proven=False conf=0.0000 in 0.02ms
2026-08-09 12:06:40 | INFO | httpx._client:_send_single_request:1740 | HTTP Request: POST http://test/api/v1/cases/1/reports "HTTP/1.1 201 Created"
2026-08-09 12:06:40 | INFO | httpx._client:_send_single_request:1740 | HTTP Request: GET http://test/api/v1/cases/1/reports/7e41e021-fa8c-4b06-baaa-c0f3028420ad/download "HTTP/1.1 200 OK"
2026-08-09 12:06:40 | INFO | app.ai.backward_chaining:evaluate_goal:268 | Backward Chaining evaluated goal='DATA_EXFILTRATION' proven=False conf=0.0000 in 0.01ms
2026-08-09 12:06:40 | INFO | app.ai.backward_chaining:evaluate_goal:268 | Backward Chaining evaluated goal='PRIVILEGE_ESCALATION' proven=False conf=0.0000 in 0.02ms
2026-08-09 12:06:40 | INFO | app.ai.backward_chaining:evaluate_goal:268 | Backward Chaining evaluated goal='LATERAL_MOVEMENT' proven=False conf=0.0000 in 0.02ms
2026-08-09 12:06:40 | INFO | app.ai.backward_chaining:evaluate_goal:268 | Backward Chaining evaluated goal='DATA_EXFILTRATION' proven=False conf=0.0000 in 0.01ms
2026-08-09 12:06:40 | INFO | app.ai.backward_chaining:evaluate_goal:268 | Backward Chaining evaluated goal='PRIVILEGE_ESCALATION' proven=False conf=0.0000 in 0.02ms
2026-08-09 12:06:40 | INFO | app.ai.backward_chaining:evaluate_goal:268 | Backward Chaining evaluated goal='LATERAL_MOVEMENT' proven=False conf=0.0000 in 0.02ms
2026-08-09 12:06:40 | INFO | app.ai.backward_chaining:evaluate_goal:268 | Backward Chaining evaluated goal='PERSISTENCE' proven=False conf=0.0000 in 0.01ms
2026-08-09 12:06:40 | INFO | app.ai.backward_chaining:evaluate_goal:268 | Backward Chaining evaluated goal='DATA_EXFILTRATION' proven=False conf=0.0000 in 0.02ms
2026-08-09 12:06:40 | INFO | app.ai.backward_chaining:evaluate_goal:268 | Backward Chaining evaluated goal='PRIVILEGE_ESCALATION' proven=False conf=0.0000 in 0.02ms
2026-08-09 12:06:40 | INFO | app.ai.backward_chaining:evaluate_goal:268 | Backward Chaining evaluated goal='LATERAL_MOVEMENT' proven=False conf=0.0000 in 0.02ms
2026-08-09 12:06:40 | INFO | app.ai.backward_chaining:evaluate_goal:268 | Backward Chaining evaluated goal='DATA_EXFILTRATION' proven=False conf=0.0000 in 0.02ms
2026-08-09 12:06:40 | INFO | app.ai.backward_chaining:evaluate_goal:268 | Backward Chaining evaluated goal='PRIVILEGE_ESCALATION' proven=False conf=0.0000 in 0.03ms
2026-08-09 12:06:40 | INFO | app.ai.backward_chaining:evaluate_goal:268 | Backward Chaining evaluated goal='LATERAL_MOVEMENT' proven=False conf=0.0000 in 0.03ms
2026-08-09 12:06:40 | INFO | app.ai.backward_chaining:evaluate_goal:268 | Backward Chaining evaluated goal='DATA_EXFILTRATION' proven=False conf=0.0000 in 0.03ms
2026-08-09 12:06:40 | INFO | app.ai.backward_chaining:evaluate_goal:268 | Backward Chaining evaluated goal='PRIVILEGE_ESCALATION' proven=False conf=0.0000 in 0.03ms
2026-08-09 12:06:40 | INFO | app.ai.backward_chaining:evaluate_goal:268 | Backward Chaining evaluated goal='LATERAL_MOVEMENT' proven=False conf=0.0000 in 0.03ms
2026-08-09 12:06:40 | INFO | app.ai.backward_chaining:evaluate_goal:268 | Backward Chaining evaluated goal='DATA_EXFILTRATION' proven=False conf=0.0000 in 0.02ms
2026-08-09 12:06:40 | INFO | app.ai.backward_chaining:evaluate_goal:268 | Backward Chaining evaluated goal='PRIVILEGE_ESCALATION' proven=False conf=0.0000 in 0.02ms
2026-08-09 12:06:40 | INFO | app.ai.backward_chaining:evaluate_goal:268 | Backward Chaining evaluated goal='LATERAL_MOVEMENT' proven=False conf=0.0000 in 0.02ms
2026-08-09 12:06:40 | INFO | app.ai.backward_chaining:evaluate_goal:268 | Backward Chaining evaluated goal='PERSISTENCE' proven=False conf=0.0000 in 0.02ms
2026-08-09 12:06:40 | INFO | app.ai.backward_chaining:evaluate_goal:268 | Backward Chaining evaluated goal='DATA_EXFILTRATION' proven=False conf=0.0000 in 0.03ms
2026-08-09 12:06:40 | INFO | app.ai.backward_chaining:evaluate_goal:268 | Backward Chaining evaluated goal='PRIVILEGE_ESCALATION' proven=False conf=0.0000 in 0.03ms
2026-08-09 12:06:40 | INFO | app.ai.backward_chaining:evaluate_goal:268 | Backward Chaining evaluated goal='LATERAL_MOVEMENT' proven=False conf=0.0000 in 0.03ms
2026-08-09 12:06:40 | INFO | app.ai.backward_chaining:evaluate_goal:268 | Backward Chaining evaluated goal='DATA_EXFILTRATION' proven=False conf=0.0000 in 0.02ms
2026-08-09 12:06:40 | INFO | app.ai.backward_chaining:evaluate_goal:268 | Backward Chaining evaluated goal='PRIVILEGE_ESCALATION' proven=False conf=0.0000 in 0.03ms
2026-08-09 12:06:40 | INFO | app.ai.backward_chaining:evaluate_goal:268 | Backward Chaining evaluated goal='LATERAL_MOVEMENT' proven=False conf=0.0000 in 0.03ms
2026-08-09 12:06:40 | INFO | httpx._client:_send_single_request:1740 | HTTP Request: POST http://test/api/v1/cases/1/reports "HTTP/1.1 201 Created"
2026-08-09 12:06:40 | INFO | httpx._client:_send_single_request:1740 | HTTP Request: GET http://test/api/v1/cases/1/reports/4053681a-b452-46a3-bf8a-a8c8e125ef91/download "HTTP/1.1 200 OK"
2026-08-09 12:06:41 | INFO | app.ai.backward_chaining:evaluate_goal:268 | Backward Chaining evaluated goal='DATA_EXFILTRATION' proven=False conf=0.0000 in 0.02ms
2026-08-09 12:06:41 | INFO | app.ai.backward_chaining:evaluate_goal:268 | Backward Chaining evaluated goal='PRIVILEGE_ESCALATION' proven=False conf=0.0000 in 0.02ms
2026-08-09 12:06:41 | INFO | app.ai.backward_chaining:evaluate_goal:268 | Backward Chaining evaluated goal='LATERAL_MOVEMENT' proven=False conf=0.0000 in 0.02ms
2026-08-09 12:06:41 | INFO | app.ai.backward_chaining:evaluate_goal:268 | Backward Chaining evaluated goal='PERSISTENCE' proven=False conf=0.0000 in 0.01ms
2026-08-09 12:06:41 | INFO | app.ai.backward_chaining:evaluate_goal:268 | Backward Chaining evaluated goal='DATA_EXFILTRATION' proven=False conf=0.0000 in 0.02ms
2026-08-09 12:06:41 | INFO | app.ai.backward_chaining:evaluate_goal:268 | Backward Chaining evaluated goal='PRIVILEGE_ESCALATION' proven=False conf=0.0000 in 0.02ms
2026-08-09 12:06:41 | INFO | app.ai.backward_chaining:evaluate_goal:268 | Backward Chaining evaluated goal='LATERAL_MOVEMENT' proven=False conf=0.0000 in 0.02ms
2026-08-09 12:06:41 | INFO | app.ai.backward_chaining:evaluate_goal:268 | Backward Chaining evaluated goal='PERSISTENCE' proven=False conf=0.0000 in 0.01ms
2026-08-09 12:06:41 | INFO | app.ai.backward_chaining:evaluate_goal:268 | Backward Chaining evaluated goal='DATA_EXFILTRATION' proven=False conf=0.0000 in 0.02ms
2026-08-09 12:06:41 | INFO | app.ai.backward_chaining:evaluate_goal:268 | Backward Chaining evaluated goal='PRIVILEGE_ESCALATION' proven=False conf=0.0000 in 0.02ms
2026-08-09 12:06:41 | INFO | app.ai.backward_chaining:evaluate_goal:268 | Backward Chaining evaluated goal='LATERAL_MOVEMENT' proven=False conf=0.0000 in 0.02ms
2026-08-09 12:06:41 | INFO | app.ai.backward_chaining:evaluate_goal:268 | Backward Chaining evaluated goal='PERSISTENCE' proven=False conf=0.0000 in 0.01ms
2026-08-09 12:06:41 | INFO | httpx._client:_send_single_request:1740 | HTTP Request: GET http://test/api/v1/cases/1/reports/history "HTTP/1.1 401 Unauthorized"
2026-08-09 12:06:41 | INFO | httpx._client:_send_single_request:1740 | HTTP Request: GET http://test/api/v1/cases/1/reports/history "HTTP/1.1 401 Unauthorized"
2026-08-09 12:06:42 | INFO | app.ai.backward_chaining:evaluate_goal:268 | Backward Chaining evaluated goal='DATA_EXFILTRATION' proven=False conf=0.0000 in 0.02ms
2026-08-09 12:06:42 | INFO | app.ai.backward_chaining:evaluate_goal:268 | Backward Chaining evaluated goal='PRIVILEGE_ESCALATION' proven=False conf=0.0000 in 0.02ms
2026-08-09 12:06:42 | INFO | app.ai.backward_chaining:evaluate_goal:268 | Backward Chaining evaluated goal='LATERAL_MOVEMENT' proven=False conf=0.0000 in 0.02ms
2026-08-09 12:06:42 | INFO | app.ai.backward_chaining:evaluate_goal:268 | Backward Chaining evaluated goal='DATA_EXFILTRATION' proven=False conf=0.0000 in 0.02ms
2026-08-09 12:06:42 | INFO | app.ai.backward_chaining:evaluate_goal:268 | Backward Chaining evaluated goal='PRIVILEGE_ESCALATION' proven=False conf=0.0000 in 0.02ms
2026-08-09 12:06:42 | INFO | app.ai.backward_chaining:evaluate_goal:268 | Backward Chaining evaluated goal='LATERAL_MOVEMENT' proven=False conf=0.0000 in 0.03ms
2026-08-09 12:06:42 | INFO | app.ai.backward_chaining:evaluate_goal:268 | Backward Chaining evaluated goal='PERSISTENCE' proven=False conf=0.0000 in 0.02ms
2026-08-09 12:06:42 | INFO | app.ai.backward_chaining:evaluate_goal:268 | Backward Chaining evaluated goal='DATA_EXFILTRATION' proven=False conf=0.0000 in 0.02ms
2026-08-09 12:06:42 | INFO | app.ai.backward_chaining:evaluate_goal:268 | Backward Chaining evaluated goal='PRIVILEGE_ESCALATION' proven=False conf=0.0000 in 0.02ms
2026-08-09 12:06:42 | INFO | app.ai.backward_chaining:evaluate_goal:268 | Backward Chaining evaluated goal='LATERAL_MOVEMENT' proven=False conf=0.0000 in 0.02ms
2026-08-09 12:06:42 | INFO | app.ai.backward_chaining:evaluate_goal:268 | Backward Chaining evaluated goal='DATA_EXFILTRATION' proven=False conf=0.0000 in 0.01ms
2026-08-09 12:06:42 | INFO | app.ai.backward_chaining:evaluate_goal:268 | Backward Chaining evaluated goal='PRIVILEGE_ESCALATION' proven=False conf=0.0000 in 0.02ms
2026-08-09 12:06:42 | INFO | app.ai.backward_chaining:evaluate_goal:268 | Backward Chaining evaluated goal='LATERAL_MOVEMENT' proven=False conf=0.0000 in 0.02ms
2026-08-09 12:06:43 | INFO | httpx._client:_send_single_request:1740 | HTTP Request: POST http://test/api/evidence/upload "HTTP/1.1 201 Created"
2026-08-09 12:06:43 | INFO | httpx._client:_send_single_request:1740 | HTTP Request: POST http://test/api/evidence/upload "HTTP/1.1 400 Bad Request"
2026-08-09 12:06:44 | INFO | httpx._client:_send_single_request:1740 | HTTP Request: POST http://test/api/evidence/upload "HTTP/1.1 201 Created"
2026-08-09 12:06:44 | INFO | httpx._client:_send_single_request:1740 | HTTP Request: POST http://test/api/evidence/upload "HTTP/1.1 409 Conflict"
2026-08-09 12:06:44 | INFO | app.services.forward_chaining_service:run_forward_chaining:135 | Running Forward Chaining for Case ID 1 with 6 initial fact(s).
2026-08-09 12:06:44 | INFO | app.services.forward_chaining_service:run_forward_chaining:151 | Forward Chaining completed for Case ID 1 | Fired Rules: 2 | Derived Facts: 4 | Time: 0.033 ms
2026-08-09 12:06:44 | INFO | httpx._client:_send_single_request:1740 | HTTP Request: POST http://test/api/v1/ai/forward-chaining/run "HTTP/1.1 200 OK"
2026-08-09 12:06:45 | WARNING | app.services.forward_chaining_service:run_forward_chaining:49 | Forward Chaining failed: Case ID 999999 not found.
2026-08-09 12:06:45 | INFO | httpx._client:_send_single_request:1740 | HTTP Request: POST http://test/api/v1/ai/forward-chaining/run "HTTP/1.1 404 Not Found"
2026-08-09 12:06:45 | INFO | httpx._client:_send_single_request:1740 | HTTP Request: POST http://test/api/evidence/upload "HTTP/1.1 201 Created"
2026-08-09 12:06:45 | INFO | httpx._client:_send_single_request:1740 | HTTP Request: POST http://test/api/parser/parse/1 "HTTP/1.1 202 Accepted"
2026-08-09 12:06:45 | INFO | httpx._client:_send_single_request:1740 | HTTP Request: POST http://test/api/normalize/1 "HTTP/1.1 202 Accepted"
2026-08-09 12:06:45 | INFO | httpx._client:_send_single_request:1740 | HTTP Request: POST http://test/api/graph/build/1 "HTTP/1.1 202 Accepted"
2026-08-09 12:06:45 | INFO | httpx._client:_send_single_request:1740 | HTTP Request: GET http://test/api/graph/1 "HTTP/1.1 200 OK"
2026-08-09 12:06:45 | INFO | httpx._client:_send_single_request:1740 | HTTP Request: GET http://test/api/graph/statistics/1 "HTTP/1.1 200 OK"
2026-08-09 12:06:46 | INFO | app.ai.backward_chaining:evaluate_goal:268 | Backward Chaining evaluated goal='DATA_EXFILTRATION' proven=False conf=0.0000 in 0.01ms
2026-08-09 12:06:46 | INFO | app.ai.backward_chaining:evaluate_goal:268 | Backward Chaining evaluated goal='PRIVILEGE_ESCALATION' proven=False conf=0.0000 in 0.02ms
2026-08-09 12:06:46 | INFO | app.ai.backward_chaining:evaluate_goal:268 | Backward Chaining evaluated goal='LATERAL_MOVEMENT' proven=False conf=0.0000 in 0.02ms
2026-08-09 12:06:46 | INFO | app.ai.backward_chaining:evaluate_goal:268 | Backward Chaining evaluated goal='DATA_EXFILTRATION' proven=False conf=0.0000 in 0.02ms
2026-08-09 12:06:46 | INFO | app.ai.backward_chaining:evaluate_goal:268 | Backward Chaining evaluated goal='PRIVILEGE_ESCALATION' proven=False conf=0.0000 in 0.02ms
2026-08-09 12:06:46 | INFO | app.ai.backward_chaining:evaluate_goal:268 | Backward Chaining evaluated goal='LATERAL_MOVEMENT' proven=False conf=0.0000 in 0.02ms
2026-08-09 12:06:46 | INFO | app.ai.backward_chaining:evaluate_goal:268 | Backward Chaining evaluated goal='PERSISTENCE' proven=False conf=0.0000 in 0.01ms
2026-08-09 12:06:46 | INFO | app.ai.backward_chaining:evaluate_goal:268 | Backward Chaining evaluated goal='DATA_EXFILTRATION' proven=False conf=0.0000 in 0.02ms
2026-08-09 12:06:46 | INFO | app.ai.backward_chaining:evaluate_goal:268 | Backward Chaining evaluated goal='PRIVILEGE_ESCALATION' proven=False conf=0.0000 in 0.02ms
2026-08-09 12:06:46 | INFO | app.ai.backward_chaining:evaluate_goal:268 | Backward Chaining evaluated goal='LATERAL_MOVEMENT' proven=False conf=0.0000 in 0.02ms
2026-08-09 12:06:46 | INFO | app.ai.backward_chaining:evaluate_goal:268 | Backward Chaining evaluated goal='DATA_EXFILTRATION' proven=False conf=0.0000 in 0.02ms
2026-08-09 12:06:46 | INFO | app.ai.backward_chaining:evaluate_goal:268 | Backward Chaining evaluated goal='PRIVILEGE_ESCALATION' proven=False conf=0.0000 in 0.02ms
2026-08-09 12:06:46 | INFO | app.ai.backward_chaining:evaluate_goal:268 | Backward Chaining evaluated goal='LATERAL_MOVEMENT' proven=False conf=0.0000 in 0.02ms
2026-08-09 12:06:46 | INFO | httpx._client:_send_single_request:1740 | HTTP Request: GET http://test/api/v1/cases/1/investigation-summary "HTTP/1.1 200 OK"
2026-08-09 12:06:46 | INFO | app.ai.backward_chaining:evaluate_goal:268 | Backward Chaining evaluated goal='DATA_EXFILTRATION' proven=False conf=0.0000 in 0.03ms
2026-08-09 12:06:46 | INFO | app.ai.backward_chaining:evaluate_goal:268 | Backward Chaining evaluated goal='PRIVILEGE_ESCALATION' proven=False conf=0.0000 in 0.02ms
2026-08-09 12:06:46 | INFO | app.ai.backward_chaining:evaluate_goal:268 | Backward Chaining evaluated goal='LATERAL_MOVEMENT' proven=False conf=0.0000 in 0.02ms
2026-08-09 12:06:46 | INFO | app.ai.backward_chaining:evaluate_goal:268 | Backward Chaining evaluated goal='DATA_EXFILTRATION' proven=False conf=0.0000 in 0.02ms
2026-08-09 12:06:46 | INFO | app.ai.backward_chaining:evaluate_goal:268 | Backward Chaining evaluated goal='PRIVILEGE_ESCALATION' proven=False conf=0.0000 in 0.02ms
2026-08-09 12:06:46 | INFO | app.ai.backward_chaining:evaluate_goal:268 | Backward Chaining evaluated goal='LATERAL_MOVEMENT' proven=False conf=0.0000 in 0.02ms
2026-08-09 12:06:46 | INFO | app.ai.backward_chaining:evaluate_goal:268 | Backward Chaining evaluated goal='PERSISTENCE' proven=False conf=0.0000 in 0.01ms
2026-08-09 12:06:46 | INFO | app.ai.backward_chaining:evaluate_goal:268 | Backward Chaining evaluated goal='DATA_EXFILTRATION' proven=False conf=0.0000 in 0.02ms
2026-08-09 12:06:46 | INFO | app.ai.backward_chaining:evaluate_goal:268 | Backward Chaining evaluated goal='PRIVILEGE_ESCALATION' proven=False conf=0.0000 in 0.02ms
2026-08-09 12:06:46 | INFO | app.ai.backward_chaining:evaluate_goal:268 | Backward Chaining evaluated goal='LATERAL_MOVEMENT' proven=False conf=0.0000 in 0.02ms
2026-08-09 12:06:46 | INFO | app.ai.backward_chaining:evaluate_goal:268 | Backward Chaining evaluated goal='DATA_EXFILTRATION' proven=False conf=0.0000 in 0.02ms
2026-08-09 12:06:46 | INFO | app.ai.backward_chaining:evaluate_goal:268 | Backward Chaining evaluated goal='PRIVILEGE_ESCALATION' proven=False conf=0.0000 in 0.02ms
2026-08-09 12:06:46 | INFO | app.ai.backward_chaining:evaluate_goal:268 | Backward Chaining evaluated goal='LATERAL_MOVEMENT' proven=False conf=0.0000 in 0.02ms
2026-08-09 12:06:46 | INFO | httpx._client:_send_single_request:1740 | HTTP Request: GET http://test/api/investigation-summary/1 "HTTP/1.1 200 OK"
2026-08-09 12:06:47 | INFO | httpx._client:_send_single_request:1740 | HTTP Request: POST http://test/api/evidence/upload "HTTP/1.1 201 Created"
2026-08-09 12:06:47 | INFO | httpx._client:_send_single_request:1740 | HTTP Request: POST http://test/api/parser/parse/1 "HTTP/1.1 202 Accepted"
2026-08-09 12:06:47 | INFO | httpx._client:_send_single_request:1740 | HTTP Request: POST http://test/api/normalize/1 "HTTP/1.1 202 Accepted"
2026-08-09 12:06:47 | INFO | httpx._client:_send_single_request:1740 | HTTP Request: GET http://test/api/normalized-events/1 "HTTP/1.1 200 OK"
2026-08-09 12:06:47 | INFO | httpx._client:_send_single_request:1740 | HTTP Request: POST http://test/api/evidence/upload "HTTP/1.1 201 Created"
2026-08-09 12:06:47 | INFO | httpx._client:_send_single_request:1740 | HTTP Request: POST http://test/api/parser/parse/1 "HTTP/1.1 202 Accepted"
2026-08-09 12:06:47 | INFO | httpx._client:_send_single_request:1740 | HTTP Request: GET http://test/api/parser/events/case/1 "HTTP/1.1 200 OK"
2026-08-09 12:06:48 | INFO | app.ai.backward_chaining:evaluate_goal:268 | Backward Chaining evaluated goal='DATA_EXFILTRATION' proven=False conf=0.0000 in 0.01ms
2026-08-09 12:06:48 | INFO | app.ai.backward_chaining:evaluate_goal:268 | Backward Chaining evaluated goal='PRIVILEGE_ESCALATION' proven=False conf=0.0000 in 0.02ms
2026-08-09 12:06:48 | INFO | app.ai.backward_chaining:evaluate_goal:268 | Backward Chaining evaluated goal='LATERAL_MOVEMENT' proven=False conf=0.0000 in 0.02ms
2026-08-09 12:06:48 | INFO | app.ai.backward_chaining:evaluate_goal:268 | Backward Chaining evaluated goal='DATA_EXFILTRATION' proven=False conf=0.0000 in 0.02ms
2026-08-09 12:06:48 | INFO | app.ai.backward_chaining:evaluate_goal:268 | Backward Chaining evaluated goal='PRIVILEGE_ESCALATION' proven=False conf=0.0000 in 0.02ms
2026-08-09 12:06:48 | INFO | app.ai.backward_chaining:evaluate_goal:268 | Backward Chaining evaluated goal='LATERAL_MOVEMENT' proven=False conf=0.0000 in 0.02ms
2026-08-09 12:06:48 | INFO | app.ai.backward_chaining:evaluate_goal:268 | Backward Chaining evaluated goal='PERSISTENCE' proven=False conf=0.0000 in 0.02ms
2026-08-09 12:06:48 | INFO | app.ai.backward_chaining:evaluate_goal:268 | Backward Chaining evaluated goal='DATA_EXFILTRATION' proven=False conf=0.0000 in 0.02ms
2026-08-09 12:06:48 | INFO | app.ai.backward_chaining:evaluate_goal:268 | Backward Chaining evaluated goal='PRIVILEGE_ESCALATION' proven=False conf=0.0000 in 0.02ms
2026-08-09 12:06:48 | INFO | app.ai.backward_chaining:evaluate_goal:268 | Backward Chaining evaluated goal='LATERAL_MOVEMENT' proven=False conf=0.0000 in 0.02ms
2026-08-09 12:06:48 | INFO | app.ai.backward_chaining:evaluate_goal:268 | Backward Chaining evaluated goal='DATA_EXFILTRATION' proven=False conf=0.0000 in 0.02ms
2026-08-09 12:06:48 | INFO | app.ai.backward_chaining:evaluate_goal:268 | Backward Chaining evaluated goal='PRIVILEGE_ESCALATION' proven=False conf=0.0000 in 0.02ms
2026-08-09 12:06:48 | INFO | app.ai.backward_chaining:evaluate_goal:268 | Backward Chaining evaluated goal='LATERAL_MOVEMENT' proven=False conf=0.0000 in 0.03ms
2026-08-09 12:06:48 | INFO | app.ai.backward_chaining:evaluate_goal:268 | Backward Chaining evaluated goal='DATA_EXFILTRATION' proven=False conf=0.0000 in 0.02ms
2026-08-09 12:06:48 | INFO | app.ai.backward_chaining:evaluate_goal:268 | Backward Chaining evaluated goal='PRIVILEGE_ESCALATION' proven=False conf=0.0000 in 0.03ms
2026-08-09 12:06:48 | INFO | app.ai.backward_chaining:evaluate_goal:268 | Backward Chaining evaluated goal='LATERAL_MOVEMENT' proven=False conf=0.0000 in 0.02ms
2026-08-09 12:06:48 | INFO | app.ai.backward_chaining:evaluate_goal:268 | Backward Chaining evaluated goal='DATA_EXFILTRATION' proven=False conf=0.0000 in 0.02ms
2026-08-09 12:06:48 | INFO | app.ai.backward_chaining:evaluate_goal:268 | Backward Chaining evaluated goal='PRIVILEGE_ESCALATION' proven=False conf=0.0000 in 0.02ms
2026-08-09 12:06:48 | INFO | app.ai.backward_chaining:evaluate_goal:268 | Backward Chaining evaluated goal='LATERAL_MOVEMENT' proven=False conf=0.0000 in 0.02ms
2026-08-09 12:06:48 | INFO | app.ai.backward_chaining:evaluate_goal:268 | Backward Chaining evaluated goal='PERSISTENCE' proven=False conf=0.0000 in 0.01ms
2026-08-09 12:06:48 | INFO | app.ai.backward_chaining:evaluate_goal:268 | Backward Chaining evaluated goal='DATA_EXFILTRATION' proven=False conf=0.0000 in 0.02ms
2026-08-09 12:06:48 | INFO | app.ai.backward_chaining:evaluate_goal:268 | Backward Chaining evaluated goal='PRIVILEGE_ESCALATION' proven=False conf=0.0000 in 0.03ms
2026-08-09 12:06:48 | INFO | app.ai.backward_chaining:evaluate_goal:268 | Backward Chaining evaluated goal='LATERAL_MOVEMENT' proven=False conf=0.0000 in 0.02ms
2026-08-09 12:06:48 | INFO | app.ai.backward_chaining:evaluate_goal:268 | Backward Chaining evaluated goal='DATA_EXFILTRATION' proven=False conf=0.0000 in 0.01ms
2026-08-09 12:06:48 | INFO | app.ai.backward_chaining:evaluate_goal:268 | Backward Chaining evaluated goal='PRIVILEGE_ESCALATION' proven=False conf=0.0000 in 0.02ms
2026-08-09 12:06:48 | INFO | app.ai.backward_chaining:evaluate_goal:268 | Backward Chaining evaluated goal='LATERAL_MOVEMENT' proven=False conf=0.0000 in 0.02ms
2026-08-09 12:06:48 | INFO | app.ai.backward_chaining:evaluate_goal:268 | Backward Chaining evaluated goal='DATA_EXFILTRATION' proven=False conf=0.0000 in 0.02ms
2026-08-09 12:06:48 | INFO | app.ai.backward_chaining:evaluate_goal:268 | Backward Chaining evaluated goal='PRIVILEGE_ESCALATION' proven=False conf=0.0000 in 0.02ms
2026-08-09 12:06:48 | INFO | app.ai.backward_chaining:evaluate_goal:268 | Backward Chaining evaluated goal='LATERAL_MOVEMENT' proven=False conf=0.0000 in 0.02ms
2026-08-09 12:06:48 | INFO | app.ai.backward_chaining:evaluate_goal:268 | Backward Chaining evaluated goal='DATA_EXFILTRATION' proven=False conf=0.0000 in 0.02ms
2026-08-09 12:06:48 | INFO | app.ai.backward_chaining:evaluate_goal:268 | Backward Chaining evaluated goal='PRIVILEGE_ESCALATION' proven=False conf=0.0000 in 0.02ms
2026-08-09 12:06:48 | INFO | app.ai.backward_chaining:evaluate_goal:268 | Backward Chaining evaluated goal='LATERAL_MOVEMENT' proven=False conf=0.0000 in 0.02ms
2026-08-09 12:06:48 | INFO | app.ai.backward_chaining:evaluate_goal:268 | Backward Chaining evaluated goal='PERSISTENCE' proven=False conf=0.0000 in 0.01ms
2026-08-09 12:06:48 | INFO | app.ai.backward_chaining:evaluate_goal:268 | Backward Chaining evaluated goal='DATA_EXFILTRATION' proven=False conf=0.0000 in 0.02ms
2026-08-09 12:06:48 | INFO | app.ai.backward_chaining:evaluate_goal:268 | Backward Chaining evaluated goal='PRIVILEGE_ESCALATION' proven=False conf=0.0000 in 0.02ms
2026-08-09 12:06:48 | INFO | app.ai.backward_chaining:evaluate_goal:268 | Backward Chaining evaluated goal='LATERAL_MOVEMENT' proven=False conf=0.0000 in 0.02ms
2026-08-09 12:06:48 | INFO | app.ai.backward_chaining:evaluate_goal:268 | Backward Chaining evaluated goal='DATA_EXFILTRATION' proven=False conf=0.0000 in 0.02ms
2026-08-09 12:06:48 | INFO | app.ai.backward_chaining:evaluate_goal:268 | Backward Chaining evaluated goal='PRIVILEGE_ESCALATION' proven=False conf=0.0000 in 0.02ms
2026-08-09 12:06:48 | INFO | app.ai.backward_chaining:evaluate_goal:268 | Backward Chaining evaluated goal='LATERAL_MOVEMENT' proven=False conf=0.0000 in 0.02ms
2026-08-09 12:06:48 | INFO | app.ai.backward_chaining:evaluate_goal:268 | Backward Chaining evaluated goal='DATA_EXFILTRATION' proven=False conf=0.0000 in 0.02ms
2026-08-09 12:06:48 | INFO | app.ai.backward_chaining:evaluate_goal:268 | Backward Chaining evaluated goal='PRIVILEGE_ESCALATION' proven=False conf=0.0000 in 0.02ms
2026-08-09 12:06:48 | INFO | app.ai.backward_chaining:evaluate_goal:268 | Backward Chaining evaluated goal='LATERAL_MOVEMENT' proven=False conf=0.0000 in 0.02ms
2026-08-09 12:06:48 | INFO | app.ai.backward_chaining:evaluate_goal:268 | Backward Chaining evaluated goal='DATA_EXFILTRATION' proven=False conf=0.0000 in 0.02ms
2026-08-09 12:06:48 | INFO | app.ai.backward_chaining:evaluate_goal:268 | Backward Chaining evaluated goal='PRIVILEGE_ESCALATION' proven=False conf=0.0000 in 0.02ms
2026-08-09 12:06:48 | INFO | app.ai.backward_chaining:evaluate_goal:268 | Backward Chaining evaluated goal='LATERAL_MOVEMENT' proven=False conf=0.0000 in 0.02ms
2026-08-09 12:06:48 | INFO | app.ai.backward_chaining:evaluate_goal:268 | Backward Chaining evaluated goal='PERSISTENCE' proven=False conf=0.0000 in 0.01ms
2026-08-09 12:06:48 | INFO | app.ai.backward_chaining:evaluate_goal:268 | Backward Chaining evaluated goal='DATA_EXFILTRATION' proven=False conf=0.0000 in 0.02ms
2026-08-09 12:06:48 | INFO | app.ai.backward_chaining:evaluate_goal:268 | Backward Chaining evaluated goal='PRIVILEGE_ESCALATION' proven=False conf=0.0000 in 0.03ms
2026-08-09 12:06:48 | INFO | app.ai.backward_chaining:evaluate_goal:268 | Backward Chaining evaluated goal='LATERAL_MOVEMENT' proven=False conf=0.0000 in 0.02ms
2026-08-09 12:06:48 | INFO | app.ai.backward_chaining:evaluate_goal:268 | Backward Chaining evaluated goal='DATA_EXFILTRATION' proven=False conf=0.0000 in 0.01ms
2026-08-09 12:06:48 | INFO | app.ai.backward_chaining:evaluate_goal:268 | Backward Chaining evaluated goal='PRIVILEGE_ESCALATION' proven=False conf=0.0000 in 0.02ms
2026-08-09 12:06:48 | INFO | app.ai.backward_chaining:evaluate_goal:268 | Backward Chaining evaluated goal='LATERAL_MOVEMENT' proven=False conf=0.0000 in 0.02ms
2026-08-09 12:06:49 | INFO | app.ai.backward_chaining:evaluate_goal:268 | Backward Chaining evaluated goal='DATA_EXFILTRATION' proven=False conf=0.0000 in 0.01ms
2026-08-09 12:06:49 | INFO | app.ai.backward_chaining:evaluate_goal:268 | Backward Chaining evaluated goal='PRIVILEGE_ESCALATION' proven=False conf=0.0000 in 0.03ms
2026-08-09 12:06:49 | INFO | app.ai.backward_chaining:evaluate_goal:268 | Backward Chaining evaluated goal='LATERAL_MOVEMENT' proven=False conf=0.0000 in 0.02ms
2026-08-09 12:06:49 | INFO | app.ai.backward_chaining:evaluate_goal:268 | Backward Chaining evaluated goal='DATA_EXFILTRATION' proven=False conf=0.0000 in 0.02ms
2026-08-09 12:06:49 | INFO | app.ai.backward_chaining:evaluate_goal:268 | Backward Chaining evaluated goal='PRIVILEGE_ESCALATION' proven=False conf=0.0000 in 0.02ms
2026-08-09 12:06:49 | INFO | app.ai.backward_chaining:evaluate_goal:268 | Backward Chaining evaluated goal='LATERAL_MOVEMENT' proven=False conf=0.0000 in 0.02ms
2026-08-09 12:06:49 | INFO | app.ai.backward_chaining:evaluate_goal:268 | Backward Chaining evaluated goal='PERSISTENCE' proven=False conf=0.0000 in 0.01ms
2026-08-09 12:06:49 | INFO | app.ai.backward_chaining:evaluate_goal:268 | Backward Chaining evaluated goal='DATA_EXFILTRATION' proven=False conf=0.0000 in 0.02ms
2026-08-09 12:06:49 | INFO | app.ai.backward_chaining:evaluate_goal:268 | Backward Chaining evaluated goal='PRIVILEGE_ESCALATION' proven=False conf=0.0000 in 0.02ms
2026-08-09 12:06:49 | INFO | app.ai.backward_chaining:evaluate_goal:268 | Backward Chaining evaluated goal='LATERAL_MOVEMENT' proven=False conf=0.0000 in 0.02ms
2026-08-09 12:06:49 | INFO | app.ai.backward_chaining:evaluate_goal:268 | Backward Chaining evaluated goal='DATA_EXFILTRATION' proven=False conf=0.0000 in 0.02ms
2026-08-09 12:06:49 | INFO | app.ai.backward_chaining:evaluate_goal:268 | Backward Chaining evaluated goal='PRIVILEGE_ESCALATION' proven=False conf=0.0000 in 0.02ms
2026-08-09 12:06:49 | INFO | app.ai.backward_chaining:evaluate_goal:268 | Backward Chaining evaluated goal='LATERAL_MOVEMENT' proven=False conf=0.0000 in 0.02ms
2026-08-09 12:06:49 | INFO | app.ai.backward_chaining:evaluate_goal:268 | Backward Chaining evaluated goal='DATA_EXFILTRATION' proven=False conf=0.0000 in 0.02ms
2026-08-09 12:06:49 | INFO | app.ai.backward_chaining:evaluate_goal:268 | Backward Chaining evaluated goal='PRIVILEGE_ESCALATION' proven=False conf=0.0000 in 0.02ms
2026-08-09 12:06:49 | INFO | app.ai.backward_chaining:evaluate_goal:268 | Backward Chaining evaluated goal='LATERAL_MOVEMENT' proven=False conf=0.0000 in 0.02ms
2026-08-09 12:06:49 | INFO | app.ai.backward_chaining:evaluate_goal:268 | Backward Chaining evaluated goal='DATA_EXFILTRATION' proven=False conf=0.0000 in 0.01ms
2026-08-09 12:06:49 | INFO | app.ai.backward_chaining:evaluate_goal:268 | Backward Chaining evaluated goal='PRIVILEGE_ESCALATION' proven=False conf=0.0000 in 0.02ms
2026-08-09 12:06:49 | INFO | app.ai.backward_chaining:evaluate_goal:268 | Backward Chaining evaluated goal='LATERAL_MOVEMENT' proven=False conf=0.0000 in 0.02ms
2026-08-09 12:06:49 | INFO | app.ai.backward_chaining:evaluate_goal:268 | Backward Chaining evaluated goal='PERSISTENCE' proven=False conf=0.0000 in 0.01ms
2026-08-09 12:06:49 | INFO | app.ai.backward_chaining:evaluate_goal:268 | Backward Chaining evaluated goal='DATA_EXFILTRATION' proven=False conf=0.0000 in 0.02ms
2026-08-09 12:06:49 | INFO | app.ai.backward_chaining:evaluate_goal:268 | Backward Chaining evaluated goal='PRIVILEGE_ESCALATION' proven=False conf=0.0000 in 0.02ms
2026-08-09 12:06:49 | INFO | app.ai.backward_chaining:evaluate_goal:268 | Backward Chaining evaluated goal='LATERAL_MOVEMENT' proven=False conf=0.0000 in 0.02ms
2026-08-09 12:06:49 | INFO | app.ai.backward_chaining:evaluate_goal:268 | Backward Chaining evaluated goal='DATA_EXFILTRATION' proven=False conf=0.0000 in 0.02ms
2026-08-09 12:06:49 | INFO | app.ai.backward_chaining:evaluate_goal:268 | Backward Chaining evaluated goal='PRIVILEGE_ESCALATION' proven=False conf=0.0000 in 0.02ms
2026-08-09 12:06:49 | INFO | app.ai.backward_chaining:evaluate_goal:268 | Backward Chaining evaluated goal='LATERAL_MOVEMENT' proven=False conf=0.0000 in 0.02ms
2026-08-09 12:06:49 | INFO | httpx._client:_send_single_request:1740 | HTTP Request: POST http://test/api/v1/cases/1/reports "HTTP/1.1 201 Created"
2026-08-09 12:06:50 | INFO | httpx._client:_send_single_request:1740 | HTTP Request: GET http://test/api/v1/cases/1/reports/history "HTTP/1.1 200 OK"
2026-08-09 12:06:50 | INFO | httpx._client:_send_single_request:1740 | HTTP Request: GET http://test/api/v1/cases/1/reports/b4aab039-99ad-4d55-b6a1-b1378f83afd7/download "HTTP/1.1 200 OK"
2026-08-09 12:06:50 | INFO | httpx._client:_send_single_request:1740 | HTTP Request: GET http://test/api/v1/cases/1/reports/b4aab039-99ad-4d55-b6a1-b1378f83afd7/download "HTTP/1.1 401 Unauthorized"
2026-08-09 12:06:50 | INFO | app.ai.backward_chaining:evaluate_goal:268 | Backward Chaining evaluated goal='DATA_EXFILTRATION' proven=False conf=0.0000 in 0.02ms
2026-08-09 12:06:50 | INFO | app.ai.backward_chaining:evaluate_goal:268 | Backward Chaining evaluated goal='PRIVILEGE_ESCALATION' proven=False conf=0.0000 in 0.02ms
2026-08-09 12:06:50 | INFO | app.ai.backward_chaining:evaluate_goal:268 | Backward Chaining evaluated goal='LATERAL_MOVEMENT' proven=False conf=0.0000 in 0.02ms
2026-08-09 12:06:50 | INFO | app.ai.backward_chaining:evaluate_goal:268 | Backward Chaining evaluated goal='PERSISTENCE' proven=False conf=0.0000 in 0.01ms
2026-08-09 12:06:50 | INFO | httpx._client:_send_single_request:1740 | HTTP Request: GET http://test/api/v1/cases/1/risk-score "HTTP/1.1 200 OK"
2026-08-09 12:06:50 | INFO | app.ai.backward_chaining:evaluate_goal:268 | Backward Chaining evaluated goal='DATA_EXFILTRATION' proven=False conf=0.0000 in 0.03ms
2026-08-09 12:06:50 | INFO | app.ai.backward_chaining:evaluate_goal:268 | Backward Chaining evaluated goal='PRIVILEGE_ESCALATION' proven=False conf=0.0000 in 0.02ms
2026-08-09 12:06:50 | INFO | app.ai.backward_chaining:evaluate_goal:268 | Backward Chaining evaluated goal='LATERAL_MOVEMENT' proven=False conf=0.0000 in 0.02ms
2026-08-09 12:06:50 | INFO | app.ai.backward_chaining:evaluate_goal:268 | Backward Chaining evaluated goal='PERSISTENCE' proven=False conf=0.0000 in 0.01ms
2026-08-09 12:06:50 | INFO | httpx._client:_send_single_request:1740 | HTTP Request: GET http://test/api/risk-score/1 "HTTP/1.1 200 OK"
2026-08-09 12:06:51 | INFO | app.ai.backward_chaining:evaluate_goal:268 | Backward Chaining evaluated goal='DATA_EXFILTRATION' proven=False conf=0.0000 in 0.01ms
2026-08-09 12:06:51 | INFO | app.ai.backward_chaining:evaluate_goal:268 | Backward Chaining evaluated goal='PRIVILEGE_ESCALATION' proven=False conf=0.0000 in 0.02ms
2026-08-09 12:06:51 | INFO | app.ai.backward_chaining:evaluate_goal:268 | Backward Chaining evaluated goal='LATERAL_MOVEMENT' proven=False conf=0.0000 in 0.02ms
2026-08-09 12:06:51 | INFO | app.ai.backward_chaining:evaluate_goal:268 | Backward Chaining evaluated goal='DATA_EXFILTRATION' proven=False conf=0.0000 in 0.02ms
2026-08-09 12:06:51 | INFO | app.ai.backward_chaining:evaluate_goal:268 | Backward Chaining evaluated goal='PRIVILEGE_ESCALATION' proven=False conf=0.0000 in 0.02ms
2026-08-09 12:06:51 | INFO | app.ai.backward_chaining:evaluate_goal:268 | Backward Chaining evaluated goal='LATERAL_MOVEMENT' proven=False conf=0.0000 in 0.02ms
2026-08-09 12:06:51 | INFO | app.ai.backward_chaining:evaluate_goal:268 | Backward Chaining evaluated goal='DATA_EXFILTRATION' proven=False conf=0.0000 in 0.01ms
2026-08-09 12:06:51 | INFO | app.ai.backward_chaining:evaluate_goal:268 | Backward Chaining evaluated goal='PRIVILEGE_ESCALATION' proven=False conf=0.0000 in 0.02ms
2026-08-09 12:06:51 | INFO | app.ai.backward_chaining:evaluate_goal:268 | Backward Chaining evaluated goal='LATERAL_MOVEMENT' proven=False conf=0.0000 in 0.02ms
2026-08-09 12:06:52 | INFO | app.ai.backward_chaining:evaluate_goal:268 | Backward Chaining evaluated goal='DATA_EXFILTRATION' proven=False conf=0.0000 in 0.02ms
2026-08-09 12:06:52 | INFO | app.ai.backward_chaining:evaluate_goal:268 | Backward Chaining evaluated goal='PRIVILEGE_ESCALATION' proven=False conf=0.0000 in 0.02ms
2026-08-09 12:06:52 | INFO | app.ai.backward_chaining:evaluate_goal:268 | Backward Chaining evaluated goal='LATERAL_MOVEMENT' proven=False conf=0.0000 in 0.02ms
2026-08-09 12:06:52 | INFO | app.ai.backward_chaining:evaluate_goal:268 | Backward Chaining evaluated goal='DATA_EXFILTRATION' proven=True conf=1.0000 in 0.00ms
2026-08-09 12:06:52 | INFO | app.ai.backward_chaining:evaluate_goal:268 | Backward Chaining evaluated goal='PRIVILEGE_ESCALATION' proven=False conf=0.0000 in 0.02ms
2026-08-09 12:06:52 | INFO | app.ai.backward_chaining:evaluate_goal:268 | Backward Chaining evaluated goal='LATERAL_MOVEMENT' proven=False conf=0.0000 in 0.02ms
2026-08-09 12:06:53 | INFO | app.ai.backward_chaining:evaluate_goal:268 | Backward Chaining evaluated goal='DATA_EXFILTRATION' proven=True conf=0.9120 in 0.03ms
2026-08-09 12:06:53 | INFO | app.ai.backward_chaining:evaluate_goal:268 | Backward Chaining evaluated goal='PRIVILEGE_ESCALATION' proven=False conf=0.0000 in 0.03ms
2026-08-09 12:06:53 | INFO | app.ai.backward_chaining:evaluate_goal:268 | Backward Chaining evaluated goal='LATERAL_MOVEMENT' proven=False conf=0.0000 in 0.03ms
2026-08-09 12:06:53 | INFO | app.ai.backward_chaining:evaluate_goal:268 | Backward Chaining evaluated goal='DATA_EXFILTRATION' proven=False conf=0.0000 in 0.03ms
2026-08-09 12:06:53 | INFO | app.ai.backward_chaining:evaluate_goal:268 | Backward Chaining evaluated goal='PRIVILEGE_ESCALATION' proven=False conf=0.0000 in 0.04ms
2026-08-09 12:06:53 | INFO | app.ai.backward_chaining:evaluate_goal:268 | Backward Chaining evaluated goal='LATERAL_MOVEMENT' proven=False conf=0.0000 in 0.02ms
2026-08-09 12:06:54 | INFO | app.ai.backward_chaining:evaluate_goal:268 | Backward Chaining evaluated goal='DATA_EXFILTRATION' proven=False conf=0.0000 in 0.02ms
2026-08-09 12:06:54 | INFO | app.ai.backward_chaining:evaluate_goal:268 | Backward Chaining evaluated goal='PRIVILEGE_ESCALATION' proven=False conf=0.0000 in 0.02ms
2026-08-09 12:06:54 | INFO | app.ai.backward_chaining:evaluate_goal:268 | Backward Chaining evaluated goal='LATERAL_MOVEMENT' proven=False conf=0.0000 in 0.02ms
2026-08-09 12:06:55 | INFO | app.ai.backward_chaining:evaluate_goal:268 | Backward Chaining evaluated goal='DATA_EXFILTRATION' proven=False conf=0.0000 in 0.02ms
2026-08-09 12:06:55 | INFO | app.ai.backward_chaining:evaluate_goal:268 | Backward Chaining evaluated goal='PRIVILEGE_ESCALATION' proven=False conf=0.0000 in 0.02ms
2026-08-09 12:06:55 | INFO | app.ai.backward_chaining:evaluate_goal:268 | Backward Chaining evaluated goal='LATERAL_MOVEMENT' proven=False conf=0.0000 in 0.02ms
2026-08-09 12:06:55 | INFO | httpx._client:_send_single_request:1740 | HTTP Request: GET http://test/api/v1/cases/1/timeline "HTTP/1.1 200 OK"
2026-08-09 12:06:55 | INFO | app.ai.backward_chaining:evaluate_goal:268 | Backward Chaining evaluated goal='DATA_EXFILTRATION' proven=False conf=0.0000 in 0.02ms
2026-08-09 12:06:55 | INFO | app.ai.backward_chaining:evaluate_goal:268 | Backward Chaining evaluated goal='PRIVILEGE_ESCALATION' proven=False conf=0.0000 in 0.04ms
2026-08-09 12:06:55 | INFO | app.ai.backward_chaining:evaluate_goal:268 | Backward Chaining evaluated goal='LATERAL_MOVEMENT' proven=False conf=0.0000 in 0.04ms
2026-08-09 12:06:55 | INFO | httpx._client:_send_single_request:1740 | HTTP Request: GET http://test/api/timeline/1 "HTTP/1.1 200 OK"
2026-08-09 12:06:55 | INFO | app.ai.backward_chaining:evaluate_goal:268 | Backward Chaining evaluated goal='DATA_EXFILTRATION' proven=False conf=0.0000 in 0.02ms
2026-08-09 12:06:55 | INFO | app.ai.backward_chaining:evaluate_goal:268 | Backward Chaining evaluated goal='PRIVILEGE_ESCALATION' proven=False conf=0.0000 in 0.02ms
2026-08-09 12:06:55 | INFO | app.ai.backward_chaining:evaluate_goal:268 | Backward Chaining evaluated goal='LATERAL_MOVEMENT' proven=False conf=0.0000 in 0.02ms
2026-08-09 12:06:55 | INFO | httpx._client:_send_single_request:1740 | HTTP Request: GET http://test/api/timeline/1/suspicious "HTTP/1.1 200 OK"
2026-08-09 12:06:55 | INFO | app.services.ucs_service:run_ucs:104 | Executing UCS for Case ID 1 | Start: 'login' | Goal: 'usb_remove'
2026-08-09 12:06:55 | INFO | app.services.ucs_service:run_ucs:124 | UCS Search Succeeded | Case ID: 1 | Start: 'login' | Goal: 'usb_remove' | Visited Nodes: 4 | Total Cost: 3.0000 | Time: 0.009 ms
2026-08-09 12:06:55 | INFO | httpx._client:_send_single_request:1740 | HTTP Request: POST http://test/api/v1/ai/ucs/run "HTTP/1.1 200 OK"
2026-08-09 12:06:55 | INFO | app.services.ucs_service:run_ucs:104 | Executing UCS for Case ID 1 | Start: 'login' | Goal: 'isolated_exfil'
2026-08-09 12:06:55 | WARNING | app.services.ucs_service:run_ucs:114 | UCS search completed: No path found between 'login' and 'isolated_exfil' in Case ID 1. Explored 5 nodes.
2026-08-09 12:06:55 | INFO | httpx._client:_send_single_request:1740 | HTTP Request: POST http://test/api/v1/ai/ucs/run "HTTP/1.1 400 Bad Request"
2026-08-09 12:06:56 | WARNING | app.services.ucs_service:run_ucs:74 | UCS failed: Start node 'non_existent_start' not found in Case 1.
2026-08-09 12:06:56 | INFO | httpx._client:_send_single_request:1740 | HTTP Request: POST http://test/api/v1/ai/ucs/run "HTTP/1.1 404 Not Found"
2026-08-09 12:06:56 | WARNING | app.services.ucs_service:run_ucs:83 | UCS failed: Goal node 'non_existent_goal' not found in Case 1.
2026-08-09 12:06:56 | INFO | httpx._client:_send_single_request:1740 | HTTP Request: POST http://test/api/v1/ai/ucs/run "HTTP/1.1 404 Not Found"
2026-08-09 12:06:56 | WARNING | app.services.ucs_service:run_ucs:48 | UCS failed: Case ID 999999 not found.
2026-08-09 12:06:56 | INFO | httpx._client:_send_single_request:1740 | HTTP Request: POST http://test/api/v1/ai/ucs/run "HTTP/1.1 404 Not Found"
2026-08-09 12:17:16 | INFO | app.ai.backward_chaining:evaluate_goal:268 | Backward Chaining evaluated goal='DATA_EXFILTRATION' proven=False conf=0.0000 in 0.02ms
2026-08-09 12:17:16 | INFO | app.ai.backward_chaining:evaluate_goal:268 | Backward Chaining evaluated goal='PRIVILEGE_ESCALATION' proven=False conf=0.0000 in 0.03ms
2026-08-09 12:17:16 | INFO | app.ai.backward_chaining:evaluate_goal:268 | Backward Chaining evaluated goal='LATERAL_MOVEMENT' proven=False conf=0.0000 in 0.03ms
2026-08-09 12:17:16 | INFO | app.ai.backward_chaining:evaluate_goal:268 | Backward Chaining evaluated goal='DATA_EXFILTRATION' proven=False conf=0.0000 in 0.02ms
2026-08-09 12:17:16 | INFO | app.ai.backward_chaining:evaluate_goal:268 | Backward Chaining evaluated goal='PRIVILEGE_ESCALATION' proven=False conf=0.0000 in 0.03ms
2026-08-09 12:17:16 | INFO | app.ai.backward_chaining:evaluate_goal:268 | Backward Chaining evaluated goal='LATERAL_MOVEMENT' proven=False conf=0.0000 in 0.03ms
2026-08-09 12:17:16 | INFO | app.ai.backward_chaining:evaluate_goal:268 | Backward Chaining evaluated goal='DATA_EXFILTRATION' proven=False conf=0.0000 in 0.02ms
2026-08-09 12:17:16 | INFO | app.ai.backward_chaining:evaluate_goal:268 | Backward Chaining evaluated goal='PRIVILEGE_ESCALATION' proven=False conf=0.0000 in 0.04ms
2026-08-09 12:17:16 | INFO | app.ai.backward_chaining:evaluate_goal:268 | Backward Chaining evaluated goal='LATERAL_MOVEMENT' proven=False conf=0.0000 in 0.02ms
2026-08-09 12:17:16 | INFO | app.ai.backward_chaining:evaluate_goal:268 | Backward Chaining evaluated goal='PERSISTENCE' proven=False conf=0.0000 in 0.02ms
2026-08-09 12:17:16 | INFO | app.ai.backward_chaining:evaluate_goal:268 | Backward Chaining evaluated goal='DATA_EXFILTRATION' proven=False conf=0.0000 in 0.02ms
2026-08-09 12:17:16 | INFO | app.ai.backward_chaining:evaluate_goal:268 | Backward Chaining evaluated goal='PRIVILEGE_ESCALATION' proven=False conf=0.0000 in 0.02ms
2026-08-09 12:17:16 | INFO | app.ai.backward_chaining:evaluate_goal:268 | Backward Chaining evaluated goal='LATERAL_MOVEMENT' proven=False conf=0.0000 in 0.03ms
2026-08-09 12:17:16 | INFO | app.ai.backward_chaining:evaluate_goal:268 | Backward Chaining evaluated goal='DATA_EXFILTRATION' proven=False conf=0.0000 in 0.02ms
2026-08-09 12:17:16 | INFO | app.ai.backward_chaining:evaluate_goal:268 | Backward Chaining evaluated goal='PRIVILEGE_ESCALATION' proven=False conf=0.0000 in 0.03ms
2026-08-09 12:17:16 | INFO | app.ai.backward_chaining:evaluate_goal:268 | Backward Chaining evaluated goal='LATERAL_MOVEMENT' proven=False conf=0.0000 in 0.03ms
2026-08-09 12:17:16 | INFO | app.ai.backward_chaining:evaluate_goal:268 | Backward Chaining evaluated goal='DATA_EXFILTRATION' proven=False conf=0.0000 in 0.02ms
2026-08-09 12:17:16 | INFO | app.ai.backward_chaining:evaluate_goal:268 | Backward Chaining evaluated goal='PRIVILEGE_ESCALATION' proven=False conf=0.0000 in 0.04ms
2026-08-09 12:17:16 | INFO | app.ai.backward_chaining:evaluate_goal:268 | Backward Chaining evaluated goal='LATERAL_MOVEMENT' proven=False conf=0.0000 in 0.03ms
2026-08-09 12:17:16 | INFO | app.ai.backward_chaining:evaluate_goal:268 | Backward Chaining evaluated goal='DATA_EXFILTRATION' proven=False conf=0.0000 in 0.01ms
2026-08-09 12:17:16 | INFO | app.ai.backward_chaining:evaluate_goal:268 | Backward Chaining evaluated goal='PRIVILEGE_ESCALATION' proven=False conf=0.0000 in 0.03ms
2026-08-09 12:17:16 | INFO | app.ai.backward_chaining:evaluate_goal:268 | Backward Chaining evaluated goal='LATERAL_MOVEMENT' proven=False conf=0.0000 in 0.03ms
2026-08-09 12:17:16 | INFO | app.ai.backward_chaining:evaluate_goal:268 | Backward Chaining evaluated goal='PERSISTENCE' proven=False conf=0.0000 in 0.02ms
2026-08-09 12:17:16 | INFO | app.ai.backward_chaining:evaluate_goal:268 | Backward Chaining evaluated goal='DATA_EXFILTRATION' proven=False conf=0.0000 in 0.02ms
2026-08-09 12:17:16 | INFO | app.ai.backward_chaining:evaluate_goal:268 | Backward Chaining evaluated goal='PRIVILEGE_ESCALATION' proven=False conf=0.0000 in 0.02ms
2026-08-09 12:17:16 | INFO | app.ai.backward_chaining:evaluate_goal:268 | Backward Chaining evaluated goal='LATERAL_MOVEMENT' proven=False conf=0.0000 in 0.02ms
2026-08-09 12:17:16 | INFO | app.ai.backward_chaining:evaluate_goal:268 | Backward Chaining evaluated goal='PERSISTENCE' proven=False conf=0.0000 in 0.02ms
2026-08-09 12:17:16 | INFO | app.ai.backward_chaining:evaluate_goal:268 | Backward Chaining evaluated goal='DATA_EXFILTRATION' proven=False conf=0.0000 in 0.02ms
2026-08-09 12:17:16 | INFO | app.ai.backward_chaining:evaluate_goal:268 | Backward Chaining evaluated goal='PRIVILEGE_ESCALATION' proven=False conf=0.0000 in 0.03ms
2026-08-09 12:17:16 | INFO | app.ai.backward_chaining:evaluate_goal:268 | Backward Chaining evaluated goal='LATERAL_MOVEMENT' proven=False conf=0.0000 in 0.03ms
2026-08-09 12:17:16 | INFO | app.ai.backward_chaining:evaluate_goal:268 | Backward Chaining evaluated goal='DATA_EXFILTRATION' proven=False conf=0.0000 in 0.03ms
2026-08-09 12:17:16 | INFO | app.ai.backward_chaining:evaluate_goal:268 | Backward Chaining evaluated goal='PRIVILEGE_ESCALATION' proven=False conf=0.0000 in 0.04ms
2026-08-09 12:17:16 | INFO | app.ai.backward_chaining:evaluate_goal:268 | Backward Chaining evaluated goal='LATERAL_MOVEMENT' proven=False conf=0.0000 in 0.03ms
2026-08-09 12:17:16 | INFO | app.ai.backward_chaining:evaluate_goal:268 | Backward Chaining evaluated goal='DATA_EXFILTRATION' proven=False conf=0.0000 in 0.03ms
2026-08-09 12:17:16 | INFO | app.ai.backward_chaining:evaluate_goal:268 | Backward Chaining evaluated goal='PRIVILEGE_ESCALATION' proven=False conf=0.0000 in 0.03ms
2026-08-09 12:17:16 | INFO | app.ai.backward_chaining:evaluate_goal:268 | Backward Chaining evaluated goal='LATERAL_MOVEMENT' proven=False conf=0.0000 in 0.03ms
2026-08-09 12:17:16 | INFO | app.ai.backward_chaining:evaluate_goal:268 | Backward Chaining evaluated goal='DATA_EXFILTRATION' proven=False conf=0.0000 in 0.02ms
2026-08-09 12:17:16 | INFO | app.ai.backward_chaining:evaluate_goal:268 | Backward Chaining evaluated goal='PRIVILEGE_ESCALATION' proven=False conf=0.0000 in 0.04ms
2026-08-09 12:17:16 | INFO | app.ai.backward_chaining:evaluate_goal:268 | Backward Chaining evaluated goal='LATERAL_MOVEMENT' proven=False conf=0.0000 in 0.03ms
2026-08-09 12:17:16 | INFO | app.ai.backward_chaining:evaluate_goal:268 | Backward Chaining evaluated goal='DATA_EXFILTRATION' proven=False conf=0.0000 in 0.02ms
2026-08-09 12:17:16 | INFO | app.ai.backward_chaining:evaluate_goal:268 | Backward Chaining evaluated goal='PRIVILEGE_ESCALATION' proven=False conf=0.0000 in 0.03ms
2026-08-09 12:17:16 | INFO | app.ai.backward_chaining:evaluate_goal:268 | Backward Chaining evaluated goal='LATERAL_MOVEMENT' proven=False conf=0.0000 in 0.02ms
2026-08-09 12:17:16 | INFO | app.ai.backward_chaining:evaluate_goal:268 | Backward Chaining evaluated goal='DATA_EXFILTRATION' proven=False conf=0.0000 in 0.03ms
2026-08-09 12:17:16 | INFO | app.ai.backward_chaining:evaluate_goal:268 | Backward Chaining evaluated goal='PRIVILEGE_ESCALATION' proven=False conf=0.0000 in 0.04ms
2026-08-09 12:17:16 | INFO | app.ai.backward_chaining:evaluate_goal:268 | Backward Chaining evaluated goal='LATERAL_MOVEMENT' proven=False conf=0.0000 in 0.04ms
2026-08-09 12:17:16 | INFO | app.ai.backward_chaining:evaluate_goal:268 | Backward Chaining evaluated goal='PERSISTENCE' proven=False conf=0.0000 in 0.03ms
2026-08-09 12:17:16 | INFO | app.ai.backward_chaining:evaluate_goal:268 | Backward Chaining evaluated goal='DATA_EXFILTRATION' proven=False conf=0.0000 in 0.02ms
2026-08-09 12:17:16 | INFO | app.ai.backward_chaining:evaluate_goal:268 | Backward Chaining evaluated goal='PRIVILEGE_ESCALATION' proven=False conf=0.0000 in 0.03ms
2026-08-09 12:17:16 | INFO | app.ai.backward_chaining:evaluate_goal:268 | Backward Chaining evaluated goal='LATERAL_MOVEMENT' proven=False conf=0.0000 in 0.02ms
2026-08-09 12:17:16 | INFO | app.ai.backward_chaining:evaluate_goal:268 | Backward Chaining evaluated goal='DATA_EXFILTRATION' proven=False conf=0.0000 in 0.02ms
2026-08-09 12:17:16 | INFO | app.ai.backward_chaining:evaluate_goal:268 | Backward Chaining evaluated goal='PRIVILEGE_ESCALATION' proven=False conf=0.0000 in 0.03ms
2026-08-09 12:17:16 | INFO | app.ai.backward_chaining:evaluate_goal:268 | Backward Chaining evaluated goal='LATERAL_MOVEMENT' proven=False conf=0.0000 in 0.03ms
2026-08-09 12:22:40 | INFO | app.ai.backward_chaining:evaluate_goal:268 | Backward Chaining evaluated goal='DATA_EXFILTRATION' proven=False conf=0.0000 in 0.02ms
2026-08-09 12:22:40 | INFO | app.ai.backward_chaining:evaluate_goal:268 | Backward Chaining evaluated goal='PRIVILEGE_ESCALATION' proven=False conf=0.0000 in 0.05ms
2026-08-09 12:22:40 | INFO | app.ai.backward_chaining:evaluate_goal:268 | Backward Chaining evaluated goal='LATERAL_MOVEMENT' proven=False conf=0.0000 in 0.05ms
2026-08-09 12:22:40 | INFO | app.ai.backward_chaining:evaluate_goal:268 | Backward Chaining evaluated goal='DATA_EXFILTRATION' proven=False conf=0.0000 in 0.03ms
2026-08-09 12:22:40 | INFO | app.ai.backward_chaining:evaluate_goal:268 | Backward Chaining evaluated goal='PRIVILEGE_ESCALATION' proven=False conf=0.0000 in 0.06ms
2026-08-09 12:22:40 | INFO | app.ai.backward_chaining:evaluate_goal:268 | Backward Chaining evaluated goal='LATERAL_MOVEMENT' proven=False conf=0.0000 in 0.03ms
2026-08-09 12:22:40 | INFO | app.ai.backward_chaining:evaluate_goal:268 | Backward Chaining evaluated goal='PERSISTENCE' proven=False conf=0.0000 in 0.03ms
2026-08-09 12:22:40 | INFO | app.ai.backward_chaining:evaluate_goal:268 | Backward Chaining evaluated goal='DATA_EXFILTRATION' proven=False conf=0.0000 in 0.02ms
2026-08-09 12:22:40 | INFO | app.ai.backward_chaining:evaluate_goal:268 | Backward Chaining evaluated goal='PRIVILEGE_ESCALATION' proven=False conf=0.0000 in 0.03ms
2026-08-09 12:22:40 | INFO | app.ai.backward_chaining:evaluate_goal:268 | Backward Chaining evaluated goal='LATERAL_MOVEMENT' proven=False conf=0.0000 in 0.04ms
2026-08-09 12:22:40 | INFO | app.ai.backward_chaining:evaluate_goal:268 | Backward Chaining evaluated goal='DATA_EXFILTRATION' proven=False conf=0.0000 in 0.02ms
2026-08-09 12:22:40 | INFO | app.ai.backward_chaining:evaluate_goal:268 | Backward Chaining evaluated goal='PRIVILEGE_ESCALATION' proven=False conf=0.0000 in 0.03ms
2026-08-09 12:22:40 | INFO | app.ai.backward_chaining:evaluate_goal:268 | Backward Chaining evaluated goal='LATERAL_MOVEMENT' proven=False conf=0.0000 in 0.04ms
2026-08-09 12:22:40 | INFO | app.ai.backward_chaining:evaluate_goal:268 | Backward Chaining evaluated goal='DATA_EXFILTRATION' proven=False conf=0.0000 in 0.02ms
2026-08-09 12:22:40 | INFO | app.ai.backward_chaining:evaluate_goal:268 | Backward Chaining evaluated goal='PRIVILEGE_ESCALATION' proven=False conf=0.0000 in 0.03ms
2026-08-09 12:22:40 | INFO | app.ai.backward_chaining:evaluate_goal:268 | Backward Chaining evaluated goal='LATERAL_MOVEMENT' proven=False conf=0.0000 in 0.03ms
2026-08-09 12:22:41 | INFO | app.ai.backward_chaining:evaluate_goal:268 | Backward Chaining evaluated goal='DATA_EXFILTRATION' proven=False conf=0.0000 in 0.04ms
2026-08-09 12:22:41 | INFO | app.ai.backward_chaining:evaluate_goal:268 | Backward Chaining evaluated goal='PRIVILEGE_ESCALATION' proven=False conf=0.0000 in 0.04ms
2026-08-09 12:22:41 | INFO | app.ai.backward_chaining:evaluate_goal:268 | Backward Chaining evaluated goal='LATERAL_MOVEMENT' proven=False conf=0.0000 in 0.04ms
2026-08-09 12:22:41 | INFO | app.ai.backward_chaining:evaluate_goal:268 | Backward Chaining evaluated goal='PERSISTENCE' proven=False conf=0.0000 in 0.03ms
2026-08-09 12:22:41 | INFO | app.ai.backward_chaining:evaluate_goal:268 | Backward Chaining evaluated goal='DATA_EXFILTRATION' proven=False conf=0.0000 in 0.03ms
2026-08-09 12:22:41 | INFO | app.ai.backward_chaining:evaluate_goal:268 | Backward Chaining evaluated goal='PRIVILEGE_ESCALATION' proven=False conf=0.0000 in 0.03ms
2026-08-09 12:22:41 | INFO | app.ai.backward_chaining:evaluate_goal:268 | Backward Chaining evaluated goal='LATERAL_MOVEMENT' proven=False conf=0.0000 in 0.03ms
2026-08-09 12:22:41 | INFO | app.ai.backward_chaining:evaluate_goal:268 | Backward Chaining evaluated goal='DATA_EXFILTRATION' proven=False conf=0.0000 in 0.02ms
2026-08-09 12:22:41 | INFO | app.ai.backward_chaining:evaluate_goal:268 | Backward Chaining evaluated goal='PRIVILEGE_ESCALATION' proven=False conf=0.0000 in 0.03ms
2026-08-09 12:22:41 | INFO | app.ai.backward_chaining:evaluate_goal:268 | Backward Chaining evaluated goal='LATERAL_MOVEMENT' proven=False conf=0.0000 in 0.03ms
2026-08-09 12:25:54 | INFO | app.core.logging:setup_logging:54 | Logging initialized | env=development | debug=True
2026-08-09 12:25:55 | INFO | app.services.astar_service:run_astar:110 | Executing A* Search for Case ID 1 | Start: 'login' | Goal: 'usb_remove'
2026-08-09 12:25:55 | INFO | app.services.astar_service:run_astar:130 | A* Search Succeeded | Case ID: 1 | Start: 'login' | Goal: 'usb_remove' | Visited Nodes: 4 | Total Cost: 3.0000 | Heuristic Cost: 1.0000 | Time: 0.019 ms
2026-08-09 12:25:55 | INFO | httpx._client:_send_single_request:1740 | HTTP Request: POST http://test/api/v1/ai/astar/run "HTTP/1.1 200 OK"
2026-08-09 12:25:55 | INFO | app.services.astar_service:run_astar:110 | Executing A* Search for Case ID 1 | Start: 'login' | Goal: 'isolated_exfil'
2026-08-09 12:25:55 | WARNING | app.services.astar_service:run_astar:120 | A* Search completed: No path found between 'login' and 'isolated_exfil' in Case ID 1. Visited 5 nodes.
2026-08-09 12:25:55 | INFO | httpx._client:_send_single_request:1740 | HTTP Request: POST http://test/api/v1/ai/astar/run "HTTP/1.1 400 Bad Request"
2026-08-09 12:25:56 | WARNING | app.services.astar_service:run_astar:81 | A* Search failed: Start node 'non_existent_start' not found in Case 1.
2026-08-09 12:25:56 | INFO | httpx._client:_send_single_request:1740 | HTTP Request: POST http://test/api/v1/ai/astar/run "HTTP/1.1 404 Not Found"
2026-08-09 12:25:56 | WARNING | app.services.astar_service:run_astar:89 | A* Search failed: Goal node 'non_existent_goal' not found in Case 1.
2026-08-09 12:25:56 | INFO | httpx._client:_send_single_request:1740 | HTTP Request: POST http://test/api/v1/ai/astar/run "HTTP/1.1 404 Not Found"
2026-08-09 12:25:56 | WARNING | app.services.astar_service:run_astar:49 | A* Search failed: Case ID 999999 not found.
2026-08-09 12:25:56 | INFO | httpx._client:_send_single_request:1740 | HTTP Request: POST http://test/api/v1/ai/astar/run "HTTP/1.1 404 Not Found"
2026-08-09 12:25:57 | INFO | app.ai.backward_chaining:evaluate_goal:268 | Backward Chaining evaluated goal='DATA_EXFILTRATION' proven=False conf=0.0000 in 0.03ms
2026-08-09 12:25:57 | INFO | app.ai.backward_chaining:evaluate_goal:268 | Backward Chaining evaluated goal='PRIVILEGE_ESCALATION' proven=False conf=0.0000 in 0.03ms
2026-08-09 12:25:57 | INFO | app.ai.backward_chaining:evaluate_goal:268 | Backward Chaining evaluated goal='LATERAL_MOVEMENT' proven=False conf=0.0000 in 0.02ms
2026-08-09 12:25:57 | INFO | app.ai.backward_chaining:evaluate_goal:268 | Backward Chaining evaluated goal='DATA_EXFILTRATION' proven=False conf=0.0000 in 0.04ms
2026-08-09 12:25:57 | INFO | app.ai.backward_chaining:evaluate_goal:268 | Backward Chaining evaluated goal='PRIVILEGE_ESCALATION' proven=False conf=0.0000 in 0.05ms
2026-08-09 12:25:57 | INFO | app.ai.backward_chaining:evaluate_goal:268 | Backward Chaining evaluated goal='LATERAL_MOVEMENT' proven=False conf=0.0000 in 0.03ms
2026-08-09 12:25:57 | INFO | httpx._client:_send_single_request:1740 | HTTP Request: GET http://test/api/v1/cases/1/attack-path "HTTP/1.1 200 OK"
2026-08-09 12:25:57 | INFO | app.ai.backward_chaining:evaluate_goal:268 | Backward Chaining evaluated goal='DATA_EXFILTRATION' proven=False conf=0.0000 in 0.02ms
2026-08-09 12:25:57 | INFO | app.ai.backward_chaining:evaluate_goal:268 | Backward Chaining evaluated goal='PRIVILEGE_ESCALATION' proven=False conf=0.0000 in 0.02ms
2026-08-09 12:25:57 | INFO | app.ai.backward_chaining:evaluate_goal:268 | Backward Chaining evaluated goal='LATERAL_MOVEMENT' proven=False conf=0.0000 in 0.02ms
2026-08-09 12:25:57 | INFO | app.ai.backward_chaining:evaluate_goal:268 | Backward Chaining evaluated goal='DATA_EXFILTRATION' proven=False conf=0.0000 in 0.03ms
2026-08-09 12:25:57 | INFO | app.ai.backward_chaining:evaluate_goal:268 | Backward Chaining evaluated goal='PRIVILEGE_ESCALATION' proven=False conf=0.0000 in 0.05ms
2026-08-09 12:25:57 | INFO | app.ai.backward_chaining:evaluate_goal:268 | Backward Chaining evaluated goal='LATERAL_MOVEMENT' proven=False conf=0.0000 in 0.02ms
2026-08-09 12:25:57 | INFO | httpx._client:_send_single_request:1740 | HTTP Request: GET http://test/api/v1/cases/1/attack-paths "HTTP/1.1 200 OK"
2026-08-09 12:25:57 | INFO | app.ai.backward_chaining:evaluate_goal:268 | Backward Chaining evaluated goal='DATA_EXFILTRATION' proven=False conf=0.0000 in 0.02ms
2026-08-09 12:25:57 | INFO | app.ai.backward_chaining:evaluate_goal:268 | Backward Chaining evaluated goal='PRIVILEGE_ESCALATION' proven=False conf=0.0000 in 0.02ms
2026-08-09 12:25:57 | INFO | app.ai.backward_chaining:evaluate_goal:268 | Backward Chaining evaluated goal='LATERAL_MOVEMENT' proven=False conf=0.0000 in 0.02ms
2026-08-09 12:25:57 | INFO | app.ai.backward_chaining:evaluate_goal:268 | Backward Chaining evaluated goal='DATA_EXFILTRATION' proven=False conf=0.0000 in 0.02ms
2026-08-09 12:25:57 | INFO | app.ai.backward_chaining:evaluate_goal:268 | Backward Chaining evaluated goal='PRIVILEGE_ESCALATION' proven=False conf=0.0000 in 0.03ms
2026-08-09 12:25:57 | INFO | app.ai.backward_chaining:evaluate_goal:268 | Backward Chaining evaluated goal='LATERAL_MOVEMENT' proven=False conf=0.0000 in 0.03ms
2026-08-09 12:25:57 | INFO | httpx._client:_send_single_request:1740 | HTTP Request: GET http://test/api/attack-path/1 "HTTP/1.1 200 OK"
2026-08-09 12:25:57 | INFO | app.ai.backward_chaining:evaluate_goal:268 | Backward Chaining evaluated goal='DATA_EXFILTRATION' proven=True conf=1.0000 in 0.01ms
2026-08-09 12:25:57 | INFO | app.ai.backward_chaining:evaluate_goal:268 | Backward Chaining evaluated goal='DATA_EXFILTRATION' proven=True conf=0.9500 in 0.14ms
2026-08-09 12:25:57 | INFO | app.ai.backward_chaining:evaluate_goal:268 | Backward Chaining evaluated goal='DATA_EXFILTRATION' proven=True conf=0.9120 in 0.05ms
2026-08-09 12:25:57 | INFO | app.ai.backward_chaining:evaluate_goal:268 | Backward Chaining evaluated goal='DATA_EXFILTRATION' proven=False conf=0.0000 in 0.03ms
2026-08-09 12:25:57 | INFO | app.ai.backward_chaining:evaluate_goal:268 | Backward Chaining evaluated goal='DATA_EXFILTRATION' proven=False conf=0.0000 in 0.02ms
2026-08-09 12:25:57 | WARNING | app.ai.backward_chaining:_prove_goal:298 | Circular rule cycle detected for goal='GOAL_A' at depth=3
2026-08-09 12:25:57 | INFO | app.ai.backward_chaining:evaluate_goal:268 | Backward Chaining evaluated goal='GOAL_A' proven=False conf=0.0000 in 0.48ms
2026-08-09 12:25:57 | INFO | app.ai.backward_chaining:evaluate_goal:268 | Backward Chaining evaluated goal='DATA_EXFILTRATION' proven=True conf=0.9500 in 0.03ms
2026-08-09 12:25:57 | INFO | app.ai.backward_chaining:evaluate_goal:268 | Backward Chaining evaluated goal='DATA_EXFILTRATION' proven=True conf=0.9000 in 0.04ms
2026-08-09 12:25:57 | INFO | app.ai.backward_chaining:evaluate_goal:268 | Backward Chaining evaluated goal='UNKNOWN_NONEXISTENT_GOAL' proven=False conf=0.0000 in 0.01ms
2026-08-09 12:25:57 | INFO | app.ai.backward_chaining:evaluate_goal:268 | Backward Chaining evaluated goal='DATA_EXFILTRATION' proven=False conf=0.0000 in 0.03ms
2026-08-09 12:25:57 | INFO | app.ai.backward_chaining:evaluate_goal:268 | Backward Chaining evaluated goal='N_0' proven=True conf=0.5987 in 0.08ms
2026-08-09 12:25:57 | WARNING | app.ai.backward_chaining:_prove_goal:291 | Backward chaining max depth limit reached at depth=11 for goal='NODE_10'
2026-08-09 12:25:57 | INFO | app.ai.backward_chaining:evaluate_goal:268 | Backward Chaining evaluated goal='NODE_0' proven=False conf=0.0000 in 0.73ms
2026-08-09 12:25:58 | INFO | app.ai.backward_chaining:evaluate_goal:268 | Backward Chaining evaluated goal='DATA_EXFILTRATION' proven=True conf=0.8361 in 0.05ms
2026-08-09 12:25:58 | INFO | httpx._client:_send_single_request:1740 | HTTP Request: POST http://test/api/v1/ai/backward-chaining/run "HTTP/1.1 200 OK"
2026-08-09 12:25:58 | INFO | app.ai.backward_chaining:evaluate_goal:268 | Backward Chaining evaluated goal='PRIVILEGE_ESCALATION' proven=False conf=0.0000 in 0.04ms
2026-08-09 12:25:58 | INFO | httpx._client:_send_single_request:1740 | HTTP Request: POST http://test/api/backward-chaining/evaluate/1?goal=PRIVILEGE_ESCALATION "HTTP/1.1 200 OK"
2026-08-09 12:25:58 | INFO | httpx._client:_send_single_request:1740 | HTTP Request: POST http://test/api/v1/ai/backward-chaining/run "HTTP/1.1 400 Bad Request"
2026-08-09 12:25:59 | INFO | httpx._client:_send_single_request:1740 | HTTP Request: POST http://test/api/cases/ "HTTP/1.1 201 Created"
2026-08-09 12:26:00 | INFO | httpx._client:_send_single_request:1740 | HTTP Request: GET http://test/api/cases/?search=Malware "HTTP/1.1 200 OK"
2026-08-09 12:26:00 | INFO | httpx._client:_send_single_request:1740 | HTTP Request: POST http://test/api/evidence/upload "HTTP/1.1 201 Created"
2026-08-09 12:26:00 | INFO | httpx._client:_send_single_request:1740 | HTTP Request: POST http://test/api/parser/parse/1 "HTTP/1.1 202 Accepted"
2026-08-09 12:26:01 | INFO | httpx._client:_send_single_request:1740 | HTTP Request: POST http://test/api/normalize/1 "HTTP/1.1 202 Accepted"
2026-08-09 12:26:01 | INFO | httpx._client:_send_single_request:1740 | HTTP Request: POST http://test/api/graph/build/1 "HTTP/1.1 202 Accepted"
2026-08-09 12:26:01 | INFO | httpx._client:_send_single_request:1740 | HTTP Request: POST http://test/api/csp/validate/1 "HTTP/1.1 202 Accepted"
2026-08-09 12:26:01 | INFO | httpx._client:_send_single_request:1740 | HTTP Request: GET http://test/api/csp/status/1 "HTTP/1.1 200 OK"
2026-08-09 12:26:01 | INFO | httpx._client:_send_single_request:1740 | HTTP Request: GET http://test/api/csp/results/1 "HTTP/1.1 200 OK"
2026-08-09 12:26:02 | INFO | httpx._client:_send_single_request:1740 | HTTP Request: GET http://test/health "HTTP/1.1 200 OK"
2026-08-09 12:26:02 | INFO | httpx._client:_send_single_request:1740 | HTTP Request: GET http://test/api/v1/cases/1 "HTTP/1.1 404 Not Found"
2026-08-09 12:26:02 | INFO | app.ai.backward_chaining:evaluate_goal:268 | Backward Chaining evaluated goal='DATA_EXFILTRATION' proven=False conf=0.0000 in 0.02ms
2026-08-09 12:26:02 | INFO | app.ai.backward_chaining:evaluate_goal:268 | Backward Chaining evaluated goal='PRIVILEGE_ESCALATION' proven=False conf=0.0000 in 0.02ms
2026-08-09 12:26:02 | INFO | app.ai.backward_chaining:evaluate_goal:268 | Backward Chaining evaluated goal='LATERAL_MOVEMENT' proven=False conf=0.0000 in 0.02ms
2026-08-09 12:26:02 | INFO | app.ai.backward_chaining:evaluate_goal:268 | Backward Chaining evaluated goal='DATA_EXFILTRATION' proven=False conf=0.0000 in 0.02ms
2026-08-09 12:26:02 | INFO | app.ai.backward_chaining:evaluate_goal:268 | Backward Chaining evaluated goal='PRIVILEGE_ESCALATION' proven=False conf=0.0000 in 0.02ms
2026-08-09 12:26:02 | INFO | app.ai.backward_chaining:evaluate_goal:268 | Backward Chaining evaluated goal='LATERAL_MOVEMENT' proven=False conf=0.0000 in 0.02ms
2026-08-09 12:26:02 | INFO | app.ai.backward_chaining:evaluate_goal:268 | Backward Chaining evaluated goal='PERSISTENCE' proven=False conf=0.0000 in 0.01ms
2026-08-09 12:26:02 | INFO | app.ai.backward_chaining:evaluate_goal:268 | Backward Chaining evaluated goal='DATA_EXFILTRATION' proven=False conf=0.0000 in 0.02ms
2026-08-09 12:26:02 | INFO | app.ai.backward_chaining:evaluate_goal:268 | Backward Chaining evaluated goal='PRIVILEGE_ESCALATION' proven=False conf=0.0000 in 0.02ms
2026-08-09 12:26:02 | INFO | app.ai.backward_chaining:evaluate_goal:268 | Backward Chaining evaluated goal='LATERAL_MOVEMENT' proven=False conf=0.0000 in 0.02ms
2026-08-09 12:26:02 | INFO | app.ai.backward_chaining:evaluate_goal:268 | Backward Chaining evaluated goal='DATA_EXFILTRATION' proven=False conf=0.0000 in 0.03ms
2026-08-09 12:26:02 | INFO | app.ai.backward_chaining:evaluate_goal:268 | Backward Chaining evaluated goal='PRIVILEGE_ESCALATION' proven=False conf=0.0000 in 0.02ms
2026-08-09 12:26:02 | INFO | app.ai.backward_chaining:evaluate_goal:268 | Backward Chaining evaluated goal='LATERAL_MOVEMENT' proven=False conf=0.0000 in 0.02ms
2026-08-09 12:26:02 | INFO | app.ai.backward_chaining:evaluate_goal:268 | Backward Chaining evaluated goal='DATA_EXFILTRATION' proven=False conf=0.0000 in 0.02ms
2026-08-09 12:26:02 | INFO | app.ai.backward_chaining:evaluate_goal:268 | Backward Chaining evaluated goal='PRIVILEGE_ESCALATION' proven=False conf=0.0000 in 0.03ms
2026-08-09 12:26:02 | INFO | app.ai.backward_chaining:evaluate_goal:268 | Backward Chaining evaluated goal='LATERAL_MOVEMENT' proven=False conf=0.0000 in 0.02ms
2026-08-09 12:26:02 | INFO | app.ai.backward_chaining:evaluate_goal:268 | Backward Chaining evaluated goal='DATA_EXFILTRATION' proven=False conf=0.0000 in 0.02ms
2026-08-09 12:26:02 | INFO | app.ai.backward_chaining:evaluate_goal:268 | Backward Chaining evaluated goal='PRIVILEGE_ESCALATION' proven=False conf=0.0000 in 0.02ms
2026-08-09 12:26:02 | INFO | app.ai.backward_chaining:evaluate_goal:268 | Backward Chaining evaluated goal='LATERAL_MOVEMENT' proven=False conf=0.0000 in 0.02ms
2026-08-09 12:26:02 | INFO | app.ai.backward_chaining:evaluate_goal:268 | Backward Chaining evaluated goal='PERSISTENCE' proven=False conf=0.0000 in 0.01ms
2026-08-09 12:26:02 | INFO | app.ai.backward_chaining:evaluate_goal:268 | Backward Chaining evaluated goal='DATA_EXFILTRATION' proven=False conf=0.0000 in 0.02ms
2026-08-09 12:26:02 | INFO | app.ai.backward_chaining:evaluate_goal:268 | Backward Chaining evaluated goal='PRIVILEGE_ESCALATION' proven=False conf=0.0000 in 0.03ms
2026-08-09 12:26:02 | INFO | app.ai.backward_chaining:evaluate_goal:268 | Backward Chaining evaluated goal='LATERAL_MOVEMENT' proven=False conf=0.0000 in 0.03ms
2026-08-09 12:26:02 | INFO | app.ai.backward_chaining:evaluate_goal:268 | Backward Chaining evaluated goal='DATA_EXFILTRATION' proven=False conf=0.0000 in 0.02ms
2026-08-09 12:26:02 | INFO | app.ai.backward_chaining:evaluate_goal:268 | Backward Chaining evaluated goal='PRIVILEGE_ESCALATION' proven=False conf=0.0000 in 0.02ms
2026-08-09 12:26:02 | INFO | app.ai.backward_chaining:evaluate_goal:268 | Backward Chaining evaluated goal='LATERAL_MOVEMENT' proven=False conf=0.0000 in 0.02ms
2026-08-09 12:26:02 | INFO | app.ai.backward_chaining:evaluate_goal:268 | Backward Chaining evaluated goal='DATA_EXFILTRATION' proven=False conf=0.0000 in 0.02ms
2026-08-09 12:26:02 | INFO | app.ai.backward_chaining:evaluate_goal:268 | Backward Chaining evaluated goal='PRIVILEGE_ESCALATION' proven=False conf=0.0000 in 0.03ms
2026-08-09 12:26:02 | INFO | app.ai.backward_chaining:evaluate_goal:268 | Backward Chaining evaluated goal='LATERAL_MOVEMENT' proven=False conf=0.0000 in 0.02ms
2026-08-09 12:26:02 | INFO | app.ai.backward_chaining:evaluate_goal:268 | Backward Chaining evaluated goal='DATA_EXFILTRATION' proven=False conf=0.0000 in 0.02ms
2026-08-09 12:26:02 | INFO | app.ai.backward_chaining:evaluate_goal:268 | Backward Chaining evaluated goal='PRIVILEGE_ESCALATION' proven=False conf=0.0000 in 0.02ms
2026-08-09 12:26:02 | INFO | app.ai.backward_chaining:evaluate_goal:268 | Backward Chaining evaluated goal='LATERAL_MOVEMENT' proven=False conf=0.0000 in 0.02ms
2026-08-09 12:26:02 | INFO | app.ai.backward_chaining:evaluate_goal:268 | Backward Chaining evaluated goal='PERSISTENCE' proven=False conf=0.0000 in 0.02ms
2026-08-09 12:26:02 | INFO | app.ai.backward_chaining:evaluate_goal:268 | Backward Chaining evaluated goal='DATA_EXFILTRATION' proven=False conf=0.0000 in 0.02ms
2026-08-09 12:26:02 | INFO | app.ai.backward_chaining:evaluate_goal:268 | Backward Chaining evaluated goal='PRIVILEGE_ESCALATION' proven=False conf=0.0000 in 0.02ms
2026-08-09 12:26:02 | INFO | app.ai.backward_chaining:evaluate_goal:268 | Backward Chaining evaluated goal='LATERAL_MOVEMENT' proven=False conf=0.0000 in 0.03ms
2026-08-09 12:26:02 | INFO | app.ai.backward_chaining:evaluate_goal:268 | Backward Chaining evaluated goal='DATA_EXFILTRATION' proven=False conf=0.0000 in 0.02ms
2026-08-09 12:26:02 | INFO | app.ai.backward_chaining:evaluate_goal:268 | Backward Chaining evaluated goal='PRIVILEGE_ESCALATION' proven=False conf=0.0000 in 0.02ms
2026-08-09 12:26:02 | INFO | app.ai.backward_chaining:evaluate_goal:268 | Backward Chaining evaluated goal='LATERAL_MOVEMENT' proven=False conf=0.0000 in 0.02ms
2026-08-09 12:26:02 | INFO | app.ai.backward_chaining:evaluate_goal:268 | Backward Chaining evaluated goal='DATA_EXFILTRATION' proven=False conf=0.0000 in 0.02ms
2026-08-09 12:26:02 | INFO | app.ai.backward_chaining:evaluate_goal:268 | Backward Chaining evaluated goal='PRIVILEGE_ESCALATION' proven=False conf=0.0000 in 0.02ms
2026-08-09 12:26:02 | INFO | app.ai.backward_chaining:evaluate_goal:268 | Backward Chaining evaluated goal='LATERAL_MOVEMENT' proven=False conf=0.0000 in 0.02ms
2026-08-09 12:26:02 | INFO | app.ai.backward_chaining:evaluate_goal:268 | Backward Chaining evaluated goal='DATA_EXFILTRATION' proven=False conf=0.0000 in 0.02ms
2026-08-09 12:26:02 | INFO | app.ai.backward_chaining:evaluate_goal:268 | Backward Chaining evaluated goal='PRIVILEGE_ESCALATION' proven=False conf=0.0000 in 0.02ms
2026-08-09 12:26:02 | INFO | app.ai.backward_chaining:evaluate_goal:268 | Backward Chaining evaluated goal='LATERAL_MOVEMENT' proven=False conf=0.0000 in 0.02ms
2026-08-09 12:26:02 | INFO | app.ai.backward_chaining:evaluate_goal:268 | Backward Chaining evaluated goal='PERSISTENCE' proven=False conf=0.0000 in 0.02ms
2026-08-09 12:26:02 | INFO | app.ai.backward_chaining:evaluate_goal:268 | Backward Chaining evaluated goal='DATA_EXFILTRATION' proven=False conf=0.0000 in 0.02ms
2026-08-09 12:26:02 | INFO | app.ai.backward_chaining:evaluate_goal:268 | Backward Chaining evaluated goal='PRIVILEGE_ESCALATION' proven=False conf=0.0000 in 0.02ms
2026-08-09 12:26:02 | INFO | app.ai.backward_chaining:evaluate_goal:268 | Backward Chaining evaluated goal='LATERAL_MOVEMENT' proven=False conf=0.0000 in 0.02ms
2026-08-09 12:26:02 | INFO | app.ai.backward_chaining:evaluate_goal:268 | Backward Chaining evaluated goal='DATA_EXFILTRATION' proven=False conf=0.0000 in 0.02ms
2026-08-09 12:26:02 | INFO | app.ai.backward_chaining:evaluate_goal:268 | Backward Chaining evaluated goal='PRIVILEGE_ESCALATION' proven=False conf=0.0000 in 0.04ms
2026-08-09 12:26:02 | INFO | app.ai.backward_chaining:evaluate_goal:268 | Backward Chaining evaluated goal='LATERAL_MOVEMENT' proven=False conf=0.0000 in 0.02ms
2026-08-09 12:26:02 | INFO | httpx._client:_send_single_request:1740 | HTTP Request: POST http://test/api/v1/cases/1/reports "HTTP/1.1 201 Created"
2026-08-09 12:26:02 | INFO | httpx._client:_send_single_request:1740 | HTTP Request: GET http://test/api/v1/cases/1/reports/d2d35473-5644-4593-bb14-7a585b0ab811/download "HTTP/1.1 200 OK"
2026-08-09 12:26:02 | INFO | app.ai.backward_chaining:evaluate_goal:268 | Backward Chaining evaluated goal='DATA_EXFILTRATION' proven=False conf=0.0000 in 0.02ms
2026-08-09 12:26:02 | INFO | app.ai.backward_chaining:evaluate_goal:268 | Backward Chaining evaluated goal='PRIVILEGE_ESCALATION' proven=False conf=0.0000 in 0.02ms
2026-08-09 12:26:02 | INFO | app.ai.backward_chaining:evaluate_goal:268 | Backward Chaining evaluated goal='LATERAL_MOVEMENT' proven=False conf=0.0000 in 0.02ms
2026-08-09 12:26:02 | INFO | app.ai.backward_chaining:evaluate_goal:268 | Backward Chaining evaluated goal='DATA_EXFILTRATION' proven=False conf=0.0000 in 0.02ms
2026-08-09 12:26:02 | INFO | app.ai.backward_chaining:evaluate_goal:268 | Backward Chaining evaluated goal='PRIVILEGE_ESCALATION' proven=False conf=0.0000 in 0.03ms
2026-08-09 12:26:02 | INFO | app.ai.backward_chaining:evaluate_goal:268 | Backward Chaining evaluated goal='LATERAL_MOVEMENT' proven=False conf=0.0000 in 0.02ms
2026-08-09 12:26:02 | INFO | app.ai.backward_chaining:evaluate_goal:268 | Backward Chaining evaluated goal='PERSISTENCE' proven=False conf=0.0000 in 0.01ms
2026-08-09 12:26:02 | INFO | app.ai.backward_chaining:evaluate_goal:268 | Backward Chaining evaluated goal='DATA_EXFILTRATION' proven=False conf=0.0000 in 0.02ms
2026-08-09 12:26:02 | INFO | app.ai.backward_chaining:evaluate_goal:268 | Backward Chaining evaluated goal='PRIVILEGE_ESCALATION' proven=False conf=0.0000 in 0.02ms
2026-08-09 12:26:02 | INFO | app.ai.backward_chaining:evaluate_goal:268 | Backward Chaining evaluated goal='LATERAL_MOVEMENT' proven=False conf=0.0000 in 0.02ms
2026-08-09 12:26:02 | INFO | app.ai.backward_chaining:evaluate_goal:268 | Backward Chaining evaluated goal='DATA_EXFILTRATION' proven=False conf=0.0000 in 0.02ms
2026-08-09 12:26:02 | INFO | app.ai.backward_chaining:evaluate_goal:268 | Backward Chaining evaluated goal='PRIVILEGE_ESCALATION' proven=False conf=0.0000 in 0.02ms
2026-08-09 12:26:02 | INFO | app.ai.backward_chaining:evaluate_goal:268 | Backward Chaining evaluated goal='LATERAL_MOVEMENT' proven=False conf=0.0000 in 0.03ms
2026-08-09 12:26:02 | INFO | app.ai.backward_chaining:evaluate_goal:268 | Backward Chaining evaluated goal='DATA_EXFILTRATION' proven=False conf=0.0000 in 0.02ms
2026-08-09 12:26:02 | INFO | app.ai.backward_chaining:evaluate_goal:268 | Backward Chaining evaluated goal='PRIVILEGE_ESCALATION' proven=False conf=0.0000 in 0.02ms
2026-08-09 12:26:02 | INFO | app.ai.backward_chaining:evaluate_goal:268 | Backward Chaining evaluated goal='LATERAL_MOVEMENT' proven=False conf=0.0000 in 0.02ms
2026-08-09 12:26:02 | INFO | app.ai.backward_chaining:evaluate_goal:268 | Backward Chaining evaluated goal='DATA_EXFILTRATION' proven=False conf=0.0000 in 0.01ms
2026-08-09 12:26:02 | INFO | app.ai.backward_chaining:evaluate_goal:268 | Backward Chaining evaluated goal='PRIVILEGE_ESCALATION' proven=False conf=0.0000 in 0.02ms
2026-08-09 12:26:02 | INFO | app.ai.backward_chaining:evaluate_goal:268 | Backward Chaining evaluated goal='LATERAL_MOVEMENT' proven=False conf=0.0000 in 0.02ms
2026-08-09 12:26:02 | INFO | app.ai.backward_chaining:evaluate_goal:268 | Backward Chaining evaluated goal='PERSISTENCE' proven=False conf=0.0000 in 0.01ms
2026-08-09 12:26:02 | INFO | app.ai.backward_chaining:evaluate_goal:268 | Backward Chaining evaluated goal='DATA_EXFILTRATION' proven=False conf=0.0000 in 0.03ms
2026-08-09 12:26:02 | INFO | app.ai.backward_chaining:evaluate_goal:268 | Backward Chaining evaluated goal='PRIVILEGE_ESCALATION' proven=False conf=0.0000 in 0.03ms
2026-08-09 12:26:02 | INFO | app.ai.backward_chaining:evaluate_goal:268 | Backward Chaining evaluated goal='LATERAL_MOVEMENT' proven=False conf=0.0000 in 0.03ms
2026-08-09 12:26:02 | INFO | app.ai.backward_chaining:evaluate_goal:268 | Backward Chaining evaluated goal='DATA_EXFILTRATION' proven=False conf=0.0000 in 0.01ms
2026-08-09 12:26:02 | INFO | app.ai.backward_chaining:evaluate_goal:268 | Backward Chaining evaluated goal='PRIVILEGE_ESCALATION' proven=False conf=0.0000 in 0.02ms
2026-08-09 12:26:02 | INFO | app.ai.backward_chaining:evaluate_goal:268 | Backward Chaining evaluated goal='LATERAL_MOVEMENT' proven=False conf=0.0000 in 0.02ms
2026-08-09 12:26:02 | INFO | httpx._client:_send_single_request:1740 | HTTP Request: POST http://test/api/v1/cases/1/reports "HTTP/1.1 201 Created"
2026-08-09 12:26:02 | INFO | httpx._client:_send_single_request:1740 | HTTP Request: GET http://test/api/v1/cases/1/reports/cae24599-027e-46ad-b6ef-6bb20a10b60f/download "HTTP/1.1 200 OK"
2026-08-09 12:26:03 | INFO | app.ai.backward_chaining:evaluate_goal:268 | Backward Chaining evaluated goal='DATA_EXFILTRATION' proven=False conf=0.0000 in 0.02ms
2026-08-09 12:26:03 | INFO | app.ai.backward_chaining:evaluate_goal:268 | Backward Chaining evaluated goal='PRIVILEGE_ESCALATION' proven=False conf=0.0000 in 0.02ms
2026-08-09 12:26:03 | INFO | app.ai.backward_chaining:evaluate_goal:268 | Backward Chaining evaluated goal='LATERAL_MOVEMENT' proven=False conf=0.0000 in 0.02ms
2026-08-09 12:26:03 | INFO | app.ai.backward_chaining:evaluate_goal:268 | Backward Chaining evaluated goal='PERSISTENCE' proven=False conf=0.0000 in 0.01ms
2026-08-09 12:26:03 | INFO | app.ai.backward_chaining:evaluate_goal:268 | Backward Chaining evaluated goal='DATA_EXFILTRATION' proven=False conf=0.0000 in 0.02ms
2026-08-09 12:26:03 | INFO | app.ai.backward_chaining:evaluate_goal:268 | Backward Chaining evaluated goal='PRIVILEGE_ESCALATION' proven=False conf=0.0000 in 0.02ms
2026-08-09 12:26:03 | INFO | app.ai.backward_chaining:evaluate_goal:268 | Backward Chaining evaluated goal='LATERAL_MOVEMENT' proven=False conf=0.0000 in 0.02ms
2026-08-09 12:26:03 | INFO | app.ai.backward_chaining:evaluate_goal:268 | Backward Chaining evaluated goal='PERSISTENCE' proven=False conf=0.0000 in 0.01ms
2026-08-09 12:26:03 | INFO | app.ai.backward_chaining:evaluate_goal:268 | Backward Chaining evaluated goal='DATA_EXFILTRATION' proven=False conf=0.0000 in 0.02ms
2026-08-09 12:26:03 | INFO | app.ai.backward_chaining:evaluate_goal:268 | Backward Chaining evaluated goal='PRIVILEGE_ESCALATION' proven=False conf=0.0000 in 0.02ms
2026-08-09 12:26:03 | INFO | app.ai.backward_chaining:evaluate_goal:268 | Backward Chaining evaluated goal='LATERAL_MOVEMENT' proven=False conf=0.0000 in 0.02ms
2026-08-09 12:26:03 | INFO | app.ai.backward_chaining:evaluate_goal:268 | Backward Chaining evaluated goal='PERSISTENCE' proven=False conf=0.0000 in 0.01ms
2026-08-09 12:26:04 | INFO | httpx._client:_send_single_request:1740 | HTTP Request: GET http://test/api/v1/cases/1/reports/history "HTTP/1.1 401 Unauthorized"
2026-08-09 12:26:04 | INFO | httpx._client:_send_single_request:1740 | HTTP Request: GET http://test/api/v1/cases/1/reports/history "HTTP/1.1 401 Unauthorized"
2026-08-09 12:26:05 | INFO | app.ai.backward_chaining:evaluate_goal:268 | Backward Chaining evaluated goal='DATA_EXFILTRATION' proven=False conf=0.0000 in 0.02ms
2026-08-09 12:26:05 | INFO | app.ai.backward_chaining:evaluate_goal:268 | Backward Chaining evaluated goal='PRIVILEGE_ESCALATION' proven=False conf=0.0000 in 0.03ms
2026-08-09 12:26:05 | INFO | app.ai.backward_chaining:evaluate_goal:268 | Backward Chaining evaluated goal='LATERAL_MOVEMENT' proven=False conf=0.0000 in 0.03ms
2026-08-09 12:26:05 | INFO | app.ai.backward_chaining:evaluate_goal:268 | Backward Chaining evaluated goal='DATA_EXFILTRATION' proven=False conf=0.0000 in 0.02ms
2026-08-09 12:26:05 | INFO | app.ai.backward_chaining:evaluate_goal:268 | Backward Chaining evaluated goal='PRIVILEGE_ESCALATION' proven=False conf=0.0000 in 0.02ms
2026-08-09 12:26:05 | INFO | app.ai.backward_chaining:evaluate_goal:268 | Backward Chaining evaluated goal='LATERAL_MOVEMENT' proven=False conf=0.0000 in 0.02ms
2026-08-09 12:26:05 | INFO | app.ai.backward_chaining:evaluate_goal:268 | Backward Chaining evaluated goal='PERSISTENCE' proven=False conf=0.0000 in 0.01ms
2026-08-09 12:26:05 | INFO | app.ai.backward_chaining:evaluate_goal:268 | Backward Chaining evaluated goal='DATA_EXFILTRATION' proven=False conf=0.0000 in 0.02ms
2026-08-09 12:26:05 | INFO | app.ai.backward_chaining:evaluate_goal:268 | Backward Chaining evaluated goal='PRIVILEGE_ESCALATION' proven=False conf=0.0000 in 0.02ms
2026-08-09 12:26:05 | INFO | app.ai.backward_chaining:evaluate_goal:268 | Backward Chaining evaluated goal='LATERAL_MOVEMENT' proven=False conf=0.0000 in 0.02ms
2026-08-09 12:26:05 | INFO | app.ai.backward_chaining:evaluate_goal:268 | Backward Chaining evaluated goal='DATA_EXFILTRATION' proven=False conf=0.0000 in 0.01ms
2026-08-09 12:26:05 | INFO | app.ai.backward_chaining:evaluate_goal:268 | Backward Chaining evaluated goal='PRIVILEGE_ESCALATION' proven=False conf=0.0000 in 0.02ms
2026-08-09 12:26:05 | INFO | app.ai.backward_chaining:evaluate_goal:268 | Backward Chaining evaluated goal='LATERAL_MOVEMENT' proven=False conf=0.0000 in 0.02ms
2026-08-09 12:26:05 | INFO | httpx._client:_send_single_request:1740 | HTTP Request: POST http://test/api/evidence/upload "HTTP/1.1 201 Created"
2026-08-09 12:26:06 | INFO | httpx._client:_send_single_request:1740 | HTTP Request: POST http://test/api/evidence/upload "HTTP/1.1 400 Bad Request"
2026-08-09 12:26:06 | INFO | httpx._client:_send_single_request:1740 | HTTP Request: POST http://test/api/evidence/upload "HTTP/1.1 201 Created"
2026-08-09 12:26:06 | INFO | httpx._client:_send_single_request:1740 | HTTP Request: POST http://test/api/evidence/upload "HTTP/1.1 409 Conflict"
2026-08-09 12:26:07 | INFO | app.services.forward_chaining_service:run_forward_chaining:135 | Running Forward Chaining for Case ID 1 with 6 initial fact(s).
2026-08-09 12:26:07 | INFO | app.services.forward_chaining_service:run_forward_chaining:151 | Forward Chaining completed for Case ID 1 | Fired Rules: 2 | Derived Facts: 4 | Time: 0.037 ms
2026-08-09 12:26:07 | INFO | httpx._client:_send_single_request:1740 | HTTP Request: POST http://test/api/v1/ai/forward-chaining/run "HTTP/1.1 200 OK"
2026-08-09 12:26:07 | WARNING | app.services.forward_chaining_service:run_forward_chaining:49 | Forward Chaining failed: Case ID 999999 not found.
2026-08-09 12:26:07 | INFO | httpx._client:_send_single_request:1740 | HTTP Request: POST http://test/api/v1/ai/forward-chaining/run "HTTP/1.1 404 Not Found"
2026-08-09 12:26:08 | INFO | httpx._client:_send_single_request:1740 | HTTP Request: POST http://test/api/evidence/upload "HTTP/1.1 201 Created"
2026-08-09 12:26:08 | INFO | httpx._client:_send_single_request:1740 | HTTP Request: POST http://test/api/parser/parse/1 "HTTP/1.1 202 Accepted"
2026-08-09 12:26:08 | INFO | httpx._client:_send_single_request:1740 | HTTP Request: POST http://test/api/normalize/1 "HTTP/1.1 202 Accepted"
2026-08-09 12:26:08 | INFO | httpx._client:_send_single_request:1740 | HTTP Request: POST http://test/api/graph/build/1 "HTTP/1.1 202 Accepted"
2026-08-09 12:26:08 | INFO | httpx._client:_send_single_request:1740 | HTTP Request: GET http://test/api/graph/1 "HTTP/1.1 200 OK"
2026-08-09 12:26:08 | INFO | httpx._client:_send_single_request:1740 | HTTP Request: GET http://test/api/graph/statistics/1 "HTTP/1.1 200 OK"
2026-08-09 12:26:08 | INFO | app.ai.backward_chaining:evaluate_goal:268 | Backward Chaining evaluated goal='DATA_EXFILTRATION' proven=False conf=0.0000 in 0.02ms
2026-08-09 12:26:08 | INFO | app.ai.backward_chaining:evaluate_goal:268 | Backward Chaining evaluated goal='PRIVILEGE_ESCALATION' proven=False conf=0.0000 in 0.02ms
2026-08-09 12:26:08 | INFO | app.ai.backward_chaining:evaluate_goal:268 | Backward Chaining evaluated goal='LATERAL_MOVEMENT' proven=False conf=0.0000 in 0.02ms
2026-08-09 12:26:08 | INFO | app.ai.backward_chaining:evaluate_goal:268 | Backward Chaining evaluated goal='DATA_EXFILTRATION' proven=False conf=0.0000 in 0.02ms
2026-08-09 12:26:08 | INFO | app.ai.backward_chaining:evaluate_goal:268 | Backward Chaining evaluated goal='PRIVILEGE_ESCALATION' proven=False conf=0.0000 in 0.02ms
2026-08-09 12:26:08 | INFO | app.ai.backward_chaining:evaluate_goal:268 | Backward Chaining evaluated goal='LATERAL_MOVEMENT' proven=False conf=0.0000 in 0.04ms
2026-08-09 12:26:08 | INFO | app.ai.backward_chaining:evaluate_goal:268 | Backward Chaining evaluated goal='PERSISTENCE' proven=False conf=0.0000 in 0.03ms
2026-08-09 12:26:08 | INFO | app.ai.backward_chaining:evaluate_goal:268 | Backward Chaining evaluated goal='DATA_EXFILTRATION' proven=False conf=0.0000 in 0.02ms
2026-08-09 12:26:08 | INFO | app.ai.backward_chaining:evaluate_goal:268 | Backward Chaining evaluated goal='PRIVILEGE_ESCALATION' proven=False conf=0.0000 in 0.02ms
2026-08-09 12:26:08 | INFO | app.ai.backward_chaining:evaluate_goal:268 | Backward Chaining evaluated goal='LATERAL_MOVEMENT' proven=False conf=0.0000 in 0.02ms
2026-08-09 12:26:08 | INFO | app.ai.backward_chaining:evaluate_goal:268 | Backward Chaining evaluated goal='DATA_EXFILTRATION' proven=False conf=0.0000 in 0.05ms
2026-08-09 12:26:08 | INFO | app.ai.backward_chaining:evaluate_goal:268 | Backward Chaining evaluated goal='PRIVILEGE_ESCALATION' proven=False conf=0.0000 in 0.02ms
2026-08-09 12:26:08 | INFO | app.ai.backward_chaining:evaluate_goal:268 | Backward Chaining evaluated goal='LATERAL_MOVEMENT' proven=False conf=0.0000 in 0.02ms
2026-08-09 12:26:08 | INFO | httpx._client:_send_single_request:1740 | HTTP Request: GET http://test/api/v1/cases/1/investigation-summary "HTTP/1.1 200 OK"
2026-08-09 12:26:08 | INFO | app.ai.backward_chaining:evaluate_goal:268 | Backward Chaining evaluated goal='DATA_EXFILTRATION' proven=False conf=0.0000 in 0.02ms
2026-08-09 12:26:08 | INFO | app.ai.backward_chaining:evaluate_goal:268 | Backward Chaining evaluated goal='PRIVILEGE_ESCALATION' proven=False conf=0.0000 in 0.03ms
2026-08-09 12:26:08 | INFO | app.ai.backward_chaining:evaluate_goal:268 | Backward Chaining evaluated goal='LATERAL_MOVEMENT' proven=False conf=0.0000 in 0.03ms
2026-08-09 12:26:08 | INFO | app.ai.backward_chaining:evaluate_goal:268 | Backward Chaining evaluated goal='DATA_EXFILTRATION' proven=False conf=0.0000 in 0.02ms
2026-08-09 12:26:08 | INFO | app.ai.backward_chaining:evaluate_goal:268 | Backward Chaining evaluated goal='PRIVILEGE_ESCALATION' proven=False conf=0.0000 in 0.02ms
2026-08-09 12:26:08 | INFO | app.ai.backward_chaining:evaluate_goal:268 | Backward Chaining evaluated goal='LATERAL_MOVEMENT' proven=False conf=0.0000 in 0.02ms
2026-08-09 12:26:08 | INFO | app.ai.backward_chaining:evaluate_goal:268 | Backward Chaining evaluated goal='PERSISTENCE' proven=False conf=0.0000 in 0.02ms
2026-08-09 12:26:08 | INFO | app.ai.backward_chaining:evaluate_goal:268 | Backward Chaining evaluated goal='DATA_EXFILTRATION' proven=False conf=0.0000 in 0.01ms
2026-08-09 12:26:08 | INFO | app.ai.backward_chaining:evaluate_goal:268 | Backward Chaining evaluated goal='PRIVILEGE_ESCALATION' proven=False conf=0.0000 in 0.02ms
2026-08-09 12:26:08 | INFO | app.ai.backward_chaining:evaluate_goal:268 | Backward Chaining evaluated goal='LATERAL_MOVEMENT' proven=False conf=0.0000 in 0.02ms
2026-08-09 12:26:08 | INFO | app.ai.backward_chaining:evaluate_goal:268 | Backward Chaining evaluated goal='DATA_EXFILTRATION' proven=False conf=0.0000 in 0.02ms
2026-08-09 12:26:08 | INFO | app.ai.backward_chaining:evaluate_goal:268 | Backward Chaining evaluated goal='PRIVILEGE_ESCALATION' proven=False conf=0.0000 in 0.02ms
2026-08-09 12:26:08 | INFO | app.ai.backward_chaining:evaluate_goal:268 | Backward Chaining evaluated goal='LATERAL_MOVEMENT' proven=False conf=0.0000 in 0.02ms
2026-08-09 12:26:08 | INFO | httpx._client:_send_single_request:1740 | HTTP Request: GET http://test/api/investigation-summary/1 "HTTP/1.1 200 OK"
2026-08-09 12:26:09 | INFO | httpx._client:_send_single_request:1740 | HTTP Request: POST http://test/api/evidence/upload "HTTP/1.1 201 Created"
2026-08-09 12:26:09 | INFO | httpx._client:_send_single_request:1740 | HTTP Request: POST http://test/api/parser/parse/1 "HTTP/1.1 202 Accepted"
2026-08-09 12:26:09 | INFO | httpx._client:_send_single_request:1740 | HTTP Request: POST http://test/api/normalize/1 "HTTP/1.1 202 Accepted"
2026-08-09 12:26:09 | INFO | httpx._client:_send_single_request:1740 | HTTP Request: GET http://test/api/normalized-events/1 "HTTP/1.1 200 OK"
2026-08-09 12:26:10 | INFO | httpx._client:_send_single_request:1740 | HTTP Request: POST http://test/api/evidence/upload "HTTP/1.1 201 Created"
2026-08-09 12:26:10 | INFO | httpx._client:_send_single_request:1740 | HTTP Request: POST http://test/api/parser/parse/1 "HTTP/1.1 202 Accepted"
2026-08-09 12:26:10 | INFO | httpx._client:_send_single_request:1740 | HTTP Request: GET http://test/api/parser/events/case/1 "HTTP/1.1 200 OK"
2026-08-09 12:26:10 | INFO | app.ai.backward_chaining:evaluate_goal:268 | Backward Chaining evaluated goal='DATA_EXFILTRATION' proven=False conf=0.0000 in 0.02ms
2026-08-09 12:26:10 | INFO | app.ai.backward_chaining:evaluate_goal:268 | Backward Chaining evaluated goal='PRIVILEGE_ESCALATION' proven=False conf=0.0000 in 0.02ms
2026-08-09 12:26:10 | INFO | app.ai.backward_chaining:evaluate_goal:268 | Backward Chaining evaluated goal='LATERAL_MOVEMENT' proven=False conf=0.0000 in 0.02ms
2026-08-09 12:26:10 | INFO | app.ai.backward_chaining:evaluate_goal:268 | Backward Chaining evaluated goal='DATA_EXFILTRATION' proven=False conf=0.0000 in 0.02ms
2026-08-09 12:26:10 | INFO | app.ai.backward_chaining:evaluate_goal:268 | Backward Chaining evaluated goal='PRIVILEGE_ESCALATION' proven=False conf=0.0000 in 0.04ms
2026-08-09 12:26:10 | INFO | app.ai.backward_chaining:evaluate_goal:268 | Backward Chaining evaluated goal='LATERAL_MOVEMENT' proven=False conf=0.0000 in 0.02ms
2026-08-09 12:26:10 | INFO | app.ai.backward_chaining:evaluate_goal:268 | Backward Chaining evaluated goal='PERSISTENCE' proven=False conf=0.0000 in 0.02ms
2026-08-09 12:26:10 | INFO | app.ai.backward_chaining:evaluate_goal:268 | Backward Chaining evaluated goal='DATA_EXFILTRATION' proven=False conf=0.0000 in 0.02ms
2026-08-09 12:26:10 | INFO | app.ai.backward_chaining:evaluate_goal:268 | Backward Chaining evaluated goal='PRIVILEGE_ESCALATION' proven=False conf=0.0000 in 0.02ms
2026-08-09 12:26:10 | INFO | app.ai.backward_chaining:evaluate_goal:268 | Backward Chaining evaluated goal='LATERAL_MOVEMENT' proven=False conf=0.0000 in 0.02ms
2026-08-09 12:26:10 | INFO | app.ai.backward_chaining:evaluate_goal:268 | Backward Chaining evaluated goal='DATA_EXFILTRATION' proven=False conf=0.0000 in 0.01ms
2026-08-09 12:26:10 | INFO | app.ai.backward_chaining:evaluate_goal:268 | Backward Chaining evaluated goal='PRIVILEGE_ESCALATION' proven=False conf=0.0000 in 0.02ms
2026-08-09 12:26:10 | INFO | app.ai.backward_chaining:evaluate_goal:268 | Backward Chaining evaluated goal='LATERAL_MOVEMENT' proven=False conf=0.0000 in 0.02ms
2026-08-09 12:26:10 | INFO | app.ai.backward_chaining:evaluate_goal:268 | Backward Chaining evaluated goal='DATA_EXFILTRATION' proven=False conf=0.0000 in 0.02ms
2026-08-09 12:26:10 | INFO | app.ai.backward_chaining:evaluate_goal:268 | Backward Chaining evaluated goal='PRIVILEGE_ESCALATION' proven=False conf=0.0000 in 0.02ms
2026-08-09 12:26:10 | INFO | app.ai.backward_chaining:evaluate_goal:268 | Backward Chaining evaluated goal='LATERAL_MOVEMENT' proven=False conf=0.0000 in 0.02ms
2026-08-09 12:26:10 | INFO | app.ai.backward_chaining:evaluate_goal:268 | Backward Chaining evaluated goal='DATA_EXFILTRATION' proven=False conf=0.0000 in 0.02ms
2026-08-09 12:26:10 | INFO | app.ai.backward_chaining:evaluate_goal:268 | Backward Chaining evaluated goal='PRIVILEGE_ESCALATION' proven=False conf=0.0000 in 0.02ms
2026-08-09 12:26:10 | INFO | app.ai.backward_chaining:evaluate_goal:268 | Backward Chaining evaluated goal='LATERAL_MOVEMENT' proven=False conf=0.0000 in 0.02ms
2026-08-09 12:26:10 | INFO | app.ai.backward_chaining:evaluate_goal:268 | Backward Chaining evaluated goal='PERSISTENCE' proven=False conf=0.0000 in 0.01ms
2026-08-09 12:26:10 | INFO | app.ai.backward_chaining:evaluate_goal:268 | Backward Chaining evaluated goal='DATA_EXFILTRATION' proven=False conf=0.0000 in 0.02ms
2026-08-09 12:26:10 | INFO | app.ai.backward_chaining:evaluate_goal:268 | Backward Chaining evaluated goal='PRIVILEGE_ESCALATION' proven=False conf=0.0000 in 0.02ms
2026-08-09 12:26:10 | INFO | app.ai.backward_chaining:evaluate_goal:268 | Backward Chaining evaluated goal='LATERAL_MOVEMENT' proven=False conf=0.0000 in 0.02ms
2026-08-09 12:26:10 | INFO | app.ai.backward_chaining:evaluate_goal:268 | Backward Chaining evaluated goal='DATA_EXFILTRATION' proven=False conf=0.0000 in 0.02ms
2026-08-09 12:26:10 | INFO | app.ai.backward_chaining:evaluate_goal:268 | Backward Chaining evaluated goal='PRIVILEGE_ESCALATION' proven=False conf=0.0000 in 0.02ms
2026-08-09 12:26:10 | INFO | app.ai.backward_chaining:evaluate_goal:268 | Backward Chaining evaluated goal='LATERAL_MOVEMENT' proven=False conf=0.0000 in 0.02ms
2026-08-09 12:26:10 | INFO | app.ai.backward_chaining:evaluate_goal:268 | Backward Chaining evaluated goal='DATA_EXFILTRATION' proven=False conf=0.0000 in 0.02ms
2026-08-09 12:26:10 | INFO | app.ai.backward_chaining:evaluate_goal:268 | Backward Chaining evaluated goal='PRIVILEGE_ESCALATION' proven=False conf=0.0000 in 0.02ms
2026-08-09 12:26:10 | INFO | app.ai.backward_chaining:evaluate_goal:268 | Backward Chaining evaluated goal='LATERAL_MOVEMENT' proven=False conf=0.0000 in 0.02ms
2026-08-09 12:26:11 | INFO | app.ai.backward_chaining:evaluate_goal:268 | Backward Chaining evaluated goal='DATA_EXFILTRATION' proven=False conf=0.0000 in 0.05ms
2026-08-09 12:26:11 | INFO | app.ai.backward_chaining:evaluate_goal:268 | Backward Chaining evaluated goal='PRIVILEGE_ESCALATION' proven=False conf=0.0000 in 0.02ms
2026-08-09 12:26:11 | INFO | app.ai.backward_chaining:evaluate_goal:268 | Backward Chaining evaluated goal='LATERAL_MOVEMENT' proven=False conf=0.0000 in 0.02ms
2026-08-09 12:26:11 | INFO | app.ai.backward_chaining:evaluate_goal:268 | Backward Chaining evaluated goal='PERSISTENCE' proven=False conf=0.0000 in 0.02ms
2026-08-09 12:26:11 | INFO | app.ai.backward_chaining:evaluate_goal:268 | Backward Chaining evaluated goal='DATA_EXFILTRATION' proven=False conf=0.0000 in 0.02ms
2026-08-09 12:26:11 | INFO | app.ai.backward_chaining:evaluate_goal:268 | Backward Chaining evaluated goal='PRIVILEGE_ESCALATION' proven=False conf=0.0000 in 0.02ms
2026-08-09 12:26:11 | INFO | app.ai.backward_chaining:evaluate_goal:268 | Backward Chaining evaluated goal='LATERAL_MOVEMENT' proven=False conf=0.0000 in 0.02ms
2026-08-09 12:26:11 | INFO | app.ai.backward_chaining:evaluate_goal:268 | Backward Chaining evaluated goal='DATA_EXFILTRATION' proven=False conf=0.0000 in 0.02ms
2026-08-09 12:26:11 | INFO | app.ai.backward_chaining:evaluate_goal:268 | Backward Chaining evaluated goal='PRIVILEGE_ESCALATION' proven=False conf=0.0000 in 0.03ms
2026-08-09 12:26:11 | INFO | app.ai.backward_chaining:evaluate_goal:268 | Backward Chaining evaluated goal='LATERAL_MOVEMENT' proven=False conf=0.0000 in 0.04ms
2026-08-09 12:26:11 | INFO | app.ai.backward_chaining:evaluate_goal:268 | Backward Chaining evaluated goal='DATA_EXFILTRATION' proven=False conf=0.0000 in 0.01ms
2026-08-09 12:26:11 | INFO | app.ai.backward_chaining:evaluate_goal:268 | Backward Chaining evaluated goal='PRIVILEGE_ESCALATION' proven=False conf=0.0000 in 0.02ms
2026-08-09 12:26:11 | INFO | app.ai.backward_chaining:evaluate_goal:268 | Backward Chaining evaluated goal='LATERAL_MOVEMENT' proven=False conf=0.0000 in 0.02ms
2026-08-09 12:26:11 | INFO | app.ai.backward_chaining:evaluate_goal:268 | Backward Chaining evaluated goal='DATA_EXFILTRATION' proven=False conf=0.0000 in 0.02ms
2026-08-09 12:26:11 | INFO | app.ai.backward_chaining:evaluate_goal:268 | Backward Chaining evaluated goal='PRIVILEGE_ESCALATION' proven=False conf=0.0000 in 0.02ms
2026-08-09 12:26:11 | INFO | app.ai.backward_chaining:evaluate_goal:268 | Backward Chaining evaluated goal='LATERAL_MOVEMENT' proven=False conf=0.0000 in 0.02ms
2026-08-09 12:26:11 | INFO | app.ai.backward_chaining:evaluate_goal:268 | Backward Chaining evaluated goal='PERSISTENCE' proven=False conf=0.0000 in 0.01ms
2026-08-09 12:26:11 | INFO | app.ai.backward_chaining:evaluate_goal:268 | Backward Chaining evaluated goal='DATA_EXFILTRATION' proven=False conf=0.0000 in 0.02ms
2026-08-09 12:26:11 | INFO | app.ai.backward_chaining:evaluate_goal:268 | Backward Chaining evaluated goal='PRIVILEGE_ESCALATION' proven=False conf=0.0000 in 0.02ms
2026-08-09 12:26:11 | INFO | app.ai.backward_chaining:evaluate_goal:268 | Backward Chaining evaluated goal='LATERAL_MOVEMENT' proven=False conf=0.0000 in 0.02ms
2026-08-09 12:26:11 | INFO | app.ai.backward_chaining:evaluate_goal:268 | Backward Chaining evaluated goal='DATA_EXFILTRATION' proven=False conf=0.0000 in 0.02ms
2026-08-09 12:26:11 | INFO | app.ai.backward_chaining:evaluate_goal:268 | Backward Chaining evaluated goal='PRIVILEGE_ESCALATION' proven=False conf=0.0000 in 0.02ms
2026-08-09 12:26:11 | INFO | app.ai.backward_chaining:evaluate_goal:268 | Backward Chaining evaluated goal='LATERAL_MOVEMENT' proven=False conf=0.0000 in 0.02ms
2026-08-09 12:26:12 | INFO | app.ai.backward_chaining:evaluate_goal:268 | Backward Chaining evaluated goal='DATA_EXFILTRATION' proven=False conf=0.0000 in 0.02ms
2026-08-09 12:26:12 | INFO | app.ai.backward_chaining:evaluate_goal:268 | Backward Chaining evaluated goal='PRIVILEGE_ESCALATION' proven=False conf=0.0000 in 0.02ms
2026-08-09 12:26:12 | INFO | app.ai.backward_chaining:evaluate_goal:268 | Backward Chaining evaluated goal='LATERAL_MOVEMENT' proven=False conf=0.0000 in 0.02ms
2026-08-09 12:26:12 | INFO | app.ai.backward_chaining:evaluate_goal:268 | Backward Chaining evaluated goal='DATA_EXFILTRATION' proven=False conf=0.0000 in 0.02ms
2026-08-09 12:26:12 | INFO | app.ai.backward_chaining:evaluate_goal:268 | Backward Chaining evaluated goal='PRIVILEGE_ESCALATION' proven=False conf=0.0000 in 0.03ms
2026-08-09 12:26:12 | INFO | app.ai.backward_chaining:evaluate_goal:268 | Backward Chaining evaluated goal='LATERAL_MOVEMENT' proven=False conf=0.0000 in 0.02ms
2026-08-09 12:26:12 | INFO | app.ai.backward_chaining:evaluate_goal:268 | Backward Chaining evaluated goal='PERSISTENCE' proven=False conf=0.0000 in 0.02ms
2026-08-09 12:26:12 | INFO | app.ai.backward_chaining:evaluate_goal:268 | Backward Chaining evaluated goal='DATA_EXFILTRATION' proven=False conf=0.0000 in 0.03ms
2026-08-09 12:26:12 | INFO | app.ai.backward_chaining:evaluate_goal:268 | Backward Chaining evaluated goal='PRIVILEGE_ESCALATION' proven=False conf=0.0000 in 0.05ms
2026-08-09 12:26:12 | INFO | app.ai.backward_chaining:evaluate_goal:268 | Backward Chaining evaluated goal='LATERAL_MOVEMENT' proven=False conf=0.0000 in 0.03ms
2026-08-09 12:26:12 | INFO | app.ai.backward_chaining:evaluate_goal:268 | Backward Chaining evaluated goal='DATA_EXFILTRATION' proven=False conf=0.0000 in 0.02ms
2026-08-09 12:26:12 | INFO | app.ai.backward_chaining:evaluate_goal:268 | Backward Chaining evaluated goal='PRIVILEGE_ESCALATION' proven=False conf=0.0000 in 0.02ms
2026-08-09 12:26:12 | INFO | app.ai.backward_chaining:evaluate_goal:268 | Backward Chaining evaluated goal='LATERAL_MOVEMENT' proven=False conf=0.0000 in 0.02ms
2026-08-09 12:26:12 | INFO | app.ai.backward_chaining:evaluate_goal:268 | Backward Chaining evaluated goal='DATA_EXFILTRATION' proven=False conf=0.0000 in 0.02ms
2026-08-09 12:26:12 | INFO | app.ai.backward_chaining:evaluate_goal:268 | Backward Chaining evaluated goal='PRIVILEGE_ESCALATION' proven=False conf=0.0000 in 0.02ms
2026-08-09 12:26:12 | INFO | app.ai.backward_chaining:evaluate_goal:268 | Backward Chaining evaluated goal='LATERAL_MOVEMENT' proven=False conf=0.0000 in 0.03ms
2026-08-09 12:26:12 | INFO | app.ai.backward_chaining:evaluate_goal:268 | Backward Chaining evaluated goal='DATA_EXFILTRATION' proven=False conf=0.0000 in 0.04ms
2026-08-09 12:26:12 | INFO | app.ai.backward_chaining:evaluate_goal:268 | Backward Chaining evaluated goal='PRIVILEGE_ESCALATION' proven=False conf=0.0000 in 0.02ms
2026-08-09 12:26:12 | INFO | app.ai.backward_chaining:evaluate_goal:268 | Backward Chaining evaluated goal='LATERAL_MOVEMENT' proven=False conf=0.0000 in 0.02ms
2026-08-09 12:26:12 | INFO | app.ai.backward_chaining:evaluate_goal:268 | Backward Chaining evaluated goal='PERSISTENCE' proven=False conf=0.0000 in 0.02ms
2026-08-09 12:26:12 | INFO | app.ai.backward_chaining:evaluate_goal:268 | Backward Chaining evaluated goal='DATA_EXFILTRATION' proven=False conf=0.0000 in 0.02ms
2026-08-09 12:26:12 | INFO | app.ai.backward_chaining:evaluate_goal:268 | Backward Chaining evaluated goal='PRIVILEGE_ESCALATION' proven=False conf=0.0000 in 0.02ms
2026-08-09 12:26:12 | INFO | app.ai.backward_chaining:evaluate_goal:268 | Backward Chaining evaluated goal='LATERAL_MOVEMENT' proven=False conf=0.0000 in 0.02ms
2026-08-09 12:26:12 | INFO | app.ai.backward_chaining:evaluate_goal:268 | Backward Chaining evaluated goal='DATA_EXFILTRATION' proven=False conf=0.0000 in 0.02ms
2026-08-09 12:26:12 | INFO | app.ai.backward_chaining:evaluate_goal:268 | Backward Chaining evaluated goal='PRIVILEGE_ESCALATION' proven=False conf=0.0000 in 0.02ms
2026-08-09 12:26:12 | INFO | app.ai.backward_chaining:evaluate_goal:268 | Backward Chaining evaluated goal='LATERAL_MOVEMENT' proven=False conf=0.0000 in 0.03ms
2026-08-09 12:26:12 | INFO | httpx._client:_send_single_request:1740 | HTTP Request: POST http://test/api/v1/cases/1/reports "HTTP/1.1 201 Created"
2026-08-09 12:26:12 | INFO | httpx._client:_send_single_request:1740 | HTTP Request: GET http://test/api/v1/cases/1/reports/history "HTTP/1.1 200 OK"
2026-08-09 12:26:12 | INFO | httpx._client:_send_single_request:1740 | HTTP Request: GET http://test/api/v1/cases/1/reports/a69cdff7-0f07-4476-9c35-5201fe803ef8/download "HTTP/1.1 200 OK"
2026-08-09 12:26:12 | INFO | httpx._client:_send_single_request:1740 | HTTP Request: GET http://test/api/v1/cases/1/reports/a69cdff7-0f07-4476-9c35-5201fe803ef8/download "HTTP/1.1 401 Unauthorized"
2026-08-09 12:26:13 | INFO | app.ai.backward_chaining:evaluate_goal:268 | Backward Chaining evaluated goal='DATA_EXFILTRATION' proven=False conf=0.0000 in 0.02ms
2026-08-09 12:26:13 | INFO | app.ai.backward_chaining:evaluate_goal:268 | Backward Chaining evaluated goal='PRIVILEGE_ESCALATION' proven=False conf=0.0000 in 0.02ms
2026-08-09 12:26:13 | INFO | app.ai.backward_chaining:evaluate_goal:268 | Backward Chaining evaluated goal='LATERAL_MOVEMENT' proven=False conf=0.0000 in 0.02ms
2026-08-09 12:26:13 | INFO | app.ai.backward_chaining:evaluate_goal:268 | Backward Chaining evaluated goal='PERSISTENCE' proven=False conf=0.0000 in 0.02ms
2026-08-09 12:26:13 | INFO | httpx._client:_send_single_request:1740 | HTTP Request: GET http://test/api/v1/cases/1/risk-score "HTTP/1.1 200 OK"
2026-08-09 12:26:13 | INFO | app.ai.backward_chaining:evaluate_goal:268 | Backward Chaining evaluated goal='DATA_EXFILTRATION' proven=False conf=0.0000 in 0.02ms
2026-08-09 12:26:13 | INFO | app.ai.backward_chaining:evaluate_goal:268 | Backward Chaining evaluated goal='PRIVILEGE_ESCALATION' proven=False conf=0.0000 in 0.02ms
2026-08-09 12:26:13 | INFO | app.ai.backward_chaining:evaluate_goal:268 | Backward Chaining evaluated goal='LATERAL_MOVEMENT' proven=False conf=0.0000 in 0.02ms
2026-08-09 12:26:13 | INFO | app.ai.backward_chaining:evaluate_goal:268 | Backward Chaining evaluated goal='PERSISTENCE' proven=False conf=0.0000 in 0.01ms
2026-08-09 12:26:13 | INFO | httpx._client:_send_single_request:1740 | HTTP Request: GET http://test/api/risk-score/1 "HTTP/1.1 200 OK"
2026-08-09 12:26:13 | INFO | app.ai.backward_chaining:evaluate_goal:268 | Backward Chaining evaluated goal='DATA_EXFILTRATION' proven=False conf=0.0000 in 0.01ms
2026-08-09 12:26:13 | INFO | app.ai.backward_chaining:evaluate_goal:268 | Backward Chaining evaluated goal='PRIVILEGE_ESCALATION' proven=False conf=0.0000 in 0.02ms
2026-08-09 12:26:13 | INFO | app.ai.backward_chaining:evaluate_goal:268 | Backward Chaining evaluated goal='LATERAL_MOVEMENT' proven=False conf=0.0000 in 0.02ms
2026-08-09 12:26:14 | INFO | app.ai.backward_chaining:evaluate_goal:268 | Backward Chaining evaluated goal='DATA_EXFILTRATION' proven=False conf=0.0000 in 0.01ms
2026-08-09 12:26:14 | INFO | app.ai.backward_chaining:evaluate_goal:268 | Backward Chaining evaluated goal='PRIVILEGE_ESCALATION' proven=False conf=0.0000 in 0.02ms
2026-08-09 12:26:14 | INFO | app.ai.backward_chaining:evaluate_goal:268 | Backward Chaining evaluated goal='LATERAL_MOVEMENT' proven=False conf=0.0000 in 0.02ms
2026-08-09 12:26:14 | INFO | app.ai.backward_chaining:evaluate_goal:268 | Backward Chaining evaluated goal='DATA_EXFILTRATION' proven=False conf=0.0000 in 0.02ms
2026-08-09 12:26:14 | INFO | app.ai.backward_chaining:evaluate_goal:268 | Backward Chaining evaluated goal='PRIVILEGE_ESCALATION' proven=False conf=0.0000 in 0.02ms
2026-08-09 12:26:14 | INFO | app.ai.backward_chaining:evaluate_goal:268 | Backward Chaining evaluated goal='LATERAL_MOVEMENT' proven=False conf=0.0000 in 0.02ms
2026-08-09 12:26:14 | INFO | app.ai.backward_chaining:evaluate_goal:268 | Backward Chaining evaluated goal='DATA_EXFILTRATION' proven=False conf=0.0000 in 0.02ms
2026-08-09 12:26:14 | INFO | app.ai.backward_chaining:evaluate_goal:268 | Backward Chaining evaluated goal='PRIVILEGE_ESCALATION' proven=False conf=0.0000 in 0.02ms
2026-08-09 12:26:14 | INFO | app.ai.backward_chaining:evaluate_goal:268 | Backward Chaining evaluated goal='LATERAL_MOVEMENT' proven=False conf=0.0000 in 0.02ms
2026-08-09 12:26:15 | INFO | app.ai.backward_chaining:evaluate_goal:268 | Backward Chaining evaluated goal='DATA_EXFILTRATION' proven=True conf=1.0000 in 0.00ms
2026-08-09 12:26:15 | INFO | app.ai.backward_chaining:evaluate_goal:268 | Backward Chaining evaluated goal='PRIVILEGE_ESCALATION' proven=False conf=0.0000 in 0.02ms
2026-08-09 12:26:15 | INFO | app.ai.backward_chaining:evaluate_goal:268 | Backward Chaining evaluated goal='LATERAL_MOVEMENT' proven=False conf=0.0000 in 0.02ms
2026-08-09 12:26:15 | INFO | app.ai.backward_chaining:evaluate_goal:268 | Backward Chaining evaluated goal='DATA_EXFILTRATION' proven=True conf=0.9120 in 0.02ms
2026-08-09 12:26:15 | INFO | app.ai.backward_chaining:evaluate_goal:268 | Backward Chaining evaluated goal='PRIVILEGE_ESCALATION' proven=False conf=0.0000 in 0.02ms
2026-08-09 12:26:15 | INFO | app.ai.backward_chaining:evaluate_goal:268 | Backward Chaining evaluated goal='LATERAL_MOVEMENT' proven=False conf=0.0000 in 0.02ms
2026-08-09 12:26:16 | INFO | app.ai.backward_chaining:evaluate_goal:268 | Backward Chaining evaluated goal='DATA_EXFILTRATION' proven=False conf=0.0000 in 0.02ms
2026-08-09 12:26:16 | INFO | app.ai.backward_chaining:evaluate_goal:268 | Backward Chaining evaluated goal='PRIVILEGE_ESCALATION' proven=False conf=0.0000 in 0.02ms
2026-08-09 12:26:16 | INFO | app.ai.backward_chaining:evaluate_goal:268 | Backward Chaining evaluated goal='LATERAL_MOVEMENT' proven=False conf=0.0000 in 0.02ms
2026-08-09 12:26:17 | INFO | app.ai.backward_chaining:evaluate_goal:268 | Backward Chaining evaluated goal='DATA_EXFILTRATION' proven=False conf=0.0000 in 0.01ms
2026-08-09 12:26:17 | INFO | app.ai.backward_chaining:evaluate_goal:268 | Backward Chaining evaluated goal='PRIVILEGE_ESCALATION' proven=False conf=0.0000 in 0.02ms
2026-08-09 12:26:17 | INFO | app.ai.backward_chaining:evaluate_goal:268 | Backward Chaining evaluated goal='LATERAL_MOVEMENT' proven=False conf=0.0000 in 0.02ms
2026-08-09 12:26:17 | INFO | app.ai.backward_chaining:evaluate_goal:268 | Backward Chaining evaluated goal='DATA_EXFILTRATION' proven=False conf=0.0000 in 0.02ms
2026-08-09 12:26:17 | INFO | app.ai.backward_chaining:evaluate_goal:268 | Backward Chaining evaluated goal='PRIVILEGE_ESCALATION' proven=False conf=0.0000 in 0.02ms
2026-08-09 12:26:17 | INFO | app.ai.backward_chaining:evaluate_goal:268 | Backward Chaining evaluated goal='LATERAL_MOVEMENT' proven=False conf=0.0000 in 0.02ms
2026-08-09 12:26:17 | INFO | httpx._client:_send_single_request:1740 | HTTP Request: GET http://test/api/v1/cases/1/timeline "HTTP/1.1 200 OK"
2026-08-09 12:26:17 | INFO | app.ai.backward_chaining:evaluate_goal:268 | Backward Chaining evaluated goal='DATA_EXFILTRATION' proven=False conf=0.0000 in 0.02ms
2026-08-09 12:26:17 | INFO | app.ai.backward_chaining:evaluate_goal:268 | Backward Chaining evaluated goal='PRIVILEGE_ESCALATION' proven=False conf=0.0000 in 0.02ms
2026-08-09 12:26:17 | INFO | app.ai.backward_chaining:evaluate_goal:268 | Backward Chaining evaluated goal='LATERAL_MOVEMENT' proven=False conf=0.0000 in 0.03ms
2026-08-09 12:26:17 | INFO | httpx._client:_send_single_request:1740 | HTTP Request: GET http://test/api/timeline/1 "HTTP/1.1 200 OK"
2026-08-09 12:26:17 | INFO | app.ai.backward_chaining:evaluate_goal:268 | Backward Chaining evaluated goal='DATA_EXFILTRATION' proven=False conf=0.0000 in 0.01ms
2026-08-09 12:26:17 | INFO | app.ai.backward_chaining:evaluate_goal:268 | Backward Chaining evaluated goal='PRIVILEGE_ESCALATION' proven=False conf=0.0000 in 0.02ms
2026-08-09 12:26:17 | INFO | app.ai.backward_chaining:evaluate_goal:268 | Backward Chaining evaluated goal='LATERAL_MOVEMENT' proven=False conf=0.0000 in 0.02ms
2026-08-09 12:26:17 | INFO | httpx._client:_send_single_request:1740 | HTTP Request: GET http://test/api/timeline/1/suspicious "HTTP/1.1 200 OK"
2026-08-09 12:26:17 | INFO | app.services.ucs_service:run_ucs:104 | Executing UCS for Case ID 1 | Start: 'login' | Goal: 'usb_remove'
2026-08-09 12:26:17 | INFO | app.services.ucs_service:run_ucs:124 | UCS Search Succeeded | Case ID: 1 | Start: 'login' | Goal: 'usb_remove' | Visited Nodes: 4 | Total Cost: 3.0000 | Time: 0.010 ms
2026-08-09 12:26:17 | INFO | httpx._client:_send_single_request:1740 | HTTP Request: POST http://test/api/v1/ai/ucs/run "HTTP/1.1 200 OK"
2026-08-09 12:26:18 | INFO | app.services.ucs_service:run_ucs:104 | Executing UCS for Case ID 1 | Start: 'login' | Goal: 'isolated_exfil'
2026-08-09 12:26:18 | WARNING | app.services.ucs_service:run_ucs:114 | UCS search completed: No path found between 'login' and 'isolated_exfil' in Case ID 1. Explored 5 nodes.
2026-08-09 12:26:18 | INFO | httpx._client:_send_single_request:1740 | HTTP Request: POST http://test/api/v1/ai/ucs/run "HTTP/1.1 400 Bad Request"
2026-08-09 12:26:18 | WARNING | app.services.ucs_service:run_ucs:74 | UCS failed: Start node 'non_existent_start' not found in Case 1.
2026-08-09 12:26:18 | INFO | httpx._client:_send_single_request:1740 | HTTP Request: POST http://test/api/v1/ai/ucs/run "HTTP/1.1 404 Not Found"
2026-08-09 12:26:18 | WARNING | app.services.ucs_service:run_ucs:83 | UCS failed: Goal node 'non_existent_goal' not found in Case 1.
2026-08-09 12:26:18 | INFO | httpx._client:_send_single_request:1740 | HTTP Request: POST http://test/api/v1/ai/ucs/run "HTTP/1.1 404 Not Found"
2026-08-09 12:26:19 | WARNING | app.services.ucs_service:run_ucs:48 | UCS failed: Case ID 999999 not found.
2026-08-09 12:26:19 | INFO | httpx._client:_send_single_request:1740 | HTTP Request: POST http://test/api/v1/ai/ucs/run "HTTP/1.1 404 Not Found"
2026-08-09 12:28:40 | INFO | app.ai.backward_chaining:evaluate_goal:268 | Backward Chaining evaluated goal='DATA_EXFILTRATION' proven=False conf=0.0000 in 0.02ms
2026-08-09 12:28:40 | INFO | app.ai.backward_chaining:evaluate_goal:268 | Backward Chaining evaluated goal='PRIVILEGE_ESCALATION' proven=False conf=0.0000 in 0.04ms
2026-08-09 12:28:40 | INFO | app.ai.backward_chaining:evaluate_goal:268 | Backward Chaining evaluated goal='LATERAL_MOVEMENT' proven=False conf=0.0000 in 0.04ms
2026-08-09 12:28:40 | INFO | app.ai.backward_chaining:evaluate_goal:268 | Backward Chaining evaluated goal='DATA_EXFILTRATION' proven=False conf=0.0000 in 0.03ms
2026-08-09 12:28:40 | INFO | app.ai.backward_chaining:evaluate_goal:268 | Backward Chaining evaluated goal='PRIVILEGE_ESCALATION' proven=False conf=0.0000 in 0.04ms
2026-08-09 12:28:40 | INFO | app.ai.backward_chaining:evaluate_goal:268 | Backward Chaining evaluated goal='LATERAL_MOVEMENT' proven=False conf=0.0000 in 0.03ms
2026-08-09 12:28:40 | INFO | app.ai.backward_chaining:evaluate_goal:268 | Backward Chaining evaluated goal='DATA_EXFILTRATION' proven=False conf=0.0000 in 0.02ms
2026-08-09 12:28:40 | INFO | app.ai.backward_chaining:evaluate_goal:268 | Backward Chaining evaluated goal='PRIVILEGE_ESCALATION' proven=False conf=0.0000 in 0.04ms
2026-08-09 12:28:40 | INFO | app.ai.backward_chaining:evaluate_goal:268 | Backward Chaining evaluated goal='LATERAL_MOVEMENT' proven=False conf=0.0000 in 0.03ms
2026-08-09 12:28:40 | INFO | app.ai.backward_chaining:evaluate_goal:268 | Backward Chaining evaluated goal='PERSISTENCE' proven=False conf=0.0000 in 0.03ms
2026-08-09 12:28:40 | INFO | app.ai.backward_chaining:evaluate_goal:268 | Backward Chaining evaluated goal='DATA_EXFILTRATION' proven=False conf=0.0000 in 0.03ms
2026-08-09 12:28:40 | INFO | app.ai.backward_chaining:evaluate_goal:268 | Backward Chaining evaluated goal='PRIVILEGE_ESCALATION' proven=False conf=0.0000 in 0.03ms
2026-08-09 12:28:40 | INFO | app.ai.backward_chaining:evaluate_goal:268 | Backward Chaining evaluated goal='LATERAL_MOVEMENT' proven=False conf=0.0000 in 0.03ms
2026-08-09 12:28:40 | INFO | app.ai.backward_chaining:evaluate_goal:268 | Backward Chaining evaluated goal='DATA_EXFILTRATION' proven=False conf=0.0000 in 0.02ms
2026-08-09 12:28:40 | INFO | app.ai.backward_chaining:evaluate_goal:268 | Backward Chaining evaluated goal='PRIVILEGE_ESCALATION' proven=False conf=0.0000 in 0.03ms
2026-08-09 12:28:40 | INFO | app.ai.backward_chaining:evaluate_goal:268 | Backward Chaining evaluated goal='LATERAL_MOVEMENT' proven=False conf=0.0000 in 0.03ms
2026-08-09 12:28:40 | INFO | app.ai.backward_chaining:evaluate_goal:268 | Backward Chaining evaluated goal='DATA_EXFILTRATION' proven=False conf=0.0000 in 0.02ms
2026-08-09 12:28:40 | INFO | app.ai.backward_chaining:evaluate_goal:268 | Backward Chaining evaluated goal='PRIVILEGE_ESCALATION' proven=False conf=0.0000 in 0.04ms
2026-08-09 12:28:40 | INFO | app.ai.backward_chaining:evaluate_goal:268 | Backward Chaining evaluated goal='LATERAL_MOVEMENT' proven=False conf=0.0000 in 0.03ms
2026-08-09 12:28:40 | INFO | app.ai.backward_chaining:evaluate_goal:268 | Backward Chaining evaluated goal='PERSISTENCE' proven=False conf=0.0000 in 0.03ms
2026-08-09 12:28:40 | INFO | app.ai.backward_chaining:evaluate_goal:268 | Backward Chaining evaluated goal='DATA_EXFILTRATION' proven=False conf=0.0000 in 0.02ms
2026-08-09 12:28:40 | INFO | app.ai.backward_chaining:evaluate_goal:268 | Backward Chaining evaluated goal='PRIVILEGE_ESCALATION' proven=False conf=0.0000 in 0.03ms
2026-08-09 12:28:40 | INFO | app.ai.backward_chaining:evaluate_goal:268 | Backward Chaining evaluated goal='LATERAL_MOVEMENT' proven=False conf=0.0000 in 0.02ms
2026-08-09 12:28:40 | INFO | app.ai.backward_chaining:evaluate_goal:268 | Backward Chaining evaluated goal='DATA_EXFILTRATION' proven=False conf=0.0000 in 0.02ms
2026-08-09 12:28:40 | INFO | app.ai.backward_chaining:evaluate_goal:268 | Backward Chaining evaluated goal='PRIVILEGE_ESCALATION' proven=False conf=0.0000 in 0.03ms
2026-08-09 12:28:40 | INFO | app.ai.backward_chaining:evaluate_goal:268 | Backward Chaining evaluated goal='LATERAL_MOVEMENT' proven=False conf=0.0000 in 0.03ms
2026-08-09 12:28:56 | INFO | app.ai.backward_chaining:evaluate_goal:268 | Backward Chaining evaluated goal='DATA_EXFILTRATION' proven=False conf=0.0000 in 0.02ms
2026-08-09 12:28:56 | INFO | app.ai.backward_chaining:evaluate_goal:268 | Backward Chaining evaluated goal='PRIVILEGE_ESCALATION' proven=False conf=0.0000 in 0.04ms
2026-08-09 12:28:56 | INFO | app.ai.backward_chaining:evaluate_goal:268 | Backward Chaining evaluated goal='LATERAL_MOVEMENT' proven=False conf=0.0000 in 0.04ms
2026-08-09 12:28:56 | INFO | app.ai.backward_chaining:evaluate_goal:268 | Backward Chaining evaluated goal='DATA_EXFILTRATION' proven=False conf=0.0000 in 0.03ms
2026-08-09 12:28:56 | INFO | app.ai.backward_chaining:evaluate_goal:268 | Backward Chaining evaluated goal='PRIVILEGE_ESCALATION' proven=False conf=0.0000 in 0.05ms
2026-08-09 12:28:56 | INFO | app.ai.backward_chaining:evaluate_goal:268 | Backward Chaining evaluated goal='LATERAL_MOVEMENT' proven=False conf=0.0000 in 0.05ms
2026-08-09 12:28:56 | INFO | app.ai.backward_chaining:evaluate_goal:268 | Backward Chaining evaluated goal='DATA_EXFILTRATION' proven=False conf=0.0000 in 0.02ms
2026-08-09 12:28:56 | INFO | app.ai.backward_chaining:evaluate_goal:268 | Backward Chaining evaluated goal='PRIVILEGE_ESCALATION' proven=False conf=0.0000 in 0.05ms
2026-08-09 12:28:56 | INFO | app.ai.backward_chaining:evaluate_goal:268 | Backward Chaining evaluated goal='LATERAL_MOVEMENT' proven=False conf=0.0000 in 0.05ms
2026-08-09 12:28:56 | INFO | app.ai.backward_chaining:evaluate_goal:268 | Backward Chaining evaluated goal='PERSISTENCE' proven=False conf=0.0000 in 0.04ms
2026-08-09 12:28:56 | INFO | app.ai.backward_chaining:evaluate_goal:268 | Backward Chaining evaluated goal='DATA_EXFILTRATION' proven=False conf=0.0000 in 0.02ms
2026-08-09 12:28:56 | INFO | app.ai.backward_chaining:evaluate_goal:268 | Backward Chaining evaluated goal='PRIVILEGE_ESCALATION' proven=False conf=0.0000 in 0.03ms
2026-08-09 12:28:56 | INFO | app.ai.backward_chaining:evaluate_goal:268 | Backward Chaining evaluated goal='LATERAL_MOVEMENT' proven=False conf=0.0000 in 0.03ms
2026-08-09 12:28:56 | INFO | app.ai.backward_chaining:evaluate_goal:268 | Backward Chaining evaluated goal='DATA_EXFILTRATION' proven=False conf=0.0000 in 0.02ms
2026-08-09 12:28:56 | INFO | app.ai.backward_chaining:evaluate_goal:268 | Backward Chaining evaluated goal='PRIVILEGE_ESCALATION' proven=False conf=0.0000 in 0.05ms
2026-08-09 12:28:56 | INFO | app.ai.backward_chaining:evaluate_goal:268 | Backward Chaining evaluated goal='LATERAL_MOVEMENT' proven=False conf=0.0000 in 0.04ms
2026-08-09 12:28:56 | INFO | app.ai.backward_chaining:evaluate_goal:268 | Backward Chaining evaluated goal='DATA_EXFILTRATION' proven=False conf=0.0000 in 0.02ms
2026-08-09 12:28:56 | INFO | app.ai.backward_chaining:evaluate_goal:268 | Backward Chaining evaluated goal='PRIVILEGE_ESCALATION' proven=False conf=0.0000 in 0.03ms
2026-08-09 12:28:56 | INFO | app.ai.backward_chaining:evaluate_goal:268 | Backward Chaining evaluated goal='LATERAL_MOVEMENT' proven=False conf=0.0000 in 0.03ms
2026-08-09 12:28:56 | INFO | app.ai.backward_chaining:evaluate_goal:268 | Backward Chaining evaluated goal='PERSISTENCE' proven=False conf=0.0000 in 0.03ms
2026-08-09 12:28:56 | INFO | app.ai.backward_chaining:evaluate_goal:268 | Backward Chaining evaluated goal='DATA_EXFILTRATION' proven=False conf=0.0000 in 0.03ms
2026-08-09 12:28:56 | INFO | app.ai.backward_chaining:evaluate_goal:268 | Backward Chaining evaluated goal='PRIVILEGE_ESCALATION' proven=False conf=0.0000 in 0.03ms
2026-08-09 12:28:56 | INFO | app.ai.backward_chaining:evaluate_goal:268 | Backward Chaining evaluated goal='LATERAL_MOVEMENT' proven=False conf=0.0000 in 0.03ms
2026-08-09 12:28:56 | INFO | app.ai.backward_chaining:evaluate_goal:268 | Backward Chaining evaluated goal='DATA_EXFILTRATION' proven=False conf=0.0000 in 0.03ms
2026-08-09 12:28:56 | INFO | app.ai.backward_chaining:evaluate_goal:268 | Backward Chaining evaluated goal='PRIVILEGE_ESCALATION' proven=False conf=0.0000 in 0.03ms
2026-08-09 12:28:56 | INFO | app.ai.backward_chaining:evaluate_goal:268 | Backward Chaining evaluated goal='LATERAL_MOVEMENT' proven=False conf=0.0000 in 0.03ms
2026-08-09 12:29:52 | INFO | app.core.logging:setup_logging:54 | Logging initialized | env=development | debug=True
2026-08-09 12:29:52 | INFO | app.services.astar_service:run_astar:110 | Executing A* Search for Case ID 1 | Start: 'login' | Goal: 'usb_remove'
2026-08-09 12:29:52 | INFO | app.services.astar_service:run_astar:130 | A* Search Succeeded | Case ID: 1 | Start: 'login' | Goal: 'usb_remove' | Visited Nodes: 4 | Total Cost: 3.0000 | Heuristic Cost: 1.0000 | Time: 0.039 ms
2026-08-09 12:29:52 | INFO | httpx._client:_send_single_request:1740 | HTTP Request: POST http://test/api/v1/ai/astar/run "HTTP/1.1 200 OK"
2026-08-09 12:29:53 | INFO | app.services.astar_service:run_astar:110 | Executing A* Search for Case ID 1 | Start: 'login' | Goal: 'isolated_exfil'
2026-08-09 12:29:53 | WARNING | app.services.astar_service:run_astar:120 | A* Search completed: No path found between 'login' and 'isolated_exfil' in Case ID 1. Visited 5 nodes.
2026-08-09 12:29:53 | INFO | httpx._client:_send_single_request:1740 | HTTP Request: POST http://test/api/v1/ai/astar/run "HTTP/1.1 400 Bad Request"
2026-08-09 12:29:53 | WARNING | app.services.astar_service:run_astar:81 | A* Search failed: Start node 'non_existent_start' not found in Case 1.
2026-08-09 12:29:53 | INFO | httpx._client:_send_single_request:1740 | HTTP Request: POST http://test/api/v1/ai/astar/run "HTTP/1.1 404 Not Found"
2026-08-09 12:29:54 | WARNING | app.services.astar_service:run_astar:89 | A* Search failed: Goal node 'non_existent_goal' not found in Case 1.
2026-08-09 12:29:54 | INFO | httpx._client:_send_single_request:1740 | HTTP Request: POST http://test/api/v1/ai/astar/run "HTTP/1.1 404 Not Found"
2026-08-09 12:29:54 | WARNING | app.services.astar_service:run_astar:49 | A* Search failed: Case ID 999999 not found.
2026-08-09 12:29:54 | INFO | httpx._client:_send_single_request:1740 | HTTP Request: POST http://test/api/v1/ai/astar/run "HTTP/1.1 404 Not Found"
2026-08-09 12:29:55 | INFO | app.ai.backward_chaining:evaluate_goal:268 | Backward Chaining evaluated goal='DATA_EXFILTRATION' proven=False conf=0.0000 in 0.05ms
2026-08-09 12:29:55 | INFO | app.ai.backward_chaining:evaluate_goal:268 | Backward Chaining evaluated goal='PRIVILEGE_ESCALATION' proven=False conf=0.0000 in 0.05ms
2026-08-09 12:29:55 | INFO | app.ai.backward_chaining:evaluate_goal:268 | Backward Chaining evaluated goal='LATERAL_MOVEMENT' proven=False conf=0.0000 in 0.03ms
2026-08-09 12:29:55 | INFO | app.ai.backward_chaining:evaluate_goal:268 | Backward Chaining evaluated goal='DATA_EXFILTRATION' proven=False conf=0.0000 in 0.03ms
2026-08-09 12:29:55 | INFO | app.ai.backward_chaining:evaluate_goal:268 | Backward Chaining evaluated goal='PRIVILEGE_ESCALATION' proven=False conf=0.0000 in 0.04ms
2026-08-09 12:29:55 | INFO | app.ai.backward_chaining:evaluate_goal:268 | Backward Chaining evaluated goal='LATERAL_MOVEMENT' proven=False conf=0.0000 in 0.02ms
2026-08-09 12:29:55 | INFO | httpx._client:_send_single_request:1740 | HTTP Request: GET http://test/api/v1/cases/1/attack-path "HTTP/1.1 200 OK"
2026-08-09 12:29:55 | INFO | app.ai.backward_chaining:evaluate_goal:268 | Backward Chaining evaluated goal='DATA_EXFILTRATION' proven=False conf=0.0000 in 0.02ms
2026-08-09 12:29:55 | INFO | app.ai.backward_chaining:evaluate_goal:268 | Backward Chaining evaluated goal='PRIVILEGE_ESCALATION' proven=False conf=0.0000 in 0.02ms
2026-08-09 12:29:55 | INFO | app.ai.backward_chaining:evaluate_goal:268 | Backward Chaining evaluated goal='LATERAL_MOVEMENT' proven=False conf=0.0000 in 0.02ms
2026-08-09 12:29:55 | INFO | app.ai.backward_chaining:evaluate_goal:268 | Backward Chaining evaluated goal='DATA_EXFILTRATION' proven=False conf=0.0000 in 0.03ms
2026-08-09 12:29:55 | INFO | app.ai.backward_chaining:evaluate_goal:268 | Backward Chaining evaluated goal='PRIVILEGE_ESCALATION' proven=False conf=0.0000 in 0.06ms
2026-08-09 12:29:55 | INFO | app.ai.backward_chaining:evaluate_goal:268 | Backward Chaining evaluated goal='LATERAL_MOVEMENT' proven=False conf=0.0000 in 0.02ms
2026-08-09 12:29:55 | INFO | httpx._client:_send_single_request:1740 | HTTP Request: GET http://test/api/v1/cases/1/attack-paths "HTTP/1.1 200 OK"
2026-08-09 12:29:55 | INFO | app.ai.backward_chaining:evaluate_goal:268 | Backward Chaining evaluated goal='DATA_EXFILTRATION' proven=False conf=0.0000 in 0.02ms
2026-08-09 12:29:55 | INFO | app.ai.backward_chaining:evaluate_goal:268 | Backward Chaining evaluated goal='PRIVILEGE_ESCALATION' proven=False conf=0.0000 in 0.02ms
2026-08-09 12:29:55 | INFO | app.ai.backward_chaining:evaluate_goal:268 | Backward Chaining evaluated goal='LATERAL_MOVEMENT' proven=False conf=0.0000 in 0.02ms
2026-08-09 12:29:55 | INFO | app.ai.backward_chaining:evaluate_goal:268 | Backward Chaining evaluated goal='DATA_EXFILTRATION' proven=False conf=0.0000 in 0.02ms
2026-08-09 12:29:55 | INFO | app.ai.backward_chaining:evaluate_goal:268 | Backward Chaining evaluated goal='PRIVILEGE_ESCALATION' proven=False conf=0.0000 in 0.03ms
2026-08-09 12:29:55 | INFO | app.ai.backward_chaining:evaluate_goal:268 | Backward Chaining evaluated goal='LATERAL_MOVEMENT' proven=False conf=0.0000 in 0.02ms
2026-08-09 12:29:55 | INFO | httpx._client:_send_single_request:1740 | HTTP Request: GET http://test/api/attack-path/1 "HTTP/1.1 200 OK"
2026-08-09 12:29:55 | INFO | app.ai.backward_chaining:evaluate_goal:268 | Backward Chaining evaluated goal='DATA_EXFILTRATION' proven=True conf=1.0000 in 0.01ms
2026-08-09 12:29:55 | INFO | app.ai.backward_chaining:evaluate_goal:268 | Backward Chaining evaluated goal='DATA_EXFILTRATION' proven=True conf=0.9500 in 0.03ms
2026-08-09 12:29:55 | INFO | app.ai.backward_chaining:evaluate_goal:268 | Backward Chaining evaluated goal='DATA_EXFILTRATION' proven=True conf=0.9120 in 0.04ms
2026-08-09 12:29:55 | INFO | app.ai.backward_chaining:evaluate_goal:268 | Backward Chaining evaluated goal='DATA_EXFILTRATION' proven=False conf=0.0000 in 0.02ms
2026-08-09 12:29:55 | INFO | app.ai.backward_chaining:evaluate_goal:268 | Backward Chaining evaluated goal='DATA_EXFILTRATION' proven=False conf=0.0000 in 0.03ms
2026-08-09 12:29:55 | WARNING | app.ai.backward_chaining:_prove_goal:298 | Circular rule cycle detected for goal='GOAL_A' at depth=3
2026-08-09 12:29:55 | INFO | app.ai.backward_chaining:evaluate_goal:268 | Backward Chaining evaluated goal='GOAL_A' proven=False conf=0.0000 in 0.39ms
2026-08-09 12:29:55 | INFO | app.ai.backward_chaining:evaluate_goal:268 | Backward Chaining evaluated goal='DATA_EXFILTRATION' proven=True conf=0.9500 in 0.04ms
2026-08-09 12:29:55 | INFO | app.ai.backward_chaining:evaluate_goal:268 | Backward Chaining evaluated goal='DATA_EXFILTRATION' proven=True conf=0.9000 in 0.04ms
2026-08-09 12:29:55 | INFO | app.ai.backward_chaining:evaluate_goal:268 | Backward Chaining evaluated goal='UNKNOWN_NONEXISTENT_GOAL' proven=False conf=0.0000 in 0.01ms
2026-08-09 12:29:55 | INFO | app.ai.backward_chaining:evaluate_goal:268 | Backward Chaining evaluated goal='DATA_EXFILTRATION' proven=False conf=0.0000 in 0.03ms
2026-08-09 12:29:55 | INFO | app.ai.backward_chaining:evaluate_goal:268 | Backward Chaining evaluated goal='N_0' proven=True conf=0.5987 in 0.07ms
2026-08-09 12:29:55 | WARNING | app.ai.backward_chaining:_prove_goal:291 | Backward chaining max depth limit reached at depth=11 for goal='NODE_10'
2026-08-09 12:29:55 | INFO | app.ai.backward_chaining:evaluate_goal:268 | Backward Chaining evaluated goal='NODE_0' proven=False conf=0.0000 in 0.55ms
2026-08-09 12:29:56 | INFO | app.ai.backward_chaining:evaluate_goal:268 | Backward Chaining evaluated goal='DATA_EXFILTRATION' proven=True conf=0.8361 in 0.07ms
2026-08-09 12:29:56 | INFO | httpx._client:_send_single_request:1740 | HTTP Request: POST http://test/api/v1/ai/backward-chaining/run "HTTP/1.1 200 OK"
2026-08-09 12:29:56 | INFO | app.ai.backward_chaining:evaluate_goal:268 | Backward Chaining evaluated goal='PRIVILEGE_ESCALATION' proven=False conf=0.0000 in 0.03ms
2026-08-09 12:29:56 | INFO | httpx._client:_send_single_request:1740 | HTTP Request: POST http://test/api/backward-chaining/evaluate/1?goal=PRIVILEGE_ESCALATION "HTTP/1.1 200 OK"
2026-08-09 12:29:56 | INFO | httpx._client:_send_single_request:1740 | HTTP Request: POST http://test/api/v1/ai/backward-chaining/run "HTTP/1.1 400 Bad Request"
2026-08-09 12:29:57 | INFO | httpx._client:_send_single_request:1740 | HTTP Request: POST http://test/api/cases/ "HTTP/1.1 201 Created"
2026-08-09 12:29:57 | INFO | httpx._client:_send_single_request:1740 | HTTP Request: GET http://test/api/cases/?search=Malware "HTTP/1.1 200 OK"
2026-08-09 12:29:58 | INFO | httpx._client:_send_single_request:1740 | HTTP Request: POST http://test/api/evidence/upload "HTTP/1.1 201 Created"
2026-08-09 12:29:58 | INFO | httpx._client:_send_single_request:1740 | HTTP Request: POST http://test/api/parser/parse/1 "HTTP/1.1 202 Accepted"
2026-08-09 12:29:58 | INFO | httpx._client:_send_single_request:1740 | HTTP Request: POST http://test/api/normalize/1 "HTTP/1.1 202 Accepted"
2026-08-09 12:29:58 | INFO | httpx._client:_send_single_request:1740 | HTTP Request: POST http://test/api/graph/build/1 "HTTP/1.1 202 Accepted"
2026-08-09 12:29:58 | INFO | httpx._client:_send_single_request:1740 | HTTP Request: POST http://test/api/csp/validate/1 "HTTP/1.1 202 Accepted"
2026-08-09 12:29:58 | INFO | httpx._client:_send_single_request:1740 | HTTP Request: GET http://test/api/csp/status/1 "HTTP/1.1 200 OK"
2026-08-09 12:29:58 | INFO | httpx._client:_send_single_request:1740 | HTTP Request: GET http://test/api/csp/results/1 "HTTP/1.1 200 OK"
2026-08-09 12:29:59 | INFO | httpx._client:_send_single_request:1740 | HTTP Request: GET http://test/health "HTTP/1.1 200 OK"
2026-08-09 12:29:59 | INFO | httpx._client:_send_single_request:1740 | HTTP Request: GET http://test/api/v1/cases/1 "HTTP/1.1 404 Not Found"
2026-08-09 12:30:00 | INFO | app.ai.backward_chaining:evaluate_goal:268 | Backward Chaining evaluated goal='DATA_EXFILTRATION' proven=False conf=0.0000 in 0.02ms
2026-08-09 12:30:00 | INFO | app.ai.backward_chaining:evaluate_goal:268 | Backward Chaining evaluated goal='PRIVILEGE_ESCALATION' proven=False conf=0.0000 in 0.03ms
2026-08-09 12:30:00 | INFO | app.ai.backward_chaining:evaluate_goal:268 | Backward Chaining evaluated goal='LATERAL_MOVEMENT' proven=False conf=0.0000 in 0.04ms
2026-08-09 12:30:00 | INFO | app.ai.backward_chaining:evaluate_goal:268 | Backward Chaining evaluated goal='DATA_EXFILTRATION' proven=False conf=0.0000 in 0.02ms
2026-08-09 12:30:00 | INFO | app.ai.backward_chaining:evaluate_goal:268 | Backward Chaining evaluated goal='PRIVILEGE_ESCALATION' proven=False conf=0.0000 in 0.02ms
2026-08-09 12:30:00 | INFO | app.ai.backward_chaining:evaluate_goal:268 | Backward Chaining evaluated goal='LATERAL_MOVEMENT' proven=False conf=0.0000 in 0.02ms
2026-08-09 12:30:00 | INFO | app.ai.backward_chaining:evaluate_goal:268 | Backward Chaining evaluated goal='PERSISTENCE' proven=False conf=0.0000 in 0.02ms
2026-08-09 12:30:00 | INFO | app.ai.backward_chaining:evaluate_goal:268 | Backward Chaining evaluated goal='DATA_EXFILTRATION' proven=False conf=0.0000 in 0.02ms
2026-08-09 12:30:00 | INFO | app.ai.backward_chaining:evaluate_goal:268 | Backward Chaining evaluated goal='PRIVILEGE_ESCALATION' proven=False conf=0.0000 in 0.03ms
2026-08-09 12:30:00 | INFO | app.ai.backward_chaining:evaluate_goal:268 | Backward Chaining evaluated goal='LATERAL_MOVEMENT' proven=False conf=0.0000 in 0.08ms
2026-08-09 12:30:00 | INFO | app.ai.backward_chaining:evaluate_goal:268 | Backward Chaining evaluated goal='DATA_EXFILTRATION' proven=False conf=0.0000 in 0.02ms
2026-08-09 12:30:00 | INFO | app.ai.backward_chaining:evaluate_goal:268 | Backward Chaining evaluated goal='PRIVILEGE_ESCALATION' proven=False conf=0.0000 in 0.02ms
2026-08-09 12:30:00 | INFO | app.ai.backward_chaining:evaluate_goal:268 | Backward Chaining evaluated goal='LATERAL_MOVEMENT' proven=False conf=0.0000 in 0.02ms
2026-08-09 12:30:00 | INFO | app.ai.backward_chaining:evaluate_goal:268 | Backward Chaining evaluated goal='DATA_EXFILTRATION' proven=False conf=0.0000 in 0.02ms
2026-08-09 12:30:00 | INFO | app.ai.backward_chaining:evaluate_goal:268 | Backward Chaining evaluated goal='PRIVILEGE_ESCALATION' proven=False conf=0.0000 in 0.02ms
2026-08-09 12:30:00 | INFO | app.ai.backward_chaining:evaluate_goal:268 | Backward Chaining evaluated goal='LATERAL_MOVEMENT' proven=False conf=0.0000 in 0.02ms
2026-08-09 12:30:00 | INFO | app.ai.backward_chaining:evaluate_goal:268 | Backward Chaining evaluated goal='DATA_EXFILTRATION' proven=False conf=0.0000 in 0.02ms
2026-08-09 12:30:00 | INFO | app.ai.backward_chaining:evaluate_goal:268 | Backward Chaining evaluated goal='PRIVILEGE_ESCALATION' proven=False conf=0.0000 in 0.02ms
2026-08-09 12:30:00 | INFO | app.ai.backward_chaining:evaluate_goal:268 | Backward Chaining evaluated goal='LATERAL_MOVEMENT' proven=False conf=0.0000 in 0.02ms
2026-08-09 12:30:00 | INFO | app.ai.backward_chaining:evaluate_goal:268 | Backward Chaining evaluated goal='PERSISTENCE' proven=False conf=0.0000 in 0.01ms
2026-08-09 12:30:00 | INFO | app.ai.backward_chaining:evaluate_goal:268 | Backward Chaining evaluated goal='DATA_EXFILTRATION' proven=False conf=0.0000 in 0.02ms
2026-08-09 12:30:00 | INFO | app.ai.backward_chaining:evaluate_goal:268 | Backward Chaining evaluated goal='PRIVILEGE_ESCALATION' proven=False conf=0.0000 in 0.02ms
2026-08-09 12:30:00 | INFO | app.ai.backward_chaining:evaluate_goal:268 | Backward Chaining evaluated goal='LATERAL_MOVEMENT' proven=False conf=0.0000 in 0.02ms
2026-08-09 12:30:00 | INFO | app.ai.backward_chaining:evaluate_goal:268 | Backward Chaining evaluated goal='DATA_EXFILTRATION' proven=False conf=0.0000 in 0.02ms
2026-08-09 12:30:00 | INFO | app.ai.backward_chaining:evaluate_goal:268 | Backward Chaining evaluated goal='PRIVILEGE_ESCALATION' proven=False conf=0.0000 in 0.02ms
2026-08-09 12:30:00 | INFO | app.ai.backward_chaining:evaluate_goal:268 | Backward Chaining evaluated goal='LATERAL_MOVEMENT' proven=False conf=0.0000 in 0.02ms
2026-08-09 12:30:00 | INFO | app.ai.backward_chaining:evaluate_goal:268 | Backward Chaining evaluated goal='DATA_EXFILTRATION' proven=False conf=0.0000 in 0.02ms
2026-08-09 12:30:00 | INFO | app.ai.backward_chaining:evaluate_goal:268 | Backward Chaining evaluated goal='PRIVILEGE_ESCALATION' proven=False conf=0.0000 in 0.02ms
2026-08-09 12:30:00 | INFO | app.ai.backward_chaining:evaluate_goal:268 | Backward Chaining evaluated goal='LATERAL_MOVEMENT' proven=False conf=0.0000 in 0.02ms
2026-08-09 12:30:00 | INFO | app.ai.backward_chaining:evaluate_goal:268 | Backward Chaining evaluated goal='DATA_EXFILTRATION' proven=False conf=0.0000 in 0.02ms
2026-08-09 12:30:00 | INFO | app.ai.backward_chaining:evaluate_goal:268 | Backward Chaining evaluated goal='PRIVILEGE_ESCALATION' proven=False conf=0.0000 in 0.02ms
2026-08-09 12:30:00 | INFO | app.ai.backward_chaining:evaluate_goal:268 | Backward Chaining evaluated goal='LATERAL_MOVEMENT' proven=False conf=0.0000 in 0.02ms
2026-08-09 12:30:00 | INFO | app.ai.backward_chaining:evaluate_goal:268 | Backward Chaining evaluated goal='PERSISTENCE' proven=False conf=0.0000 in 0.01ms
2026-08-09 12:30:00 | INFO | app.ai.backward_chaining:evaluate_goal:268 | Backward Chaining evaluated goal='DATA_EXFILTRATION' proven=False conf=0.0000 in 0.02ms
2026-08-09 12:30:00 | INFO | app.ai.backward_chaining:evaluate_goal:268 | Backward Chaining evaluated goal='PRIVILEGE_ESCALATION' proven=False conf=0.0000 in 0.02ms
2026-08-09 12:30:00 | INFO | app.ai.backward_chaining:evaluate_goal:268 | Backward Chaining evaluated goal='LATERAL_MOVEMENT' proven=False conf=0.0000 in 0.03ms
2026-08-09 12:30:00 | INFO | app.ai.backward_chaining:evaluate_goal:268 | Backward Chaining evaluated goal='DATA_EXFILTRATION' proven=False conf=0.0000 in 0.01ms
2026-08-09 12:30:00 | INFO | app.ai.backward_chaining:evaluate_goal:268 | Backward Chaining evaluated goal='PRIVILEGE_ESCALATION' proven=False conf=0.0000 in 0.02ms
2026-08-09 12:30:00 | INFO | app.ai.backward_chaining:evaluate_goal:268 | Backward Chaining evaluated goal='LATERAL_MOVEMENT' proven=False conf=0.0000 in 0.03ms
2026-08-09 12:30:00 | INFO | app.ai.backward_chaining:evaluate_goal:268 | Backward Chaining evaluated goal='DATA_EXFILTRATION' proven=False conf=0.0000 in 0.02ms
2026-08-09 12:30:00 | INFO | app.ai.backward_chaining:evaluate_goal:268 | Backward Chaining evaluated goal='PRIVILEGE_ESCALATION' proven=False conf=0.0000 in 0.02ms
2026-08-09 12:30:00 | INFO | app.ai.backward_chaining:evaluate_goal:268 | Backward Chaining evaluated goal='LATERAL_MOVEMENT' proven=False conf=0.0000 in 0.03ms
2026-08-09 12:30:00 | INFO | app.ai.backward_chaining:evaluate_goal:268 | Backward Chaining evaluated goal='DATA_EXFILTRATION' proven=False conf=0.0000 in 0.02ms
2026-08-09 12:30:00 | INFO | app.ai.backward_chaining:evaluate_goal:268 | Backward Chaining evaluated goal='PRIVILEGE_ESCALATION' proven=False conf=0.0000 in 0.02ms
2026-08-09 12:30:00 | INFO | app.ai.backward_chaining:evaluate_goal:268 | Backward Chaining evaluated goal='LATERAL_MOVEMENT' proven=False conf=0.0000 in 0.02ms
2026-08-09 12:30:00 | INFO | app.ai.backward_chaining:evaluate_goal:268 | Backward Chaining evaluated goal='PERSISTENCE' proven=False conf=0.0000 in 0.01ms
2026-08-09 12:30:00 | INFO | app.ai.backward_chaining:evaluate_goal:268 | Backward Chaining evaluated goal='DATA_EXFILTRATION' proven=False conf=0.0000 in 0.02ms
2026-08-09 12:30:00 | INFO | app.ai.backward_chaining:evaluate_goal:268 | Backward Chaining evaluated goal='PRIVILEGE_ESCALATION' proven=False conf=0.0000 in 0.02ms
2026-08-09 12:30:00 | INFO | app.ai.backward_chaining:evaluate_goal:268 | Backward Chaining evaluated goal='LATERAL_MOVEMENT' proven=False conf=0.0000 in 0.02ms
2026-08-09 12:30:00 | INFO | app.ai.backward_chaining:evaluate_goal:268 | Backward Chaining evaluated goal='DATA_EXFILTRATION' proven=False conf=0.0000 in 0.02ms
2026-08-09 12:30:00 | INFO | app.ai.backward_chaining:evaluate_goal:268 | Backward Chaining evaluated goal='PRIVILEGE_ESCALATION' proven=False conf=0.0000 in 0.02ms
2026-08-09 12:30:00 | INFO | app.ai.backward_chaining:evaluate_goal:268 | Backward Chaining evaluated goal='LATERAL_MOVEMENT' proven=False conf=0.0000 in 0.02ms
2026-08-09 12:30:00 | INFO | httpx._client:_send_single_request:1740 | HTTP Request: POST http://test/api/v1/cases/1/reports "HTTP/1.1 201 Created"
2026-08-09 12:30:00 | INFO | httpx._client:_send_single_request:1740 | HTTP Request: GET http://test/api/v1/cases/1/reports/a651af53-f10f-492d-ab08-ccd01208d740/download "HTTP/1.1 200 OK"
2026-08-09 12:30:00 | INFO | app.ai.backward_chaining:evaluate_goal:268 | Backward Chaining evaluated goal='DATA_EXFILTRATION' proven=False conf=0.0000 in 0.02ms
2026-08-09 12:30:00 | INFO | app.ai.backward_chaining:evaluate_goal:268 | Backward Chaining evaluated goal='PRIVILEGE_ESCALATION' proven=False conf=0.0000 in 0.02ms
2026-08-09 12:30:00 | INFO | app.ai.backward_chaining:evaluate_goal:268 | Backward Chaining evaluated goal='LATERAL_MOVEMENT' proven=False conf=0.0000 in 0.02ms
2026-08-09 12:30:00 | INFO | app.ai.backward_chaining:evaluate_goal:268 | Backward Chaining evaluated goal='DATA_EXFILTRATION' proven=False conf=0.0000 in 0.02ms
2026-08-09 12:30:00 | INFO | app.ai.backward_chaining:evaluate_goal:268 | Backward Chaining evaluated goal='PRIVILEGE_ESCALATION' proven=False conf=0.0000 in 0.02ms
2026-08-09 12:30:00 | INFO | app.ai.backward_chaining:evaluate_goal:268 | Backward Chaining evaluated goal='LATERAL_MOVEMENT' proven=False conf=0.0000 in 0.02ms
2026-08-09 12:30:00 | INFO | app.ai.backward_chaining:evaluate_goal:268 | Backward Chaining evaluated goal='PERSISTENCE' proven=False conf=0.0000 in 0.01ms
2026-08-09 12:30:00 | INFO | app.ai.backward_chaining:evaluate_goal:268 | Backward Chaining evaluated goal='DATA_EXFILTRATION' proven=False conf=0.0000 in 0.02ms
2026-08-09 12:30:00 | INFO | app.ai.backward_chaining:evaluate_goal:268 | Backward Chaining evaluated goal='PRIVILEGE_ESCALATION' proven=False conf=0.0000 in 0.02ms
2026-08-09 12:30:00 | INFO | app.ai.backward_chaining:evaluate_goal:268 | Backward Chaining evaluated goal='LATERAL_MOVEMENT' proven=False conf=0.0000 in 0.02ms
2026-08-09 12:30:00 | INFO | app.ai.backward_chaining:evaluate_goal:268 | Backward Chaining evaluated goal='DATA_EXFILTRATION' proven=False conf=0.0000 in 0.02ms
2026-08-09 12:30:00 | INFO | app.ai.backward_chaining:evaluate_goal:268 | Backward Chaining evaluated goal='PRIVILEGE_ESCALATION' proven=False conf=0.0000 in 0.02ms
2026-08-09 12:30:00 | INFO | app.ai.backward_chaining:evaluate_goal:268 | Backward Chaining evaluated goal='LATERAL_MOVEMENT' proven=False conf=0.0000 in 0.02ms
2026-08-09 12:30:00 | INFO | app.ai.backward_chaining:evaluate_goal:268 | Backward Chaining evaluated goal='DATA_EXFILTRATION' proven=False conf=0.0000 in 0.01ms
2026-08-09 12:30:00 | INFO | app.ai.backward_chaining:evaluate_goal:268 | Backward Chaining evaluated goal='PRIVILEGE_ESCALATION' proven=False conf=0.0000 in 0.02ms
2026-08-09 12:30:00 | INFO | app.ai.backward_chaining:evaluate_goal:268 | Backward Chaining evaluated goal='LATERAL_MOVEMENT' proven=False conf=0.0000 in 0.02ms
2026-08-09 12:30:00 | INFO | app.ai.backward_chaining:evaluate_goal:268 | Backward Chaining evaluated goal='DATA_EXFILTRATION' proven=False conf=0.0000 in 0.02ms
2026-08-09 12:30:00 | INFO | app.ai.backward_chaining:evaluate_goal:268 | Backward Chaining evaluated goal='PRIVILEGE_ESCALATION' proven=False conf=0.0000 in 0.03ms
2026-08-09 12:30:00 | INFO | app.ai.backward_chaining:evaluate_goal:268 | Backward Chaining evaluated goal='LATERAL_MOVEMENT' proven=False conf=0.0000 in 0.03ms
2026-08-09 12:30:00 | INFO | app.ai.backward_chaining:evaluate_goal:268 | Backward Chaining evaluated goal='PERSISTENCE' proven=False conf=0.0000 in 0.02ms
2026-08-09 12:30:00 | INFO | app.ai.backward_chaining:evaluate_goal:268 | Backward Chaining evaluated goal='DATA_EXFILTRATION' proven=False conf=0.0000 in 0.02ms
2026-08-09 12:30:00 | INFO | app.ai.backward_chaining:evaluate_goal:268 | Backward Chaining evaluated goal='PRIVILEGE_ESCALATION' proven=False conf=0.0000 in 0.02ms
2026-08-09 12:30:00 | INFO | app.ai.backward_chaining:evaluate_goal:268 | Backward Chaining evaluated goal='LATERAL_MOVEMENT' proven=False conf=0.0000 in 0.02ms
2026-08-09 12:30:00 | INFO | app.ai.backward_chaining:evaluate_goal:268 | Backward Chaining evaluated goal='DATA_EXFILTRATION' proven=False conf=0.0000 in 0.02ms
2026-08-09 12:30:00 | INFO | app.ai.backward_chaining:evaluate_goal:268 | Backward Chaining evaluated goal='PRIVILEGE_ESCALATION' proven=False conf=0.0000 in 0.02ms
2026-08-09 12:30:00 | INFO | app.ai.backward_chaining:evaluate_goal:268 | Backward Chaining evaluated goal='LATERAL_MOVEMENT' proven=False conf=0.0000 in 0.03ms
2026-08-09 12:30:00 | INFO | httpx._client:_send_single_request:1740 | HTTP Request: POST http://test/api/v1/cases/1/reports "HTTP/1.1 201 Created"
2026-08-09 12:30:00 | INFO | httpx._client:_send_single_request:1740 | HTTP Request: GET http://test/api/v1/cases/1/reports/59394356-1fd3-4b41-9ce5-e4010b051e09/download "HTTP/1.1 200 OK"
2026-08-09 12:30:01 | INFO | app.ai.backward_chaining:evaluate_goal:268 | Backward Chaining evaluated goal='DATA_EXFILTRATION' proven=False conf=0.0000 in 0.02ms
2026-08-09 12:30:01 | INFO | app.ai.backward_chaining:evaluate_goal:268 | Backward Chaining evaluated goal='PRIVILEGE_ESCALATION' proven=False conf=0.0000 in 0.02ms
2026-08-09 12:30:01 | INFO | app.ai.backward_chaining:evaluate_goal:268 | Backward Chaining evaluated goal='LATERAL_MOVEMENT' proven=False conf=0.0000 in 0.03ms
2026-08-09 12:30:01 | INFO | app.ai.backward_chaining:evaluate_goal:268 | Backward Chaining evaluated goal='PERSISTENCE' proven=False conf=0.0000 in 0.02ms
2026-08-09 12:30:01 | INFO | app.ai.backward_chaining:evaluate_goal:268 | Backward Chaining evaluated goal='DATA_EXFILTRATION' proven=False conf=0.0000 in 0.02ms
2026-08-09 12:30:01 | INFO | app.ai.backward_chaining:evaluate_goal:268 | Backward Chaining evaluated goal='PRIVILEGE_ESCALATION' proven=False conf=0.0000 in 0.02ms
2026-08-09 12:30:01 | INFO | app.ai.backward_chaining:evaluate_goal:268 | Backward Chaining evaluated goal='LATERAL_MOVEMENT' proven=False conf=0.0000 in 0.02ms
2026-08-09 12:30:01 | INFO | app.ai.backward_chaining:evaluate_goal:268 | Backward Chaining evaluated goal='PERSISTENCE' proven=False conf=0.0000 in 0.02ms
2026-08-09 12:30:01 | INFO | app.ai.backward_chaining:evaluate_goal:268 | Backward Chaining evaluated goal='DATA_EXFILTRATION' proven=False conf=0.0000 in 0.02ms
2026-08-09 12:30:01 | INFO | app.ai.backward_chaining:evaluate_goal:268 | Backward Chaining evaluated goal='PRIVILEGE_ESCALATION' proven=False conf=0.0000 in 0.03ms
2026-08-09 12:30:01 | INFO | app.ai.backward_chaining:evaluate_goal:268 | Backward Chaining evaluated goal='LATERAL_MOVEMENT' proven=False conf=0.0000 in 0.03ms
2026-08-09 12:30:01 | INFO | app.ai.backward_chaining:evaluate_goal:268 | Backward Chaining evaluated goal='PERSISTENCE' proven=False conf=0.0000 in 0.03ms
2026-08-09 12:30:02 | INFO | httpx._client:_send_single_request:1740 | HTTP Request: GET http://test/api/v1/cases/1/reports/history "HTTP/1.1 401 Unauthorized"
2026-08-09 12:30:02 | INFO | httpx._client:_send_single_request:1740 | HTTP Request: GET http://test/api/v1/cases/1/reports/history "HTTP/1.1 401 Unauthorized"
2026-08-09 12:30:03 | INFO | app.ai.backward_chaining:evaluate_goal:268 | Backward Chaining evaluated goal='DATA_EXFILTRATION' proven=False conf=0.0000 in 0.02ms
2026-08-09 12:30:03 | INFO | app.ai.backward_chaining:evaluate_goal:268 | Backward Chaining evaluated goal='PRIVILEGE_ESCALATION' proven=False conf=0.0000 in 0.02ms
2026-08-09 12:30:03 | INFO | app.ai.backward_chaining:evaluate_goal:268 | Backward Chaining evaluated goal='LATERAL_MOVEMENT' proven=False conf=0.0000 in 0.02ms
2026-08-09 12:30:03 | INFO | app.ai.backward_chaining:evaluate_goal:268 | Backward Chaining evaluated goal='DATA_EXFILTRATION' proven=False conf=0.0000 in 0.02ms
2026-08-09 12:30:03 | INFO | app.ai.backward_chaining:evaluate_goal:268 | Backward Chaining evaluated goal='PRIVILEGE_ESCALATION' proven=False conf=0.0000 in 0.02ms
2026-08-09 12:30:03 | INFO | app.ai.backward_chaining:evaluate_goal:268 | Backward Chaining evaluated goal='LATERAL_MOVEMENT' proven=False conf=0.0000 in 0.02ms
2026-08-09 12:30:03 | INFO | app.ai.backward_chaining:evaluate_goal:268 | Backward Chaining evaluated goal='PERSISTENCE' proven=False conf=0.0000 in 0.02ms
2026-08-09 12:30:03 | INFO | app.ai.backward_chaining:evaluate_goal:268 | Backward Chaining evaluated goal='DATA_EXFILTRATION' proven=False conf=0.0000 in 0.02ms
2026-08-09 12:30:03 | INFO | app.ai.backward_chaining:evaluate_goal:268 | Backward Chaining evaluated goal='PRIVILEGE_ESCALATION' proven=False conf=0.0000 in 0.04ms
2026-08-09 12:30:03 | INFO | app.ai.backward_chaining:evaluate_goal:268 | Backward Chaining evaluated goal='LATERAL_MOVEMENT' proven=False conf=0.0000 in 0.03ms
2026-08-09 12:30:03 | INFO | app.ai.backward_chaining:evaluate_goal:268 | Backward Chaining evaluated goal='DATA_EXFILTRATION' proven=False conf=0.0000 in 0.02ms
2026-08-09 12:30:03 | INFO | app.ai.backward_chaining:evaluate_goal:268 | Backward Chaining evaluated goal='PRIVILEGE_ESCALATION' proven=False conf=0.0000 in 0.02ms
2026-08-09 12:30:03 | INFO | app.ai.backward_chaining:evaluate_goal:268 | Backward Chaining evaluated goal='LATERAL_MOVEMENT' proven=False conf=0.0000 in 0.02ms
2026-08-09 12:30:04 | INFO | httpx._client:_send_single_request:1740 | HTTP Request: POST http://test/api/evidence/upload "HTTP/1.1 201 Created"
2026-08-09 12:30:04 | INFO | httpx._client:_send_single_request:1740 | HTTP Request: POST http://test/api/evidence/upload "HTTP/1.1 400 Bad Request"
2026-08-09 12:30:05 | INFO | httpx._client:_send_single_request:1740 | HTTP Request: POST http://test/api/evidence/upload "HTTP/1.1 201 Created"
2026-08-09 12:30:05 | INFO | httpx._client:_send_single_request:1740 | HTTP Request: POST http://test/api/evidence/upload "HTTP/1.1 409 Conflict"
2026-08-09 12:30:05 | INFO | app.services.forward_chaining_service:run_forward_chaining:135 | Running Forward Chaining for Case ID 1 with 6 initial fact(s).
2026-08-09 12:30:05 | INFO | app.services.forward_chaining_service:run_forward_chaining:151 | Forward Chaining completed for Case ID 1 | Fired Rules: 2 | Derived Facts: 4 | Time: 0.054 ms
2026-08-09 12:30:05 | INFO | httpx._client:_send_single_request:1740 | HTTP Request: POST http://test/api/v1/ai/forward-chaining/run "HTTP/1.1 200 OK"
2026-08-09 12:30:06 | WARNING | app.services.forward_chaining_service:run_forward_chaining:49 | Forward Chaining failed: Case ID 999999 not found.
2026-08-09 12:30:06 | INFO | httpx._client:_send_single_request:1740 | HTTP Request: POST http://test/api/v1/ai/forward-chaining/run "HTTP/1.1 404 Not Found"
2026-08-09 12:30:06 | INFO | httpx._client:_send_single_request:1740 | HTTP Request: POST http://test/api/evidence/upload "HTTP/1.1 201 Created"
2026-08-09 12:30:06 | INFO | httpx._client:_send_single_request:1740 | HTTP Request: POST http://test/api/parser/parse/1 "HTTP/1.1 202 Accepted"
2026-08-09 12:30:07 | INFO | httpx._client:_send_single_request:1740 | HTTP Request: POST http://test/api/normalize/1 "HTTP/1.1 202 Accepted"
2026-08-09 12:30:07 | INFO | httpx._client:_send_single_request:1740 | HTTP Request: POST http://test/api/graph/build/1 "HTTP/1.1 202 Accepted"
2026-08-09 12:30:07 | INFO | httpx._client:_send_single_request:1740 | HTTP Request: GET http://test/api/graph/1 "HTTP/1.1 200 OK"
2026-08-09 12:30:07 | INFO | httpx._client:_send_single_request:1740 | HTTP Request: GET http://test/api/graph/statistics/1 "HTTP/1.1 200 OK"
2026-08-09 12:30:07 | INFO | app.ai.backward_chaining:evaluate_goal:268 | Backward Chaining evaluated goal='DATA_EXFILTRATION' proven=False conf=0.0000 in 0.02ms
2026-08-09 12:30:07 | INFO | app.ai.backward_chaining:evaluate_goal:268 | Backward Chaining evaluated goal='PRIVILEGE_ESCALATION' proven=False conf=0.0000 in 0.03ms
2026-08-09 12:30:07 | INFO | app.ai.backward_chaining:evaluate_goal:268 | Backward Chaining evaluated goal='LATERAL_MOVEMENT' proven=False conf=0.0000 in 0.02ms
2026-08-09 12:30:07 | INFO | app.ai.backward_chaining:evaluate_goal:268 | Backward Chaining evaluated goal='DATA_EXFILTRATION' proven=False conf=0.0000 in 0.02ms
2026-08-09 12:30:07 | INFO | app.ai.backward_chaining:evaluate_goal:268 | Backward Chaining evaluated goal='PRIVILEGE_ESCALATION' proven=False conf=0.0000 in 0.02ms
2026-08-09 12:30:07 | INFO | app.ai.backward_chaining:evaluate_goal:268 | Backward Chaining evaluated goal='LATERAL_MOVEMENT' proven=False conf=0.0000 in 0.04ms
2026-08-09 12:30:07 | INFO | app.ai.backward_chaining:evaluate_goal:268 | Backward Chaining evaluated goal='PERSISTENCE' proven=False conf=0.0000 in 0.02ms
2026-08-09 12:30:07 | INFO | app.ai.backward_chaining:evaluate_goal:268 | Backward Chaining evaluated goal='DATA_EXFILTRATION' proven=False conf=0.0000 in 0.02ms
2026-08-09 12:30:07 | INFO | app.ai.backward_chaining:evaluate_goal:268 | Backward Chaining evaluated goal='PRIVILEGE_ESCALATION' proven=False conf=0.0000 in 0.02ms
2026-08-09 12:30:07 | INFO | app.ai.backward_chaining:evaluate_goal:268 | Backward Chaining evaluated goal='LATERAL_MOVEMENT' proven=False conf=0.0000 in 0.02ms
2026-08-09 12:30:07 | INFO | app.ai.backward_chaining:evaluate_goal:268 | Backward Chaining evaluated goal='DATA_EXFILTRATION' proven=False conf=0.0000 in 0.02ms
2026-08-09 12:30:07 | INFO | app.ai.backward_chaining:evaluate_goal:268 | Backward Chaining evaluated goal='PRIVILEGE_ESCALATION' proven=False conf=0.0000 in 0.03ms
2026-08-09 12:30:07 | INFO | app.ai.backward_chaining:evaluate_goal:268 | Backward Chaining evaluated goal='LATERAL_MOVEMENT' proven=False conf=0.0000 in 0.03ms
2026-08-09 12:30:07 | INFO | httpx._client:_send_single_request:1740 | HTTP Request: GET http://test/api/v1/cases/1/investigation-summary "HTTP/1.1 200 OK"
2026-08-09 12:30:07 | INFO | app.ai.backward_chaining:evaluate_goal:268 | Backward Chaining evaluated goal='DATA_EXFILTRATION' proven=False conf=0.0000 in 0.02ms
2026-08-09 12:30:07 | INFO | app.ai.backward_chaining:evaluate_goal:268 | Backward Chaining evaluated goal='PRIVILEGE_ESCALATION' proven=False conf=0.0000 in 0.02ms
2026-08-09 12:30:07 | INFO | app.ai.backward_chaining:evaluate_goal:268 | Backward Chaining evaluated goal='LATERAL_MOVEMENT' proven=False conf=0.0000 in 0.02ms
2026-08-09 12:30:07 | INFO | app.ai.backward_chaining:evaluate_goal:268 | Backward Chaining evaluated goal='DATA_EXFILTRATION' proven=False conf=0.0000 in 0.02ms
2026-08-09 12:30:07 | INFO | app.ai.backward_chaining:evaluate_goal:268 | Backward Chaining evaluated goal='PRIVILEGE_ESCALATION' proven=False conf=0.0000 in 0.02ms
2026-08-09 12:30:07 | INFO | app.ai.backward_chaining:evaluate_goal:268 | Backward Chaining evaluated goal='LATERAL_MOVEMENT' proven=False conf=0.0000 in 0.02ms
2026-08-09 12:30:07 | INFO | app.ai.backward_chaining:evaluate_goal:268 | Backward Chaining evaluated goal='PERSISTENCE' proven=False conf=0.0000 in 0.02ms
2026-08-09 12:30:07 | INFO | app.ai.backward_chaining:evaluate_goal:268 | Backward Chaining evaluated goal='DATA_EXFILTRATION' proven=False conf=0.0000 in 0.02ms
2026-08-09 12:30:07 | INFO | app.ai.backward_chaining:evaluate_goal:268 | Backward Chaining evaluated goal='PRIVILEGE_ESCALATION' proven=False conf=0.0000 in 0.02ms
2026-08-09 12:30:07 | INFO | app.ai.backward_chaining:evaluate_goal:268 | Backward Chaining evaluated goal='LATERAL_MOVEMENT' proven=False conf=0.0000 in 0.02ms
2026-08-09 12:30:07 | INFO | app.ai.backward_chaining:evaluate_goal:268 | Backward Chaining evaluated goal='DATA_EXFILTRATION' proven=False conf=0.0000 in 0.02ms
2026-08-09 12:30:07 | INFO | app.ai.backward_chaining:evaluate_goal:268 | Backward Chaining evaluated goal='PRIVILEGE_ESCALATION' proven=False conf=0.0000 in 0.02ms
2026-08-09 12:30:07 | INFO | app.ai.backward_chaining:evaluate_goal:268 | Backward Chaining evaluated goal='LATERAL_MOVEMENT' proven=False conf=0.0000 in 0.02ms
2026-08-09 12:30:07 | INFO | httpx._client:_send_single_request:1740 | HTTP Request: GET http://test/api/investigation-summary/1 "HTTP/1.1 200 OK"
2026-08-09 12:30:08 | INFO | httpx._client:_send_single_request:1740 | HTTP Request: POST http://test/api/evidence/upload "HTTP/1.1 201 Created"
2026-08-09 12:30:08 | INFO | httpx._client:_send_single_request:1740 | HTTP Request: POST http://test/api/parser/parse/1 "HTTP/1.1 202 Accepted"
2026-08-09 12:30:08 | INFO | httpx._client:_send_single_request:1740 | HTTP Request: POST http://test/api/normalize/1 "HTTP/1.1 202 Accepted"
2026-08-09 12:30:08 | INFO | httpx._client:_send_single_request:1740 | HTTP Request: GET http://test/api/normalized-events/1 "HTTP/1.1 200 OK"
2026-08-09 12:30:09 | INFO | httpx._client:_send_single_request:1740 | HTTP Request: POST http://test/api/evidence/upload "HTTP/1.1 201 Created"
2026-08-09 12:30:09 | INFO | httpx._client:_send_single_request:1740 | HTTP Request: POST http://test/api/parser/parse/1 "HTTP/1.1 202 Accepted"
2026-08-09 12:30:09 | INFO | httpx._client:_send_single_request:1740 | HTTP Request: GET http://test/api/parser/events/case/1 "HTTP/1.1 200 OK"
2026-08-09 12:30:10 | INFO | app.ai.backward_chaining:evaluate_goal:268 | Backward Chaining evaluated goal='DATA_EXFILTRATION' proven=False conf=0.0000 in 0.02ms
2026-08-09 12:30:10 | INFO | app.ai.backward_chaining:evaluate_goal:268 | Backward Chaining evaluated goal='PRIVILEGE_ESCALATION' proven=False conf=0.0000 in 0.02ms
2026-08-09 12:30:10 | INFO | app.ai.backward_chaining:evaluate_goal:268 | Backward Chaining evaluated goal='LATERAL_MOVEMENT' proven=False conf=0.0000 in 0.02ms
2026-08-09 12:30:10 | INFO | app.ai.backward_chaining:evaluate_goal:268 | Backward Chaining evaluated goal='DATA_EXFILTRATION' proven=False conf=0.0000 in 0.02ms
2026-08-09 12:30:10 | INFO | app.ai.backward_chaining:evaluate_goal:268 | Backward Chaining evaluated goal='PRIVILEGE_ESCALATION' proven=False conf=0.0000 in 0.03ms
2026-08-09 12:30:10 | INFO | app.ai.backward_chaining:evaluate_goal:268 | Backward Chaining evaluated goal='LATERAL_MOVEMENT' proven=False conf=0.0000 in 0.02ms
2026-08-09 12:30:10 | INFO | app.ai.backward_chaining:evaluate_goal:268 | Backward Chaining evaluated goal='PERSISTENCE' proven=False conf=0.0000 in 0.02ms
2026-08-09 12:30:10 | INFO | app.ai.backward_chaining:evaluate_goal:268 | Backward Chaining evaluated goal='DATA_EXFILTRATION' proven=False conf=0.0000 in 0.02ms
2026-08-09 12:30:10 | INFO | app.ai.backward_chaining:evaluate_goal:268 | Backward Chaining evaluated goal='PRIVILEGE_ESCALATION' proven=False conf=0.0000 in 0.02ms
2026-08-09 12:30:10 | INFO | app.ai.backward_chaining:evaluate_goal:268 | Backward Chaining evaluated goal='LATERAL_MOVEMENT' proven=False conf=0.0000 in 0.02ms
2026-08-09 12:30:10 | INFO | app.ai.backward_chaining:evaluate_goal:268 | Backward Chaining evaluated goal='DATA_EXFILTRATION' proven=False conf=0.0000 in 0.03ms
2026-08-09 12:30:10 | INFO | app.ai.backward_chaining:evaluate_goal:268 | Backward Chaining evaluated goal='PRIVILEGE_ESCALATION' proven=False conf=0.0000 in 0.02ms
2026-08-09 12:30:10 | INFO | app.ai.backward_chaining:evaluate_goal:268 | Backward Chaining evaluated goal='LATERAL_MOVEMENT' proven=False conf=0.0000 in 0.02ms
2026-08-09 12:30:10 | INFO | app.ai.backward_chaining:evaluate_goal:268 | Backward Chaining evaluated goal='DATA_EXFILTRATION' proven=False conf=0.0000 in 0.02ms
2026-08-09 12:30:10 | INFO | app.ai.backward_chaining:evaluate_goal:268 | Backward Chaining evaluated goal='PRIVILEGE_ESCALATION' proven=False conf=0.0000 in 0.03ms
2026-08-09 12:30:10 | INFO | app.ai.backward_chaining:evaluate_goal:268 | Backward Chaining evaluated goal='LATERAL_MOVEMENT' proven=False conf=0.0000 in 0.03ms
2026-08-09 12:30:10 | INFO | app.ai.backward_chaining:evaluate_goal:268 | Backward Chaining evaluated goal='DATA_EXFILTRATION' proven=False conf=0.0000 in 0.02ms
2026-08-09 12:30:10 | INFO | app.ai.backward_chaining:evaluate_goal:268 | Backward Chaining evaluated goal='PRIVILEGE_ESCALATION' proven=False conf=0.0000 in 0.05ms
2026-08-09 12:30:10 | INFO | app.ai.backward_chaining:evaluate_goal:268 | Backward Chaining evaluated goal='LATERAL_MOVEMENT' proven=False conf=0.0000 in 0.02ms
2026-08-09 12:30:10 | INFO | app.ai.backward_chaining:evaluate_goal:268 | Backward Chaining evaluated goal='PERSISTENCE' proven=False conf=0.0000 in 0.03ms
2026-08-09 12:30:10 | INFO | app.ai.backward_chaining:evaluate_goal:268 | Backward Chaining evaluated goal='DATA_EXFILTRATION' proven=False conf=0.0000 in 0.02ms
2026-08-09 12:30:10 | INFO | app.ai.backward_chaining:evaluate_goal:268 | Backward Chaining evaluated goal='PRIVILEGE_ESCALATION' proven=False conf=0.0000 in 0.02ms
2026-08-09 12:30:10 | INFO | app.ai.backward_chaining:evaluate_goal:268 | Backward Chaining evaluated goal='LATERAL_MOVEMENT' proven=False conf=0.0000 in 0.02ms
2026-08-09 12:30:10 | INFO | app.ai.backward_chaining:evaluate_goal:268 | Backward Chaining evaluated goal='DATA_EXFILTRATION' proven=False conf=0.0000 in 0.02ms
2026-08-09 12:30:10 | INFO | app.ai.backward_chaining:evaluate_goal:268 | Backward Chaining evaluated goal='PRIVILEGE_ESCALATION' proven=False conf=0.0000 in 0.02ms
2026-08-09 12:30:10 | INFO | app.ai.backward_chaining:evaluate_goal:268 | Backward Chaining evaluated goal='LATERAL_MOVEMENT' proven=False conf=0.0000 in 0.02ms
2026-08-09 12:30:10 | INFO | app.ai.backward_chaining:evaluate_goal:268 | Backward Chaining evaluated goal='DATA_EXFILTRATION' proven=False conf=0.0000 in 0.02ms
2026-08-09 12:30:10 | INFO | app.ai.backward_chaining:evaluate_goal:268 | Backward Chaining evaluated goal='PRIVILEGE_ESCALATION' proven=False conf=0.0000 in 0.02ms
2026-08-09 12:30:10 | INFO | app.ai.backward_chaining:evaluate_goal:268 | Backward Chaining evaluated goal='LATERAL_MOVEMENT' proven=False conf=0.0000 in 0.02ms
2026-08-09 12:30:10 | INFO | app.ai.backward_chaining:evaluate_goal:268 | Backward Chaining evaluated goal='DATA_EXFILTRATION' proven=False conf=0.0000 in 0.02ms
2026-08-09 12:30:10 | INFO | app.ai.backward_chaining:evaluate_goal:268 | Backward Chaining evaluated goal='PRIVILEGE_ESCALATION' proven=False conf=0.0000 in 0.02ms
2026-08-09 12:30:10 | INFO | app.ai.backward_chaining:evaluate_goal:268 | Backward Chaining evaluated goal='LATERAL_MOVEMENT' proven=False conf=0.0000 in 0.03ms
2026-08-09 12:30:10 | INFO | app.ai.backward_chaining:evaluate_goal:268 | Backward Chaining evaluated goal='PERSISTENCE' proven=False conf=0.0000 in 0.02ms
2026-08-09 12:30:10 | INFO | app.ai.backward_chaining:evaluate_goal:268 | Backward Chaining evaluated goal='DATA_EXFILTRATION' proven=False conf=0.0000 in 0.02ms
2026-08-09 12:30:10 | INFO | app.ai.backward_chaining:evaluate_goal:268 | Backward Chaining evaluated goal='PRIVILEGE_ESCALATION' proven=False conf=0.0000 in 0.02ms
2026-08-09 12:30:10 | INFO | app.ai.backward_chaining:evaluate_goal:268 | Backward Chaining evaluated goal='LATERAL_MOVEMENT' proven=False conf=0.0000 in 0.02ms
2026-08-09 12:30:10 | INFO | app.ai.backward_chaining:evaluate_goal:268 | Backward Chaining evaluated goal='DATA_EXFILTRATION' proven=False conf=0.0000 in 0.03ms
2026-08-09 12:30:10 | INFO | app.ai.backward_chaining:evaluate_goal:268 | Backward Chaining evaluated goal='PRIVILEGE_ESCALATION' proven=False conf=0.0000 in 0.02ms
2026-08-09 12:30:10 | INFO | app.ai.backward_chaining:evaluate_goal:268 | Backward Chaining evaluated goal='LATERAL_MOVEMENT' proven=False conf=0.0000 in 0.02ms
2026-08-09 12:30:10 | INFO | app.ai.backward_chaining:evaluate_goal:268 | Backward Chaining evaluated goal='DATA_EXFILTRATION' proven=False conf=0.0000 in 0.02ms
2026-08-09 12:30:10 | INFO | app.ai.backward_chaining:evaluate_goal:268 | Backward Chaining evaluated goal='PRIVILEGE_ESCALATION' proven=False conf=0.0000 in 0.02ms
2026-08-09 12:30:10 | INFO | app.ai.backward_chaining:evaluate_goal:268 | Backward Chaining evaluated goal='LATERAL_MOVEMENT' proven=False conf=0.0000 in 0.02ms
2026-08-09 12:30:10 | INFO | app.ai.backward_chaining:evaluate_goal:268 | Backward Chaining evaluated goal='DATA_EXFILTRATION' proven=False conf=0.0000 in 0.02ms
2026-08-09 12:30:10 | INFO | app.ai.backward_chaining:evaluate_goal:268 | Backward Chaining evaluated goal='PRIVILEGE_ESCALATION' proven=False conf=0.0000 in 0.02ms
2026-08-09 12:30:10 | INFO | app.ai.backward_chaining:evaluate_goal:268 | Backward Chaining evaluated goal='LATERAL_MOVEMENT' proven=False conf=0.0000 in 0.02ms
2026-08-09 12:30:10 | INFO | app.ai.backward_chaining:evaluate_goal:268 | Backward Chaining evaluated goal='PERSISTENCE' proven=False conf=0.0000 in 0.02ms
2026-08-09 12:30:10 | INFO | app.ai.backward_chaining:evaluate_goal:268 | Backward Chaining evaluated goal='DATA_EXFILTRATION' proven=False conf=0.0000 in 0.03ms
2026-08-09 12:30:10 | INFO | app.ai.backward_chaining:evaluate_goal:268 | Backward Chaining evaluated goal='PRIVILEGE_ESCALATION' proven=False conf=0.0000 in 0.02ms
2026-08-09 12:30:10 | INFO | app.ai.backward_chaining:evaluate_goal:268 | Backward Chaining evaluated goal='LATERAL_MOVEMENT' proven=False conf=0.0000 in 0.02ms
2026-08-09 12:30:10 | INFO | app.ai.backward_chaining:evaluate_goal:268 | Backward Chaining evaluated goal='DATA_EXFILTRATION' proven=False conf=0.0000 in 0.02ms
2026-08-09 12:30:10 | INFO | app.ai.backward_chaining:evaluate_goal:268 | Backward Chaining evaluated goal='PRIVILEGE_ESCALATION' proven=False conf=0.0000 in 0.03ms
2026-08-09 12:30:10 | INFO | app.ai.backward_chaining:evaluate_goal:268 | Backward Chaining evaluated goal='LATERAL_MOVEMENT' proven=False conf=0.0000 in 0.03ms
2026-08-09 12:30:12 | INFO | app.ai.backward_chaining:evaluate_goal:268 | Backward Chaining evaluated goal='DATA_EXFILTRATION' proven=False conf=0.0000 in 0.02ms
2026-08-09 12:30:12 | INFO | app.ai.backward_chaining:evaluate_goal:268 | Backward Chaining evaluated goal='PRIVILEGE_ESCALATION' proven=False conf=0.0000 in 0.02ms
2026-08-09 12:30:12 | INFO | app.ai.backward_chaining:evaluate_goal:268 | Backward Chaining evaluated goal='LATERAL_MOVEMENT' proven=False conf=0.0000 in 0.02ms
2026-08-09 12:30:12 | INFO | app.ai.backward_chaining:evaluate_goal:268 | Backward Chaining evaluated goal='DATA_EXFILTRATION' proven=False conf=0.0000 in 0.02ms
2026-08-09 12:30:12 | INFO | app.ai.backward_chaining:evaluate_goal:268 | Backward Chaining evaluated goal='PRIVILEGE_ESCALATION' proven=False conf=0.0000 in 0.02ms
2026-08-09 12:30:12 | INFO | app.ai.backward_chaining:evaluate_goal:268 | Backward Chaining evaluated goal='LATERAL_MOVEMENT' proven=False conf=0.0000 in 0.02ms
2026-08-09 12:30:12 | INFO | app.ai.backward_chaining:evaluate_goal:268 | Backward Chaining evaluated goal='PERSISTENCE' proven=False conf=0.0000 in 0.02ms
2026-08-09 12:30:12 | INFO | app.ai.backward_chaining:evaluate_goal:268 | Backward Chaining evaluated goal='DATA_EXFILTRATION' proven=False conf=0.0000 in 0.02ms
2026-08-09 12:30:12 | INFO | app.ai.backward_chaining:evaluate_goal:268 | Backward Chaining evaluated goal='PRIVILEGE_ESCALATION' proven=False conf=0.0000 in 0.02ms
2026-08-09 12:30:12 | INFO | app.ai.backward_chaining:evaluate_goal:268 | Backward Chaining evaluated goal='LATERAL_MOVEMENT' proven=False conf=0.0000 in 0.02ms
2026-08-09 12:30:12 | INFO | app.ai.backward_chaining:evaluate_goal:268 | Backward Chaining evaluated goal='DATA_EXFILTRATION' proven=False conf=0.0000 in 0.02ms
2026-08-09 12:30:12 | INFO | app.ai.backward_chaining:evaluate_goal:268 | Backward Chaining evaluated goal='PRIVILEGE_ESCALATION' proven=False conf=0.0000 in 0.03ms
2026-08-09 12:30:12 | INFO | app.ai.backward_chaining:evaluate_goal:268 | Backward Chaining evaluated goal='LATERAL_MOVEMENT' proven=False conf=0.0000 in 0.02ms
2026-08-09 12:30:12 | INFO | app.ai.backward_chaining:evaluate_goal:268 | Backward Chaining evaluated goal='DATA_EXFILTRATION' proven=False conf=0.0000 in 0.02ms
2026-08-09 12:30:12 | INFO | app.ai.backward_chaining:evaluate_goal:268 | Backward Chaining evaluated goal='PRIVILEGE_ESCALATION' proven=False conf=0.0000 in 0.03ms
2026-08-09 12:30:12 | INFO | app.ai.backward_chaining:evaluate_goal:268 | Backward Chaining evaluated goal='LATERAL_MOVEMENT' proven=False conf=0.0000 in 0.02ms
2026-08-09 12:30:12 | INFO | app.ai.backward_chaining:evaluate_goal:268 | Backward Chaining evaluated goal='DATA_EXFILTRATION' proven=False conf=0.0000 in 0.02ms
2026-08-09 12:30:12 | INFO | app.ai.backward_chaining:evaluate_goal:268 | Backward Chaining evaluated goal='PRIVILEGE_ESCALATION' proven=False conf=0.0000 in 0.02ms
2026-08-09 12:30:12 | INFO | app.ai.backward_chaining:evaluate_goal:268 | Backward Chaining evaluated goal='LATERAL_MOVEMENT' proven=False conf=0.0000 in 0.02ms
2026-08-09 12:30:12 | INFO | app.ai.backward_chaining:evaluate_goal:268 | Backward Chaining evaluated goal='PERSISTENCE' proven=False conf=0.0000 in 0.02ms
2026-08-09 12:30:12 | INFO | app.ai.backward_chaining:evaluate_goal:268 | Backward Chaining evaluated goal='DATA_EXFILTRATION' proven=False conf=0.0000 in 0.02ms
2026-08-09 12:30:12 | INFO | app.ai.backward_chaining:evaluate_goal:268 | Backward Chaining evaluated goal='PRIVILEGE_ESCALATION' proven=False conf=0.0000 in 0.02ms
2026-08-09 12:30:12 | INFO | app.ai.backward_chaining:evaluate_goal:268 | Backward Chaining evaluated goal='LATERAL_MOVEMENT' proven=False conf=0.0000 in 0.02ms
2026-08-09 12:30:12 | INFO | app.ai.backward_chaining:evaluate_goal:268 | Backward Chaining evaluated goal='DATA_EXFILTRATION' proven=False conf=0.0000 in 0.02ms
2026-08-09 12:30:12 | INFO | app.ai.backward_chaining:evaluate_goal:268 | Backward Chaining evaluated goal='PRIVILEGE_ESCALATION' proven=False conf=0.0000 in 0.03ms
2026-08-09 12:30:12 | INFO | app.ai.backward_chaining:evaluate_goal:268 | Backward Chaining evaluated goal='LATERAL_MOVEMENT' proven=False conf=0.0000 in 0.03ms
2026-08-09 12:30:12 | INFO | httpx._client:_send_single_request:1740 | HTTP Request: POST http://test/api/v1/cases/1/reports "HTTP/1.1 201 Created"
2026-08-09 12:30:12 | INFO | httpx._client:_send_single_request:1740 | HTTP Request: GET http://test/api/v1/cases/1/reports/history "HTTP/1.1 200 OK"
2026-08-09 12:30:12 | INFO | httpx._client:_send_single_request:1740 | HTTP Request: GET http://test/api/v1/cases/1/reports/ded23421-058c-42c5-a16b-a69ce8f61310/download "HTTP/1.1 200 OK"
2026-08-09 12:30:12 | INFO | httpx._client:_send_single_request:1740 | HTTP Request: GET http://test/api/v1/cases/1/reports/ded23421-058c-42c5-a16b-a69ce8f61310/download "HTTP/1.1 401 Unauthorized"
2026-08-09 12:30:13 | INFO | app.ai.backward_chaining:evaluate_goal:268 | Backward Chaining evaluated goal='DATA_EXFILTRATION' proven=False conf=0.0000 in 0.04ms
2026-08-09 12:30:13 | INFO | app.ai.backward_chaining:evaluate_goal:268 | Backward Chaining evaluated goal='PRIVILEGE_ESCALATION' proven=False conf=0.0000 in 0.03ms
2026-08-09 12:30:13 | INFO | app.ai.backward_chaining:evaluate_goal:268 | Backward Chaining evaluated goal='LATERAL_MOVEMENT' proven=False conf=0.0000 in 0.02ms
2026-08-09 12:30:13 | INFO | app.ai.backward_chaining:evaluate_goal:268 | Backward Chaining evaluated goal='PERSISTENCE' proven=False conf=0.0000 in 0.02ms
2026-08-09 12:30:13 | INFO | httpx._client:_send_single_request:1740 | HTTP Request: GET http://test/api/v1/cases/1/risk-score "HTTP/1.1 200 OK"
2026-08-09 12:30:13 | INFO | app.ai.backward_chaining:evaluate_goal:268 | Backward Chaining evaluated goal='DATA_EXFILTRATION' proven=False conf=0.0000 in 0.02ms
2026-08-09 12:30:13 | INFO | app.ai.backward_chaining:evaluate_goal:268 | Backward Chaining evaluated goal='PRIVILEGE_ESCALATION' proven=False conf=0.0000 in 0.02ms
2026-08-09 12:30:13 | INFO | app.ai.backward_chaining:evaluate_goal:268 | Backward Chaining evaluated goal='LATERAL_MOVEMENT' proven=False conf=0.0000 in 0.02ms
2026-08-09 12:30:13 | INFO | app.ai.backward_chaining:evaluate_goal:268 | Backward Chaining evaluated goal='PERSISTENCE' proven=False conf=0.0000 in 0.02ms
2026-08-09 12:30:13 | INFO | httpx._client:_send_single_request:1740 | HTTP Request: GET http://test/api/risk-score/1 "HTTP/1.1 200 OK"
2026-08-09 12:30:13 | INFO | app.ai.backward_chaining:evaluate_goal:268 | Backward Chaining evaluated goal='DATA_EXFILTRATION' proven=False conf=0.0000 in 0.02ms
2026-08-09 12:30:13 | INFO | app.ai.backward_chaining:evaluate_goal:268 | Backward Chaining evaluated goal='PRIVILEGE_ESCALATION' proven=False conf=0.0000 in 0.02ms
2026-08-09 12:30:13 | INFO | app.ai.backward_chaining:evaluate_goal:268 | Backward Chaining evaluated goal='LATERAL_MOVEMENT' proven=False conf=0.0000 in 0.02ms
2026-08-09 12:30:14 | INFO | app.ai.backward_chaining:evaluate_goal:268 | Backward Chaining evaluated goal='DATA_EXFILTRATION' proven=False conf=0.0000 in 0.02ms
2026-08-09 12:30:14 | INFO | app.ai.backward_chaining:evaluate_goal:268 | Backward Chaining evaluated goal='PRIVILEGE_ESCALATION' proven=False conf=0.0000 in 0.02ms
2026-08-09 12:30:14 | INFO | app.ai.backward_chaining:evaluate_goal:268 | Backward Chaining evaluated goal='LATERAL_MOVEMENT' proven=False conf=0.0000 in 0.02ms
2026-08-09 12:30:14 | INFO | app.ai.backward_chaining:evaluate_goal:268 | Backward Chaining evaluated goal='DATA_EXFILTRATION' proven=False conf=0.0000 in 0.02ms
2026-08-09 12:30:14 | INFO | app.ai.backward_chaining:evaluate_goal:268 | Backward Chaining evaluated goal='PRIVILEGE_ESCALATION' proven=False conf=0.0000 in 0.02ms
2026-08-09 12:30:14 | INFO | app.ai.backward_chaining:evaluate_goal:268 | Backward Chaining evaluated goal='LATERAL_MOVEMENT' proven=False conf=0.0000 in 0.02ms
2026-08-09 12:30:15 | INFO | app.ai.backward_chaining:evaluate_goal:268 | Backward Chaining evaluated goal='DATA_EXFILTRATION' proven=False conf=0.0000 in 0.02ms
2026-08-09 12:30:15 | INFO | app.ai.backward_chaining:evaluate_goal:268 | Backward Chaining evaluated goal='PRIVILEGE_ESCALATION' proven=False conf=0.0000 in 0.03ms
2026-08-09 12:30:15 | INFO | app.ai.backward_chaining:evaluate_goal:268 | Backward Chaining evaluated goal='LATERAL_MOVEMENT' proven=False conf=0.0000 in 0.02ms
2026-08-09 12:30:16 | INFO | app.ai.backward_chaining:evaluate_goal:268 | Backward Chaining evaluated goal='DATA_EXFILTRATION' proven=True conf=1.0000 in 0.01ms
2026-08-09 12:30:16 | INFO | app.ai.backward_chaining:evaluate_goal:268 | Backward Chaining evaluated goal='PRIVILEGE_ESCALATION' proven=False conf=0.0000 in 0.02ms
2026-08-09 12:30:16 | INFO | app.ai.backward_chaining:evaluate_goal:268 | Backward Chaining evaluated goal='LATERAL_MOVEMENT' proven=False conf=0.0000 in 0.03ms
2026-08-09 12:30:16 | INFO | app.ai.backward_chaining:evaluate_goal:268 | Backward Chaining evaluated goal='DATA_EXFILTRATION' proven=True conf=0.9120 in 0.02ms
2026-08-09 12:30:16 | INFO | app.ai.backward_chaining:evaluate_goal:268 | Backward Chaining evaluated goal='PRIVILEGE_ESCALATION' proven=False conf=0.0000 in 0.03ms
2026-08-09 12:30:16 | INFO | app.ai.backward_chaining:evaluate_goal:268 | Backward Chaining evaluated goal='LATERAL_MOVEMENT' proven=False conf=0.0000 in 0.04ms
2026-08-09 12:30:17 | INFO | app.ai.backward_chaining:evaluate_goal:268 | Backward Chaining evaluated goal='DATA_EXFILTRATION' proven=False conf=0.0000 in 0.04ms
2026-08-09 12:30:17 | INFO | app.ai.backward_chaining:evaluate_goal:268 | Backward Chaining evaluated goal='PRIVILEGE_ESCALATION' proven=False conf=0.0000 in 0.03ms
2026-08-09 12:30:17 | INFO | app.ai.backward_chaining:evaluate_goal:268 | Backward Chaining evaluated goal='LATERAL_MOVEMENT' proven=False conf=0.0000 in 0.03ms
2026-08-09 12:30:18 | INFO | app.ai.backward_chaining:evaluate_goal:268 | Backward Chaining evaluated goal='DATA_EXFILTRATION' proven=False conf=0.0000 in 0.02ms
2026-08-09 12:30:18 | INFO | app.ai.backward_chaining:evaluate_goal:268 | Backward Chaining evaluated goal='PRIVILEGE_ESCALATION' proven=False conf=0.0000 in 0.04ms
2026-08-09 12:30:18 | INFO | app.ai.backward_chaining:evaluate_goal:268 | Backward Chaining evaluated goal='LATERAL_MOVEMENT' proven=False conf=0.0000 in 0.03ms
2026-08-09 12:30:18 | INFO | app.ai.backward_chaining:evaluate_goal:268 | Backward Chaining evaluated goal='DATA_EXFILTRATION' proven=False conf=0.0000 in 0.02ms
2026-08-09 12:30:18 | INFO | app.ai.backward_chaining:evaluate_goal:268 | Backward Chaining evaluated goal='PRIVILEGE_ESCALATION' proven=False conf=0.0000 in 0.02ms
2026-08-09 12:30:18 | INFO | app.ai.backward_chaining:evaluate_goal:268 | Backward Chaining evaluated goal='LATERAL_MOVEMENT' proven=False conf=0.0000 in 0.02ms
2026-08-09 12:30:18 | INFO | httpx._client:_send_single_request:1740 | HTTP Request: GET http://test/api/v1/cases/1/timeline "HTTP/1.1 200 OK"
2026-08-09 12:30:18 | INFO | app.ai.backward_chaining:evaluate_goal:268 | Backward Chaining evaluated goal='DATA_EXFILTRATION' proven=False conf=0.0000 in 0.02ms
2026-08-09 12:30:18 | INFO | app.ai.backward_chaining:evaluate_goal:268 | Backward Chaining evaluated goal='PRIVILEGE_ESCALATION' proven=False conf=0.0000 in 0.02ms
2026-08-09 12:30:18 | INFO | app.ai.backward_chaining:evaluate_goal:268 | Backward Chaining evaluated goal='LATERAL_MOVEMENT' proven=False conf=0.0000 in 0.02ms
2026-08-09 12:30:18 | INFO | httpx._client:_send_single_request:1740 | HTTP Request: GET http://test/api/timeline/1 "HTTP/1.1 200 OK"
2026-08-09 12:30:18 | INFO | app.ai.backward_chaining:evaluate_goal:268 | Backward Chaining evaluated goal='DATA_EXFILTRATION' proven=False conf=0.0000 in 0.02ms
2026-08-09 12:30:18 | INFO | app.ai.backward_chaining:evaluate_goal:268 | Backward Chaining evaluated goal='PRIVILEGE_ESCALATION' proven=False conf=0.0000 in 0.03ms
2026-08-09 12:30:18 | INFO | app.ai.backward_chaining:evaluate_goal:268 | Backward Chaining evaluated goal='LATERAL_MOVEMENT' proven=False conf=0.0000 in 0.02ms
2026-08-09 12:30:18 | INFO | httpx._client:_send_single_request:1740 | HTTP Request: GET http://test/api/timeline/1/suspicious "HTTP/1.1 200 OK"
2026-08-09 12:30:19 | INFO | app.services.ucs_service:run_ucs:104 | Executing UCS for Case ID 1 | Start: 'login' | Goal: 'usb_remove'
2026-08-09 12:30:19 | INFO | app.services.ucs_service:run_ucs:124 | UCS Search Succeeded | Case ID: 1 | Start: 'login' | Goal: 'usb_remove' | Visited Nodes: 4 | Total Cost: 3.0000 | Time: 0.012 ms
2026-08-09 12:30:19 | INFO | httpx._client:_send_single_request:1740 | HTTP Request: POST http://test/api/v1/ai/ucs/run "HTTP/1.1 200 OK"
2026-08-09 12:30:19 | INFO | app.services.ucs_service:run_ucs:104 | Executing UCS for Case ID 1 | Start: 'login' | Goal: 'isolated_exfil'
2026-08-09 12:30:19 | WARNING | app.services.ucs_service:run_ucs:114 | UCS search completed: No path found between 'login' and 'isolated_exfil' in Case ID 1. Explored 5 nodes.
2026-08-09 12:30:19 | INFO | httpx._client:_send_single_request:1740 | HTTP Request: POST http://test/api/v1/ai/ucs/run "HTTP/1.1 400 Bad Request"
2026-08-09 12:30:20 | WARNING | app.services.ucs_service:run_ucs:74 | UCS failed: Start node 'non_existent_start' not found in Case 1.
2026-08-09 12:30:20 | INFO | httpx._client:_send_single_request:1740 | HTTP Request: POST http://test/api/v1/ai/ucs/run "HTTP/1.1 404 Not Found"
2026-08-09 12:30:20 | WARNING | app.services.ucs_service:run_ucs:83 | UCS failed: Goal node 'non_existent_goal' not found in Case 1.
2026-08-09 12:30:20 | INFO | httpx._client:_send_single_request:1740 | HTTP Request: POST http://test/api/v1/ai/ucs/run "HTTP/1.1 404 Not Found"
2026-08-09 12:30:20 | WARNING | app.services.ucs_service:run_ucs:48 | UCS failed: Case ID 999999 not found.
2026-08-09 12:30:20 | INFO | httpx._client:_send_single_request:1740 | HTTP Request: POST http://test/api/v1/ai/ucs/run "HTTP/1.1 404 Not Found"
2026-08-09 12:34:53 | INFO | app.ai.backward_chaining:evaluate_goal:268 | Backward Chaining evaluated goal='DATA_EXFILTRATION' proven=False conf=0.0000 in 0.03ms
2026-08-09 12:34:53 | INFO | app.ai.backward_chaining:evaluate_goal:268 | Backward Chaining evaluated goal='PRIVILEGE_ESCALATION' proven=False conf=0.0000 in 0.04ms
2026-08-09 12:34:53 | INFO | app.ai.backward_chaining:evaluate_goal:268 | Backward Chaining evaluated goal='LATERAL_MOVEMENT' proven=False conf=0.0000 in 0.06ms
2026-08-09 12:34:53 | INFO | app.ai.backward_chaining:evaluate_goal:268 | Backward Chaining evaluated goal='PERSISTENCE' proven=False conf=0.0000 in 0.02ms
2026-08-09 12:51:41 | INFO | app.ai.backward_chaining:evaluate_goal:268 | Backward Chaining evaluated goal='DATA_EXFILTRATION' proven=False conf=0.0000 in 0.03ms
2026-08-09 12:51:41 | INFO | app.ai.backward_chaining:evaluate_goal:268 | Backward Chaining evaluated goal='PRIVILEGE_ESCALATION' proven=False conf=0.0000 in 0.04ms
2026-08-09 12:51:41 | INFO | app.ai.backward_chaining:evaluate_goal:268 | Backward Chaining evaluated goal='LATERAL_MOVEMENT' proven=False conf=0.0000 in 0.05ms
2026-08-09 12:51:41 | INFO | app.ai.backward_chaining:evaluate_goal:268 | Backward Chaining evaluated goal='DATA_EXFILTRATION' proven=False conf=0.0000 in 0.03ms
2026-08-09 12:51:41 | INFO | app.ai.backward_chaining:evaluate_goal:268 | Backward Chaining evaluated goal='PRIVILEGE_ESCALATION' proven=False conf=0.0000 in 0.03ms
2026-08-09 12:51:41 | INFO | app.ai.backward_chaining:evaluate_goal:268 | Backward Chaining evaluated goal='LATERAL_MOVEMENT' proven=False conf=0.0000 in 0.05ms
2026-08-09 12:52:19 | INFO | app.ai.backward_chaining:evaluate_goal:268 | Backward Chaining evaluated goal='DATA_EXFILTRATION' proven=False conf=0.0000 in 0.03ms
2026-08-09 12:52:19 | INFO | app.ai.backward_chaining:evaluate_goal:268 | Backward Chaining evaluated goal='PRIVILEGE_ESCALATION' proven=False conf=0.0000 in 0.08ms
2026-08-09 12:52:19 | INFO | app.ai.backward_chaining:evaluate_goal:268 | Backward Chaining evaluated goal='LATERAL_MOVEMENT' proven=False conf=0.0000 in 0.08ms
2026-08-09 12:52:19 | INFO | app.ai.backward_chaining:evaluate_goal:268 | Backward Chaining evaluated goal='PERSISTENCE' proven=False conf=0.0000 in 0.24ms
2026-08-09 12:52:22 | INFO | app.ai.backward_chaining:evaluate_goal:268 | Backward Chaining evaluated goal='DATA_EXFILTRATION' proven=False conf=0.0000 in 0.06ms
2026-08-09 12:52:22 | INFO | app.ai.backward_chaining:evaluate_goal:268 | Backward Chaining evaluated goal='PRIVILEGE_ESCALATION' proven=False conf=0.0000 in 0.07ms
2026-08-09 12:52:22 | INFO | app.ai.backward_chaining:evaluate_goal:268 | Backward Chaining evaluated goal='LATERAL_MOVEMENT' proven=False conf=0.0000 in 0.09ms
2026-08-09 12:52:22 | INFO | app.ai.backward_chaining:evaluate_goal:268 | Backward Chaining evaluated goal='DATA_EXFILTRATION' proven=False conf=0.0000 in 0.09ms
2026-08-09 12:52:22 | INFO | app.ai.backward_chaining:evaluate_goal:268 | Backward Chaining evaluated goal='PRIVILEGE_ESCALATION' proven=False conf=0.0000 in 0.18ms
2026-08-09 12:52:22 | INFO | app.ai.backward_chaining:evaluate_goal:268 | Backward Chaining evaluated goal='LATERAL_MOVEMENT' proven=False conf=0.0000 in 0.09ms
2026-08-09 12:52:22 | INFO | app.ai.backward_chaining:evaluate_goal:268 | Backward Chaining evaluated goal='DATA_EXFILTRATION' proven=False conf=0.0000 in 0.14ms
2026-08-09 12:52:22 | INFO | app.ai.backward_chaining:evaluate_goal:268 | Backward Chaining evaluated goal='PRIVILEGE_ESCALATION' proven=False conf=0.0000 in 0.18ms
2026-08-09 12:52:22 | INFO | app.ai.backward_chaining:evaluate_goal:268 | Backward Chaining evaluated goal='LATERAL_MOVEMENT' proven=False conf=0.0000 in 0.20ms
2026-08-09 12:52:22 | INFO | app.ai.backward_chaining:evaluate_goal:268 | Backward Chaining evaluated goal='DATA_EXFILTRATION' proven=False conf=0.0000 in 0.04ms
2026-08-09 12:52:22 | INFO | app.ai.backward_chaining:evaluate_goal:268 | Backward Chaining evaluated goal='PRIVILEGE_ESCALATION' proven=False conf=0.0000 in 0.09ms
2026-08-09 12:52:22 | INFO | app.ai.backward_chaining:evaluate_goal:268 | Backward Chaining evaluated goal='LATERAL_MOVEMENT' proven=False conf=0.0000 in 0.08ms
2026-08-09 12:52:22 | INFO | app.ai.backward_chaining:evaluate_goal:268 | Backward Chaining evaluated goal='DATA_EXFILTRATION' proven=False conf=0.0000 in 0.04ms
2026-08-09 12:52:22 | INFO | app.ai.backward_chaining:evaluate_goal:268 | Backward Chaining evaluated goal='PRIVILEGE_ESCALATION' proven=False conf=0.0000 in 0.10ms
2026-08-09 12:52:22 | INFO | app.ai.backward_chaining:evaluate_goal:268 | Backward Chaining evaluated goal='LATERAL_MOVEMENT' proven=False conf=0.0000 in 0.08ms
2026-08-09 12:52:22 | INFO | app.ai.backward_chaining:evaluate_goal:268 | Backward Chaining evaluated goal='PERSISTENCE' proven=False conf=0.0000 in 0.08ms
2026-08-09 12:52:22 | INFO | app.ai.backward_chaining:evaluate_goal:268 | Backward Chaining evaluated goal='DATA_EXFILTRATION' proven=False conf=0.0000 in 0.06ms
2026-08-09 12:52:22 | INFO | app.ai.backward_chaining:evaluate_goal:268 | Backward Chaining evaluated goal='PRIVILEGE_ESCALATION' proven=False conf=0.0000 in 0.08ms
2026-08-09 12:52:22 | INFO | app.ai.backward_chaining:evaluate_goal:268 | Backward Chaining evaluated goal='LATERAL_MOVEMENT' proven=False conf=0.0000 in 0.09ms
2026-08-09 12:52:22 | INFO | app.ai.backward_chaining:evaluate_goal:268 | Backward Chaining evaluated goal='DATA_EXFILTRATION' proven=False conf=0.0000 in 0.07ms
2026-08-09 12:52:22 | INFO | app.ai.backward_chaining:evaluate_goal:268 | Backward Chaining evaluated goal='PRIVILEGE_ESCALATION' proven=False conf=0.0000 in 0.11ms
2026-08-09 12:52:22 | INFO | app.ai.backward_chaining:evaluate_goal:268 | Backward Chaining evaluated goal='LATERAL_MOVEMENT' proven=False conf=0.0000 in 0.10ms
2026-08-09 12:52:23 | INFO | app.ai.backward_chaining:evaluate_goal:268 | Backward Chaining evaluated goal='DATA_EXFILTRATION' proven=False conf=0.0000 in 0.22ms
2026-08-09 12:52:23 | INFO | app.ai.backward_chaining:evaluate_goal:268 | Backward Chaining evaluated goal='PRIVILEGE_ESCALATION' proven=False conf=0.0000 in 0.38ms
2026-08-09 12:52:23 | INFO | app.ai.backward_chaining:evaluate_goal:268 | Backward Chaining evaluated goal='LATERAL_MOVEMENT' proven=False conf=0.0000 in 0.11ms
2026-08-09 12:52:23 | INFO | app.ai.backward_chaining:evaluate_goal:268 | Backward Chaining evaluated goal='PERSISTENCE' proven=False conf=0.0000 in 0.10ms
2026-08-09 12:52:23 | INFO | app.ai.backward_chaining:evaluate_goal:268 | Backward Chaining evaluated goal='DATA_EXFILTRATION' proven=False conf=0.0000 in 0.07ms
2026-08-09 12:52:23 | INFO | app.ai.backward_chaining:evaluate_goal:268 | Backward Chaining evaluated goal='PRIVILEGE_ESCALATION' proven=False conf=0.0000 in 0.12ms
2026-08-09 12:52:23 | INFO | app.ai.backward_chaining:evaluate_goal:268 | Backward Chaining evaluated goal='LATERAL_MOVEMENT' proven=False conf=0.0000 in 0.11ms
2026-08-09 12:52:23 | INFO | app.ai.backward_chaining:evaluate_goal:268 | Backward Chaining evaluated goal='PERSISTENCE' proven=False conf=0.0000 in 0.09ms
2026-08-09 12:52:23 | INFO | app.ai.backward_chaining:evaluate_goal:268 | Backward Chaining evaluated goal='DATA_EXFILTRATION' proven=False conf=0.0000 in 0.08ms
2026-08-09 12:52:23 | INFO | app.ai.backward_chaining:evaluate_goal:268 | Backward Chaining evaluated goal='PRIVILEGE_ESCALATION' proven=False conf=0.0000 in 0.12ms
2026-08-09 12:52:23 | INFO | app.ai.backward_chaining:evaluate_goal:268 | Backward Chaining evaluated goal='LATERAL_MOVEMENT' proven=False conf=0.0000 in 0.24ms
2026-08-09 12:52:23 | INFO | app.ai.backward_chaining:evaluate_goal:268 | Backward Chaining evaluated goal='DATA_EXFILTRATION' proven=False conf=0.0000 in 0.07ms
2026-08-09 12:52:23 | INFO | app.ai.backward_chaining:evaluate_goal:268 | Backward Chaining evaluated goal='PRIVILEGE_ESCALATION' proven=False conf=0.0000 in 0.12ms
2026-08-09 12:52:23 | INFO | app.ai.backward_chaining:evaluate_goal:268 | Backward Chaining evaluated goal='LATERAL_MOVEMENT' proven=False conf=0.0000 in 0.11ms
2026-08-09 12:52:23 | INFO | app.ai.backward_chaining:evaluate_goal:268 | Backward Chaining evaluated goal='DATA_EXFILTRATION' proven=False conf=0.0000 in 0.08ms
2026-08-09 12:52:23 | INFO | app.ai.backward_chaining:evaluate_goal:268 | Backward Chaining evaluated goal='PRIVILEGE_ESCALATION' proven=False conf=0.0000 in 0.24ms
2026-08-09 12:52:23 | INFO | app.ai.backward_chaining:evaluate_goal:268 | Backward Chaining evaluated goal='LATERAL_MOVEMENT' proven=False conf=0.0000 in 0.32ms
2026-08-09 12:52:23 | INFO | app.ai.backward_chaining:evaluate_goal:268 | Backward Chaining evaluated goal='DATA_EXFILTRATION' proven=False conf=0.0000 in 0.08ms
2026-08-09 12:52:23 | INFO | app.ai.backward_chaining:evaluate_goal:268 | Backward Chaining evaluated goal='PRIVILEGE_ESCALATION' proven=False conf=0.0000 in 0.11ms
2026-08-09 12:52:23 | INFO | app.ai.backward_chaining:evaluate_goal:268 | Backward Chaining evaluated goal='LATERAL_MOVEMENT' proven=False conf=0.0000 in 0.09ms
2026-08-09 12:52:54 | INFO | app.core.logging:setup_logging:54 | Logging initialized | env=development | debug=True
2026-08-09 12:52:55 | INFO | app.services.astar_service:run_astar:110 | Executing A* Search for Case ID 1 | Start: 'login' | Goal: 'usb_remove'
2026-08-09 12:52:55 | INFO | app.services.astar_service:run_astar:130 | A* Search Succeeded | Case ID: 1 | Start: 'login' | Goal: 'usb_remove' | Visited Nodes: 4 | Total Cost: 3.0000 | Heuristic Cost: 1.0000 | Time: 0.030 ms
2026-08-09 12:52:55 | INFO | httpx._client:_send_single_request:1740 | HTTP Request: POST http://test/api/v1/ai/astar/run "HTTP/1.1 200 OK"
2026-08-09 12:52:56 | INFO | app.services.astar_service:run_astar:110 | Executing A* Search for Case ID 1 | Start: 'login' | Goal: 'isolated_exfil'
2026-08-09 12:52:56 | WARNING | app.services.astar_service:run_astar:120 | A* Search completed: No path found between 'login' and 'isolated_exfil' in Case ID 1. Visited 5 nodes.
2026-08-09 12:52:56 | INFO | httpx._client:_send_single_request:1740 | HTTP Request: POST http://test/api/v1/ai/astar/run "HTTP/1.1 400 Bad Request"
2026-08-09 12:52:57 | WARNING | app.services.astar_service:run_astar:81 | A* Search failed: Start node 'non_existent_start' not found in Case 1.
2026-08-09 12:52:57 | INFO | httpx._client:_send_single_request:1740 | HTTP Request: POST http://test/api/v1/ai/astar/run "HTTP/1.1 404 Not Found"
2026-08-09 12:52:58 | WARNING | app.services.astar_service:run_astar:89 | A* Search failed: Goal node 'non_existent_goal' not found in Case 1.
2026-08-09 12:52:58 | INFO | httpx._client:_send_single_request:1740 | HTTP Request: POST http://test/api/v1/ai/astar/run "HTTP/1.1 404 Not Found"
2026-08-09 12:52:59 | WARNING | app.services.astar_service:run_astar:49 | A* Search failed: Case ID 999999 not found.
2026-08-09 12:52:59 | INFO | httpx._client:_send_single_request:1740 | HTTP Request: POST http://test/api/v1/ai/astar/run "HTTP/1.1 404 Not Found"
2026-08-09 12:53:00 | INFO | app.ai.backward_chaining:evaluate_goal:268 | Backward Chaining evaluated goal='DATA_EXFILTRATION' proven=False conf=0.0000 in 0.06ms
2026-08-09 12:53:00 | INFO | app.ai.backward_chaining:evaluate_goal:268 | Backward Chaining evaluated goal='PRIVILEGE_ESCALATION' proven=False conf=0.0000 in 0.10ms
2026-08-09 12:53:00 | INFO | app.ai.backward_chaining:evaluate_goal:268 | Backward Chaining evaluated goal='LATERAL_MOVEMENT' proven=False conf=0.0000 in 0.09ms
2026-08-09 12:53:00 | INFO | app.ai.backward_chaining:evaluate_goal:268 | Backward Chaining evaluated goal='DATA_EXFILTRATION' proven=False conf=0.0000 in 0.15ms
2026-08-09 12:53:00 | INFO | app.ai.backward_chaining:evaluate_goal:268 | Backward Chaining evaluated goal='PRIVILEGE_ESCALATION' proven=False conf=0.0000 in 0.07ms
2026-08-09 12:53:00 | INFO | app.ai.backward_chaining:evaluate_goal:268 | Backward Chaining evaluated goal='LATERAL_MOVEMENT' proven=False conf=0.0000 in 0.07ms
2026-08-09 12:53:00 | INFO | httpx._client:_send_single_request:1740 | HTTP Request: GET http://test/api/v1/cases/1/attack-path "HTTP/1.1 200 OK"
2026-08-09 12:53:00 | INFO | app.ai.backward_chaining:evaluate_goal:268 | Backward Chaining evaluated goal='DATA_EXFILTRATION' proven=False conf=0.0000 in 0.04ms
2026-08-09 12:53:00 | INFO | app.ai.backward_chaining:evaluate_goal:268 | Backward Chaining evaluated goal='PRIVILEGE_ESCALATION' proven=False conf=0.0000 in 0.05ms
2026-08-09 12:53:00 | INFO | app.ai.backward_chaining:evaluate_goal:268 | Backward Chaining evaluated goal='LATERAL_MOVEMENT' proven=False conf=0.0000 in 0.08ms
2026-08-09 12:53:00 | INFO | app.ai.backward_chaining:evaluate_goal:268 | Backward Chaining evaluated goal='DATA_EXFILTRATION' proven=False conf=0.0000 in 0.06ms
2026-08-09 12:53:00 | INFO | app.ai.backward_chaining:evaluate_goal:268 | Backward Chaining evaluated goal='PRIVILEGE_ESCALATION' proven=False conf=0.0000 in 0.12ms
2026-08-09 12:53:00 | INFO | app.ai.backward_chaining:evaluate_goal:268 | Backward Chaining evaluated goal='LATERAL_MOVEMENT' proven=False conf=0.0000 in 0.04ms
2026-08-09 12:53:00 | INFO | httpx._client:_send_single_request:1740 | HTTP Request: GET http://test/api/v1/cases/1/attack-paths "HTTP/1.1 200 OK"
2026-08-09 12:53:00 | INFO | app.ai.backward_chaining:evaluate_goal:268 | Backward Chaining evaluated goal='DATA_EXFILTRATION' proven=False conf=0.0000 in 0.04ms
2026-08-09 12:53:00 | INFO | app.ai.backward_chaining:evaluate_goal:268 | Backward Chaining evaluated goal='PRIVILEGE_ESCALATION' proven=False conf=0.0000 in 0.05ms
2026-08-09 12:53:00 | INFO | app.ai.backward_chaining:evaluate_goal:268 | Backward Chaining evaluated goal='LATERAL_MOVEMENT' proven=False conf=0.0000 in 0.04ms
2026-08-09 12:53:00 | INFO | app.ai.backward_chaining:evaluate_goal:268 | Backward Chaining evaluated goal='DATA_EXFILTRATION' proven=False conf=0.0000 in 0.11ms
2026-08-09 12:53:00 | INFO | app.ai.backward_chaining:evaluate_goal:268 | Backward Chaining evaluated goal='PRIVILEGE_ESCALATION' proven=False conf=0.0000 in 0.04ms
2026-08-09 12:53:00 | INFO | app.ai.backward_chaining:evaluate_goal:268 | Backward Chaining evaluated goal='LATERAL_MOVEMENT' proven=False conf=0.0000 in 0.05ms
2026-08-09 12:53:00 | INFO | httpx._client:_send_single_request:1740 | HTTP Request: GET http://test/api/attack-path/1 "HTTP/1.1 200 OK"
2026-08-09 12:53:01 | INFO | app.ai.backward_chaining:evaluate_goal:268 | Backward Chaining evaluated goal='DATA_EXFILTRATION' proven=True conf=1.0000 in 0.01ms
2026-08-09 12:53:01 | INFO | app.ai.backward_chaining:evaluate_goal:268 | Backward Chaining evaluated goal='DATA_EXFILTRATION' proven=True conf=0.9500 in 0.05ms
2026-08-09 12:53:01 | INFO | app.ai.backward_chaining:evaluate_goal:268 | Backward Chaining evaluated goal='DATA_EXFILTRATION' proven=True conf=0.9120 in 0.05ms
2026-08-09 12:53:01 | INFO | app.ai.backward_chaining:evaluate_goal:268 | Backward Chaining evaluated goal='DATA_EXFILTRATION' proven=False conf=0.0000 in 0.04ms
2026-08-09 12:53:01 | INFO | app.ai.backward_chaining:evaluate_goal:268 | Backward Chaining evaluated goal='DATA_EXFILTRATION' proven=False conf=0.0000 in 0.03ms
2026-08-09 12:53:01 | WARNING | app.ai.backward_chaining:_prove_goal:298 | Circular rule cycle detected for goal='GOAL_A' at depth=3
2026-08-09 12:53:01 | INFO | app.ai.backward_chaining:evaluate_goal:268 | Backward Chaining evaluated goal='GOAL_A' proven=False conf=0.0000 in 0.83ms
2026-08-09 12:53:01 | INFO | app.ai.backward_chaining:evaluate_goal:268 | Backward Chaining evaluated goal='DATA_EXFILTRATION' proven=True conf=0.9500 in 0.04ms
2026-08-09 12:53:01 | INFO | app.ai.backward_chaining:evaluate_goal:268 | Backward Chaining evaluated goal='DATA_EXFILTRATION' proven=True conf=0.9000 in 0.06ms
2026-08-09 12:53:01 | INFO | app.ai.backward_chaining:evaluate_goal:268 | Backward Chaining evaluated goal='UNKNOWN_NONEXISTENT_GOAL' proven=False conf=0.0000 in 0.01ms
2026-08-09 12:53:01 | INFO | app.ai.backward_chaining:evaluate_goal:268 | Backward Chaining evaluated goal='DATA_EXFILTRATION' proven=False conf=0.0000 in 0.04ms
2026-08-09 12:53:01 | INFO | app.ai.backward_chaining:evaluate_goal:268 | Backward Chaining evaluated goal='N_0' proven=True conf=0.5987 in 0.16ms
2026-08-09 12:53:01 | WARNING | app.ai.backward_chaining:_prove_goal:291 | Backward chaining max depth limit reached at depth=11 for goal='NODE_10'
2026-08-09 12:53:01 | INFO | app.ai.backward_chaining:evaluate_goal:268 | Backward Chaining evaluated goal='NODE_0' proven=False conf=0.0000 in 0.81ms
2026-08-09 12:53:02 | INFO | app.ai.backward_chaining:evaluate_goal:268 | Backward Chaining evaluated goal='DATA_EXFILTRATION' proven=True conf=0.8361 in 0.07ms
2026-08-09 12:53:02 | INFO | httpx._client:_send_single_request:1740 | HTTP Request: POST http://test/api/v1/ai/backward-chaining/run "HTTP/1.1 200 OK"
2026-08-09 12:53:02 | INFO | app.ai.backward_chaining:evaluate_goal:268 | Backward Chaining evaluated goal='PRIVILEGE_ESCALATION' proven=False conf=0.0000 in 0.08ms
2026-08-09 12:53:02 | INFO | httpx._client:_send_single_request:1740 | HTTP Request: POST http://test/api/backward-chaining/evaluate/1?goal=PRIVILEGE_ESCALATION "HTTP/1.1 200 OK"
2026-08-09 12:53:02 | INFO | httpx._client:_send_single_request:1740 | HTTP Request: POST http://test/api/v1/ai/backward-chaining/run "HTTP/1.1 400 Bad Request"
2026-08-09 12:53:04 | INFO | httpx._client:_send_single_request:1740 | HTTP Request: POST http://test/api/cases/ "HTTP/1.1 201 Created"
2026-08-09 12:53:05 | INFO | httpx._client:_send_single_request:1740 | HTTP Request: GET http://test/api/cases/?search=Malware "HTTP/1.1 200 OK"
2026-08-09 12:53:06 | INFO | httpx._client:_send_single_request:1740 | HTTP Request: POST http://test/api/evidence/upload "HTTP/1.1 201 Created"
2026-08-09 12:53:06 | INFO | httpx._client:_send_single_request:1740 | HTTP Request: POST http://test/api/parser/parse/1 "HTTP/1.1 202 Accepted"
2026-08-09 12:53:06 | INFO | httpx._client:_send_single_request:1740 | HTTP Request: POST http://test/api/normalize/1 "HTTP/1.1 202 Accepted"
2026-08-09 12:53:07 | INFO | httpx._client:_send_single_request:1740 | HTTP Request: POST http://test/api/graph/build/1 "HTTP/1.1 202 Accepted"
2026-08-09 12:53:07 | INFO | httpx._client:_send_single_request:1740 | HTTP Request: POST http://test/api/csp/validate/1 "HTTP/1.1 202 Accepted"
2026-08-09 12:53:07 | INFO | httpx._client:_send_single_request:1740 | HTTP Request: GET http://test/api/csp/status/1 "HTTP/1.1 200 OK"
2026-08-09 12:53:07 | INFO | httpx._client:_send_single_request:1740 | HTTP Request: GET http://test/api/csp/results/1 "HTTP/1.1 200 OK"
2026-08-09 12:53:08 | INFO | httpx._client:_send_single_request:1740 | HTTP Request: GET http://test/health "HTTP/1.1 200 OK"
2026-08-09 12:53:08 | INFO | httpx._client:_send_single_request:1740 | HTTP Request: GET http://test/api/v1/cases/1 "HTTP/1.1 404 Not Found"
2026-08-09 12:53:08 | INFO | app.ai.backward_chaining:evaluate_goal:268 | Backward Chaining evaluated goal='DATA_EXFILTRATION' proven=False conf=0.0000 in 0.02ms
2026-08-09 12:53:08 | INFO | app.ai.backward_chaining:evaluate_goal:268 | Backward Chaining evaluated goal='PRIVILEGE_ESCALATION' proven=False conf=0.0000 in 0.02ms
2026-08-09 12:53:08 | INFO | app.ai.backward_chaining:evaluate_goal:268 | Backward Chaining evaluated goal='LATERAL_MOVEMENT' proven=False conf=0.0000 in 0.02ms
2026-08-09 12:53:08 | INFO | app.ai.backward_chaining:evaluate_goal:268 | Backward Chaining evaluated goal='DATA_EXFILTRATION' proven=False conf=0.0000 in 0.02ms
2026-08-09 12:53:08 | INFO | app.ai.backward_chaining:evaluate_goal:268 | Backward Chaining evaluated goal='PRIVILEGE_ESCALATION' proven=False conf=0.0000 in 0.03ms
2026-08-09 12:53:08 | INFO | app.ai.backward_chaining:evaluate_goal:268 | Backward Chaining evaluated goal='LATERAL_MOVEMENT' proven=False conf=0.0000 in 0.02ms
2026-08-09 12:53:08 | INFO | app.ai.backward_chaining:evaluate_goal:268 | Backward Chaining evaluated goal='PERSISTENCE' proven=False conf=0.0000 in 0.02ms
2026-08-09 12:53:08 | INFO | app.ai.backward_chaining:evaluate_goal:268 | Backward Chaining evaluated goal='DATA_EXFILTRATION' proven=False conf=0.0000 in 0.02ms
2026-08-09 12:53:08 | INFO | app.ai.backward_chaining:evaluate_goal:268 | Backward Chaining evaluated goal='PRIVILEGE_ESCALATION' proven=False conf=0.0000 in 0.03ms
2026-08-09 12:53:08 | INFO | app.ai.backward_chaining:evaluate_goal:268 | Backward Chaining evaluated goal='LATERAL_MOVEMENT' proven=False conf=0.0000 in 0.02ms
2026-08-09 12:53:08 | INFO | app.ai.backward_chaining:evaluate_goal:268 | Backward Chaining evaluated goal='DATA_EXFILTRATION' proven=False conf=0.0000 in 0.06ms
2026-08-09 12:53:08 | INFO | app.ai.backward_chaining:evaluate_goal:268 | Backward Chaining evaluated goal='PRIVILEGE_ESCALATION' proven=False conf=0.0000 in 0.02ms
2026-08-09 12:53:08 | INFO | app.ai.backward_chaining:evaluate_goal:268 | Backward Chaining evaluated goal='LATERAL_MOVEMENT' proven=False conf=0.0000 in 0.02ms
2026-08-09 12:53:08 | INFO | app.ai.backward_chaining:evaluate_goal:268 | Backward Chaining evaluated goal='DATA_EXFILTRATION' proven=False conf=0.0000 in 0.02ms
2026-08-09 12:53:08 | INFO | app.ai.backward_chaining:evaluate_goal:268 | Backward Chaining evaluated goal='PRIVILEGE_ESCALATION' proven=False conf=0.0000 in 0.03ms
2026-08-09 12:53:08 | INFO | app.ai.backward_chaining:evaluate_goal:268 | Backward Chaining evaluated goal='LATERAL_MOVEMENT' proven=False conf=0.0000 in 0.07ms
2026-08-09 12:53:08 | INFO | app.ai.backward_chaining:evaluate_goal:268 | Backward Chaining evaluated goal='DATA_EXFILTRATION' proven=False conf=0.0000 in 0.02ms
2026-08-09 12:53:08 | INFO | app.ai.backward_chaining:evaluate_goal:268 | Backward Chaining evaluated goal='PRIVILEGE_ESCALATION' proven=False conf=0.0000 in 0.02ms
2026-08-09 12:53:08 | INFO | app.ai.backward_chaining:evaluate_goal:268 | Backward Chaining evaluated goal='LATERAL_MOVEMENT' proven=False conf=0.0000 in 0.02ms
2026-08-09 12:53:08 | INFO | app.ai.backward_chaining:evaluate_goal:268 | Backward Chaining evaluated goal='PERSISTENCE' proven=False conf=0.0000 in 0.02ms
2026-08-09 12:53:08 | INFO | app.ai.backward_chaining:evaluate_goal:268 | Backward Chaining evaluated goal='DATA_EXFILTRATION' proven=False conf=0.0000 in 0.02ms
2026-08-09 12:53:08 | INFO | app.ai.backward_chaining:evaluate_goal:268 | Backward Chaining evaluated goal='PRIVILEGE_ESCALATION' proven=False conf=0.0000 in 0.02ms
2026-08-09 12:53:08 | INFO | app.ai.backward_chaining:evaluate_goal:268 | Backward Chaining evaluated goal='LATERAL_MOVEMENT' proven=False conf=0.0000 in 0.02ms
2026-08-09 12:53:08 | INFO | app.ai.backward_chaining:evaluate_goal:268 | Backward Chaining evaluated goal='DATA_EXFILTRATION' proven=False conf=0.0000 in 0.02ms
2026-08-09 12:53:08 | INFO | app.ai.backward_chaining:evaluate_goal:268 | Backward Chaining evaluated goal='PRIVILEGE_ESCALATION' proven=False conf=0.0000 in 0.02ms
2026-08-09 12:53:08 | INFO | app.ai.backward_chaining:evaluate_goal:268 | Backward Chaining evaluated goal='LATERAL_MOVEMENT' proven=False conf=0.0000 in 0.02ms
2026-08-09 12:53:08 | INFO | app.ai.backward_chaining:evaluate_goal:268 | Backward Chaining evaluated goal='DATA_EXFILTRATION' proven=False conf=0.0000 in 0.03ms
2026-08-09 12:53:08 | INFO | app.ai.backward_chaining:evaluate_goal:268 | Backward Chaining evaluated goal='PRIVILEGE_ESCALATION' proven=False conf=0.0000 in 0.02ms
2026-08-09 12:53:08 | INFO | app.ai.backward_chaining:evaluate_goal:268 | Backward Chaining evaluated goal='LATERAL_MOVEMENT' proven=False conf=0.0000 in 0.05ms
2026-08-09 12:53:08 | INFO | app.ai.backward_chaining:evaluate_goal:268 | Backward Chaining evaluated goal='DATA_EXFILTRATION' proven=False conf=0.0000 in 0.02ms
2026-08-09 12:53:08 | INFO | app.ai.backward_chaining:evaluate_goal:268 | Backward Chaining evaluated goal='PRIVILEGE_ESCALATION' proven=False conf=0.0000 in 0.03ms
2026-08-09 12:53:08 | INFO | app.ai.backward_chaining:evaluate_goal:268 | Backward Chaining evaluated goal='LATERAL_MOVEMENT' proven=False conf=0.0000 in 0.02ms
2026-08-09 12:53:08 | INFO | app.ai.backward_chaining:evaluate_goal:268 | Backward Chaining evaluated goal='PERSISTENCE' proven=False conf=0.0000 in 0.04ms
2026-08-09 12:53:08 | INFO | app.ai.backward_chaining:evaluate_goal:268 | Backward Chaining evaluated goal='DATA_EXFILTRATION' proven=False conf=0.0000 in 0.04ms
2026-08-09 12:53:08 | INFO | app.ai.backward_chaining:evaluate_goal:268 | Backward Chaining evaluated goal='PRIVILEGE_ESCALATION' proven=False conf=0.0000 in 0.04ms
2026-08-09 12:53:08 | INFO | app.ai.backward_chaining:evaluate_goal:268 | Backward Chaining evaluated goal='LATERAL_MOVEMENT' proven=False conf=0.0000 in 0.03ms
2026-08-09 12:53:08 | INFO | app.ai.backward_chaining:evaluate_goal:268 | Backward Chaining evaluated goal='DATA_EXFILTRATION' proven=False conf=0.0000 in 0.02ms
2026-08-09 12:53:08 | INFO | app.ai.backward_chaining:evaluate_goal:268 | Backward Chaining evaluated goal='PRIVILEGE_ESCALATION' proven=False conf=0.0000 in 0.03ms
2026-08-09 12:53:08 | INFO | app.ai.backward_chaining:evaluate_goal:268 | Backward Chaining evaluated goal='LATERAL_MOVEMENT' proven=False conf=0.0000 in 0.02ms
2026-08-09 12:53:08 | INFO | app.ai.backward_chaining:evaluate_goal:268 | Backward Chaining evaluated goal='DATA_EXFILTRATION' proven=False conf=0.0000 in 0.02ms
2026-08-09 12:53:08 | INFO | app.ai.backward_chaining:evaluate_goal:268 | Backward Chaining evaluated goal='PRIVILEGE_ESCALATION' proven=False conf=0.0000 in 0.03ms
2026-08-09 12:53:08 | INFO | app.ai.backward_chaining:evaluate_goal:268 | Backward Chaining evaluated goal='LATERAL_MOVEMENT' proven=False conf=0.0000 in 0.02ms
2026-08-09 12:53:08 | INFO | app.ai.backward_chaining:evaluate_goal:268 | Backward Chaining evaluated goal='DATA_EXFILTRATION' proven=False conf=0.0000 in 0.02ms
2026-08-09 12:53:08 | INFO | app.ai.backward_chaining:evaluate_goal:268 | Backward Chaining evaluated goal='PRIVILEGE_ESCALATION' proven=False conf=0.0000 in 0.08ms
2026-08-09 12:53:08 | INFO | app.ai.backward_chaining:evaluate_goal:268 | Backward Chaining evaluated goal='LATERAL_MOVEMENT' proven=False conf=0.0000 in 0.03ms
2026-08-09 12:53:08 | INFO | app.ai.backward_chaining:evaluate_goal:268 | Backward Chaining evaluated goal='PERSISTENCE' proven=False conf=0.0000 in 0.02ms
2026-08-09 12:53:08 | INFO | app.ai.backward_chaining:evaluate_goal:268 | Backward Chaining evaluated goal='DATA_EXFILTRATION' proven=False conf=0.0000 in 0.02ms
2026-08-09 12:53:08 | INFO | app.ai.backward_chaining:evaluate_goal:268 | Backward Chaining evaluated goal='PRIVILEGE_ESCALATION' proven=False conf=0.0000 in 0.02ms
2026-08-09 12:53:08 | INFO | app.ai.backward_chaining:evaluate_goal:268 | Backward Chaining evaluated goal='LATERAL_MOVEMENT' proven=False conf=0.0000 in 0.02ms
2026-08-09 12:53:09 | INFO | app.ai.backward_chaining:evaluate_goal:268 | Backward Chaining evaluated goal='DATA_EXFILTRATION' proven=False conf=0.0000 in 0.03ms
2026-08-09 12:53:09 | INFO | app.ai.backward_chaining:evaluate_goal:268 | Backward Chaining evaluated goal='PRIVILEGE_ESCALATION' proven=False conf=0.0000 in 0.04ms
2026-08-09 12:53:09 | INFO | app.ai.backward_chaining:evaluate_goal:268 | Backward Chaining evaluated goal='LATERAL_MOVEMENT' proven=False conf=0.0000 in 0.03ms
2026-08-09 12:53:09 | INFO | httpx._client:_send_single_request:1740 | HTTP Request: POST http://test/api/v1/cases/1/reports "HTTP/1.1 201 Created"
2026-08-09 12:53:09 | INFO | httpx._client:_send_single_request:1740 | HTTP Request: GET http://test/api/v1/cases/1/reports/0fb240bb-c93b-4337-9229-43f3191eb74b/download "HTTP/1.1 200 OK"
2026-08-09 12:53:09 | INFO | app.ai.backward_chaining:evaluate_goal:268 | Backward Chaining evaluated goal='DATA_EXFILTRATION' proven=False conf=0.0000 in 0.02ms
2026-08-09 12:53:09 | INFO | app.ai.backward_chaining:evaluate_goal:268 | Backward Chaining evaluated goal='PRIVILEGE_ESCALATION' proven=False conf=0.0000 in 0.02ms
2026-08-09 12:53:09 | INFO | app.ai.backward_chaining:evaluate_goal:268 | Backward Chaining evaluated goal='LATERAL_MOVEMENT' proven=False conf=0.0000 in 0.02ms
2026-08-09 12:53:09 | INFO | app.ai.backward_chaining:evaluate_goal:268 | Backward Chaining evaluated goal='DATA_EXFILTRATION' proven=False conf=0.0000 in 0.03ms
2026-08-09 12:53:09 | INFO | app.ai.backward_chaining:evaluate_goal:268 | Backward Chaining evaluated goal='PRIVILEGE_ESCALATION' proven=False conf=0.0000 in 0.03ms
2026-08-09 12:53:09 | INFO | app.ai.backward_chaining:evaluate_goal:268 | Backward Chaining evaluated goal='LATERAL_MOVEMENT' proven=False conf=0.0000 in 0.02ms
2026-08-09 12:53:09 | INFO | app.ai.backward_chaining:evaluate_goal:268 | Backward Chaining evaluated goal='PERSISTENCE' proven=False conf=0.0000 in 0.02ms
2026-08-09 12:53:09 | INFO | app.ai.backward_chaining:evaluate_goal:268 | Backward Chaining evaluated goal='DATA_EXFILTRATION' proven=False conf=0.0000 in 0.03ms
2026-08-09 12:53:09 | INFO | app.ai.backward_chaining:evaluate_goal:268 | Backward Chaining evaluated goal='PRIVILEGE_ESCALATION' proven=False conf=0.0000 in 0.03ms
2026-08-09 12:53:09 | INFO | app.ai.backward_chaining:evaluate_goal:268 | Backward Chaining evaluated goal='LATERAL_MOVEMENT' proven=False conf=0.0000 in 0.02ms
2026-08-09 12:53:09 | INFO | app.ai.backward_chaining:evaluate_goal:268 | Backward Chaining evaluated goal='DATA_EXFILTRATION' proven=False conf=0.0000 in 0.02ms
2026-08-09 12:53:09 | INFO | app.ai.backward_chaining:evaluate_goal:268 | Backward Chaining evaluated goal='PRIVILEGE_ESCALATION' proven=False conf=0.0000 in 0.03ms
2026-08-09 12:53:09 | INFO | app.ai.backward_chaining:evaluate_goal:268 | Backward Chaining evaluated goal='LATERAL_MOVEMENT' proven=False conf=0.0000 in 0.02ms
2026-08-09 12:53:09 | INFO | app.ai.backward_chaining:evaluate_goal:268 | Backward Chaining evaluated goal='DATA_EXFILTRATION' proven=False conf=0.0000 in 0.02ms
2026-08-09 12:53:09 | INFO | app.ai.backward_chaining:evaluate_goal:268 | Backward Chaining evaluated goal='PRIVILEGE_ESCALATION' proven=False conf=0.0000 in 0.02ms
2026-08-09 12:53:09 | INFO | app.ai.backward_chaining:evaluate_goal:268 | Backward Chaining evaluated goal='LATERAL_MOVEMENT' proven=False conf=0.0000 in 0.02ms
2026-08-09 12:53:09 | INFO | app.ai.backward_chaining:evaluate_goal:268 | Backward Chaining evaluated goal='DATA_EXFILTRATION' proven=False conf=0.0000 in 0.02ms
2026-08-09 12:53:09 | INFO | app.ai.backward_chaining:evaluate_goal:268 | Backward Chaining evaluated goal='PRIVILEGE_ESCALATION' proven=False conf=0.0000 in 0.08ms
2026-08-09 12:53:09 | INFO | app.ai.backward_chaining:evaluate_goal:268 | Backward Chaining evaluated goal='LATERAL_MOVEMENT' proven=False conf=0.0000 in 0.02ms
2026-08-09 12:53:09 | INFO | app.ai.backward_chaining:evaluate_goal:268 | Backward Chaining evaluated goal='PERSISTENCE' proven=False conf=0.0000 in 0.02ms
2026-08-09 12:53:09 | INFO | app.ai.backward_chaining:evaluate_goal:268 | Backward Chaining evaluated goal='DATA_EXFILTRATION' proven=False conf=0.0000 in 0.02ms
2026-08-09 12:53:09 | INFO | app.ai.backward_chaining:evaluate_goal:268 | Backward Chaining evaluated goal='PRIVILEGE_ESCALATION' proven=False conf=0.0000 in 0.03ms
2026-08-09 12:53:09 | INFO | app.ai.backward_chaining:evaluate_goal:268 | Backward Chaining evaluated goal='LATERAL_MOVEMENT' proven=False conf=0.0000 in 0.02ms
2026-08-09 12:53:09 | INFO | app.ai.backward_chaining:evaluate_goal:268 | Backward Chaining evaluated goal='DATA_EXFILTRATION' proven=False conf=0.0000 in 0.02ms
2026-08-09 12:53:09 | INFO | app.ai.backward_chaining:evaluate_goal:268 | Backward Chaining evaluated goal='PRIVILEGE_ESCALATION' proven=False conf=0.0000 in 0.02ms
2026-08-09 12:53:09 | INFO | app.ai.backward_chaining:evaluate_goal:268 | Backward Chaining evaluated goal='LATERAL_MOVEMENT' proven=False conf=0.0000 in 0.02ms
2026-08-09 12:53:09 | INFO | httpx._client:_send_single_request:1740 | HTTP Request: POST http://test/api/v1/cases/1/reports "HTTP/1.1 201 Created"
2026-08-09 12:53:09 | INFO | httpx._client:_send_single_request:1740 | HTTP Request: GET http://test/api/v1/cases/1/reports/8f8a909b-472e-48dd-9b17-8ce1548618a4/download "HTTP/1.1 200 OK"
2026-08-09 12:53:11 | INFO | app.ai.backward_chaining:evaluate_goal:268 | Backward Chaining evaluated goal='DATA_EXFILTRATION' proven=False conf=0.0000 in 0.05ms
2026-08-09 12:53:11 | INFO | app.ai.backward_chaining:evaluate_goal:268 | Backward Chaining evaluated goal='PRIVILEGE_ESCALATION' proven=False conf=0.0000 in 0.03ms
2026-08-09 12:53:11 | INFO | app.ai.backward_chaining:evaluate_goal:268 | Backward Chaining evaluated goal='LATERAL_MOVEMENT' proven=False conf=0.0000 in 0.03ms
2026-08-09 12:53:11 | INFO | app.ai.backward_chaining:evaluate_goal:268 | Backward Chaining evaluated goal='PERSISTENCE' proven=False conf=0.0000 in 0.03ms
2026-08-09 12:53:11 | INFO | app.ai.backward_chaining:evaluate_goal:268 | Backward Chaining evaluated goal='DATA_EXFILTRATION' proven=False conf=0.0000 in 0.04ms
2026-08-09 12:53:11 | INFO | app.ai.backward_chaining:evaluate_goal:268 | Backward Chaining evaluated goal='PRIVILEGE_ESCALATION' proven=False conf=0.0000 in 0.03ms
2026-08-09 12:53:11 | INFO | app.ai.backward_chaining:evaluate_goal:268 | Backward Chaining evaluated goal='LATERAL_MOVEMENT' proven=False conf=0.0000 in 0.03ms
2026-08-09 12:53:11 | INFO | app.ai.backward_chaining:evaluate_goal:268 | Backward Chaining evaluated goal='PERSISTENCE' proven=False conf=0.0000 in 0.02ms
2026-08-09 12:53:11 | INFO | app.ai.backward_chaining:evaluate_goal:268 | Backward Chaining evaluated goal='DATA_EXFILTRATION' proven=False conf=0.0000 in 0.03ms
2026-08-09 12:53:11 | INFO | app.ai.backward_chaining:evaluate_goal:268 | Backward Chaining evaluated goal='PRIVILEGE_ESCALATION' proven=False conf=0.0000 in 0.04ms
2026-08-09 12:53:11 | INFO | app.ai.backward_chaining:evaluate_goal:268 | Backward Chaining evaluated goal='LATERAL_MOVEMENT' proven=False conf=0.0000 in 0.03ms
2026-08-09 12:53:11 | INFO | app.ai.backward_chaining:evaluate_goal:268 | Backward Chaining evaluated goal='PERSISTENCE' proven=False conf=0.0000 in 0.02ms
2026-08-09 12:53:12 | INFO | httpx._client:_send_single_request:1740 | HTTP Request: GET http://test/api/v1/cases/1/reports/history "HTTP/1.1 401 Unauthorized"
2026-08-09 12:53:12 | INFO | httpx._client:_send_single_request:1740 | HTTP Request: GET http://test/api/v1/cases/1/reports/history "HTTP/1.1 401 Unauthorized"
2026-08-09 12:53:13 | INFO | app.ai.backward_chaining:evaluate_goal:268 | Backward Chaining evaluated goal='DATA_EXFILTRATION' proven=False conf=0.0000 in 0.03ms
2026-08-09 12:53:13 | INFO | app.ai.backward_chaining:evaluate_goal:268 | Backward Chaining evaluated goal='PRIVILEGE_ESCALATION' proven=False conf=0.0000 in 0.03ms
2026-08-09 12:53:13 | INFO | app.ai.backward_chaining:evaluate_goal:268 | Backward Chaining evaluated goal='LATERAL_MOVEMENT' proven=False conf=0.0000 in 0.02ms
2026-08-09 12:53:13 | INFO | app.ai.backward_chaining:evaluate_goal:268 | Backward Chaining evaluated goal='DATA_EXFILTRATION' proven=False conf=0.0000 in 0.03ms
2026-08-09 12:53:13 | INFO | app.ai.backward_chaining:evaluate_goal:268 | Backward Chaining evaluated goal='PRIVILEGE_ESCALATION' proven=False conf=0.0000 in 0.05ms
2026-08-09 12:53:13 | INFO | app.ai.backward_chaining:evaluate_goal:268 | Backward Chaining evaluated goal='LATERAL_MOVEMENT' proven=False conf=0.0000 in 0.03ms
2026-08-09 12:53:13 | INFO | app.ai.backward_chaining:evaluate_goal:268 | Backward Chaining evaluated goal='PERSISTENCE' proven=False conf=0.0000 in 0.02ms
2026-08-09 12:53:14 | INFO | app.ai.backward_chaining:evaluate_goal:268 | Backward Chaining evaluated goal='DATA_EXFILTRATION' proven=False conf=0.0000 in 0.02ms
2026-08-09 12:53:14 | INFO | app.ai.backward_chaining:evaluate_goal:268 | Backward Chaining evaluated goal='PRIVILEGE_ESCALATION' proven=False conf=0.0000 in 0.03ms
2026-08-09 12:53:14 | INFO | app.ai.backward_chaining:evaluate_goal:268 | Backward Chaining evaluated goal='LATERAL_MOVEMENT' proven=False conf=0.0000 in 0.02ms
2026-08-09 12:53:14 | INFO | app.ai.backward_chaining:evaluate_goal:268 | Backward Chaining evaluated goal='DATA_EXFILTRATION' proven=False conf=0.0000 in 0.02ms
2026-08-09 12:53:14 | INFO | app.ai.backward_chaining:evaluate_goal:268 | Backward Chaining evaluated goal='PRIVILEGE_ESCALATION' proven=False conf=0.0000 in 0.03ms
2026-08-09 12:53:14 | INFO | app.ai.backward_chaining:evaluate_goal:268 | Backward Chaining evaluated goal='LATERAL_MOVEMENT' proven=False conf=0.0000 in 0.02ms
2026-08-09 12:53:14 | INFO | httpx._client:_send_single_request:1740 | HTTP Request: POST http://test/api/evidence/upload "HTTP/1.1 201 Created"
2026-08-09 12:53:15 | INFO | httpx._client:_send_single_request:1740 | HTTP Request: POST http://test/api/evidence/upload "HTTP/1.1 400 Bad Request"
2026-08-09 12:53:16 | INFO | httpx._client:_send_single_request:1740 | HTTP Request: POST http://test/api/evidence/upload "HTTP/1.1 201 Created"
2026-08-09 12:53:16 | INFO | httpx._client:_send_single_request:1740 | HTTP Request: POST http://test/api/evidence/upload "HTTP/1.1 409 Conflict"
2026-08-09 12:53:17 | INFO | app.services.forward_chaining_service:run_forward_chaining:135 | Running Forward Chaining for Case ID 1 with 6 initial fact(s).
2026-08-09 12:53:17 | INFO | app.services.forward_chaining_service:run_forward_chaining:151 | Forward Chaining completed for Case ID 1 | Fired Rules: 2 | Derived Facts: 4 | Time: 0.050 ms
2026-08-09 12:53:17 | INFO | httpx._client:_send_single_request:1740 | HTTP Request: POST http://test/api/v1/ai/forward-chaining/run "HTTP/1.1 200 OK"
2026-08-09 12:53:17 | WARNING | app.services.forward_chaining_service:run_forward_chaining:49 | Forward Chaining failed: Case ID 999999 not found.
2026-08-09 12:53:17 | INFO | httpx._client:_send_single_request:1740 | HTTP Request: POST http://test/api/v1/ai/forward-chaining/run "HTTP/1.1 404 Not Found"
2026-08-09 12:53:18 | INFO | httpx._client:_send_single_request:1740 | HTTP Request: POST http://test/api/evidence/upload "HTTP/1.1 201 Created"
2026-08-09 12:53:18 | INFO | httpx._client:_send_single_request:1740 | HTTP Request: POST http://test/api/parser/parse/1 "HTTP/1.1 202 Accepted"
2026-08-09 12:53:19 | INFO | httpx._client:_send_single_request:1740 | HTTP Request: POST http://test/api/normalize/1 "HTTP/1.1 202 Accepted"
2026-08-09 12:53:19 | INFO | httpx._client:_send_single_request:1740 | HTTP Request: POST http://test/api/graph/build/1 "HTTP/1.1 202 Accepted"
2026-08-09 12:53:19 | INFO | httpx._client:_send_single_request:1740 | HTTP Request: GET http://test/api/graph/1 "HTTP/1.1 200 OK"
2026-08-09 12:53:19 | INFO | httpx._client:_send_single_request:1740 | HTTP Request: GET http://test/api/graph/statistics/1 "HTTP/1.1 200 OK"
2026-08-09 12:53:20 | INFO | app.ai.backward_chaining:evaluate_goal:268 | Backward Chaining evaluated goal='DATA_EXFILTRATION' proven=False conf=0.0000 in 0.02ms
2026-08-09 12:53:20 | INFO | app.ai.backward_chaining:evaluate_goal:268 | Backward Chaining evaluated goal='PRIVILEGE_ESCALATION' proven=False conf=0.0000 in 0.03ms
2026-08-09 12:53:20 | INFO | app.ai.backward_chaining:evaluate_goal:268 | Backward Chaining evaluated goal='LATERAL_MOVEMENT' proven=False conf=0.0000 in 0.02ms
2026-08-09 12:53:20 | INFO | app.ai.backward_chaining:evaluate_goal:268 | Backward Chaining evaluated goal='DATA_EXFILTRATION' proven=False conf=0.0000 in 0.03ms
2026-08-09 12:53:20 | INFO | app.ai.backward_chaining:evaluate_goal:268 | Backward Chaining evaluated goal='PRIVILEGE_ESCALATION' proven=False conf=0.0000 in 0.05ms
2026-08-09 12:53:20 | INFO | app.ai.backward_chaining:evaluate_goal:268 | Backward Chaining evaluated goal='LATERAL_MOVEMENT' proven=False conf=0.0000 in 0.04ms
2026-08-09 12:53:20 | INFO | app.ai.backward_chaining:evaluate_goal:268 | Backward Chaining evaluated goal='PERSISTENCE' proven=False conf=0.0000 in 0.03ms
2026-08-09 12:53:20 | INFO | app.ai.backward_chaining:evaluate_goal:268 | Backward Chaining evaluated goal='DATA_EXFILTRATION' proven=False conf=0.0000 in 0.04ms
2026-08-09 12:53:20 | INFO | app.ai.backward_chaining:evaluate_goal:268 | Backward Chaining evaluated goal='PRIVILEGE_ESCALATION' proven=False conf=0.0000 in 0.04ms
2026-08-09 12:53:20 | INFO | app.ai.backward_chaining:evaluate_goal:268 | Backward Chaining evaluated goal='LATERAL_MOVEMENT' proven=False conf=0.0000 in 0.03ms
2026-08-09 12:53:20 | INFO | app.ai.backward_chaining:evaluate_goal:268 | Backward Chaining evaluated goal='DATA_EXFILTRATION' proven=False conf=0.0000 in 0.03ms
2026-08-09 12:53:20 | INFO | app.ai.backward_chaining:evaluate_goal:268 | Backward Chaining evaluated goal='PRIVILEGE_ESCALATION' proven=False conf=0.0000 in 0.03ms
2026-08-09 12:53:20 | INFO | app.ai.backward_chaining:evaluate_goal:268 | Backward Chaining evaluated goal='LATERAL_MOVEMENT' proven=False conf=0.0000 in 0.03ms
2026-08-09 12:53:20 | INFO | httpx._client:_send_single_request:1740 | HTTP Request: GET http://test/api/v1/cases/1/investigation-summary "HTTP/1.1 200 OK"
2026-08-09 12:53:20 | INFO | app.ai.backward_chaining:evaluate_goal:268 | Backward Chaining evaluated goal='DATA_EXFILTRATION' proven=False conf=0.0000 in 0.03ms
2026-08-09 12:53:20 | INFO | app.ai.backward_chaining:evaluate_goal:268 | Backward Chaining evaluated goal='PRIVILEGE_ESCALATION' proven=False conf=0.0000 in 0.03ms
2026-08-09 12:53:20 | INFO | app.ai.backward_chaining:evaluate_goal:268 | Backward Chaining evaluated goal='LATERAL_MOVEMENT' proven=False conf=0.0000 in 0.03ms
2026-08-09 12:53:20 | INFO | app.ai.backward_chaining:evaluate_goal:268 | Backward Chaining evaluated goal='DATA_EXFILTRATION' proven=False conf=0.0000 in 0.02ms
2026-08-09 12:53:20 | INFO | app.ai.backward_chaining:evaluate_goal:268 | Backward Chaining evaluated goal='PRIVILEGE_ESCALATION' proven=False conf=0.0000 in 0.04ms
2026-08-09 12:53:20 | INFO | app.ai.backward_chaining:evaluate_goal:268 | Backward Chaining evaluated goal='LATERAL_MOVEMENT' proven=False conf=0.0000 in 0.03ms
2026-08-09 12:53:20 | INFO | app.ai.backward_chaining:evaluate_goal:268 | Backward Chaining evaluated goal='PERSISTENCE' proven=False conf=0.0000 in 0.02ms
2026-08-09 12:53:20 | INFO | app.ai.backward_chaining:evaluate_goal:268 | Backward Chaining evaluated goal='DATA_EXFILTRATION' proven=False conf=0.0000 in 0.03ms
2026-08-09 12:53:20 | INFO | app.ai.backward_chaining:evaluate_goal:268 | Backward Chaining evaluated goal='PRIVILEGE_ESCALATION' proven=False conf=0.0000 in 0.06ms
2026-08-09 12:53:20 | INFO | app.ai.backward_chaining:evaluate_goal:268 | Backward Chaining evaluated goal='LATERAL_MOVEMENT' proven=False conf=0.0000 in 0.04ms
2026-08-09 12:53:20 | INFO | app.ai.backward_chaining:evaluate_goal:268 | Backward Chaining evaluated goal='DATA_EXFILTRATION' proven=False conf=0.0000 in 0.02ms
2026-08-09 12:53:20 | INFO | app.ai.backward_chaining:evaluate_goal:268 | Backward Chaining evaluated goal='PRIVILEGE_ESCALATION' proven=False conf=0.0000 in 0.03ms
2026-08-09 12:53:20 | INFO | app.ai.backward_chaining:evaluate_goal:268 | Backward Chaining evaluated goal='LATERAL_MOVEMENT' proven=False conf=0.0000 in 0.03ms
2026-08-09 12:53:20 | INFO | httpx._client:_send_single_request:1740 | HTTP Request: GET http://test/api/investigation-summary/1 "HTTP/1.1 200 OK"
2026-08-09 12:53:21 | INFO | httpx._client:_send_single_request:1740 | HTTP Request: POST http://test/api/evidence/upload "HTTP/1.1 201 Created"
2026-08-09 12:53:21 | INFO | httpx._client:_send_single_request:1740 | HTTP Request: POST http://test/api/parser/parse/1 "HTTP/1.1 202 Accepted"
2026-08-09 12:53:21 | INFO | httpx._client:_send_single_request:1740 | HTTP Request: POST http://test/api/normalize/1 "HTTP/1.1 202 Accepted"
2026-08-09 12:53:21 | INFO | httpx._client:_send_single_request:1740 | HTTP Request: GET http://test/api/normalized-events/1 "HTTP/1.1 200 OK"
2026-08-09 12:53:22 | INFO | httpx._client:_send_single_request:1740 | HTTP Request: POST http://test/api/evidence/upload "HTTP/1.1 201 Created"
2026-08-09 12:53:22 | INFO | httpx._client:_send_single_request:1740 | HTTP Request: POST http://test/api/parser/parse/1 "HTTP/1.1 202 Accepted"
2026-08-09 12:53:22 | INFO | httpx._client:_send_single_request:1740 | HTTP Request: GET http://test/api/parser/events/case/1 "HTTP/1.1 200 OK"
2026-08-09 12:53:23 | INFO | app.ai.backward_chaining:evaluate_goal:268 | Backward Chaining evaluated goal='DATA_EXFILTRATION' proven=False conf=0.0000 in 0.06ms
2026-08-09 12:53:23 | INFO | app.ai.backward_chaining:evaluate_goal:268 | Backward Chaining evaluated goal='PRIVILEGE_ESCALATION' proven=False conf=0.0000 in 0.03ms
2026-08-09 12:53:23 | INFO | app.ai.backward_chaining:evaluate_goal:268 | Backward Chaining evaluated goal='LATERAL_MOVEMENT' proven=False conf=0.0000 in 0.03ms
2026-08-09 12:53:23 | INFO | app.ai.backward_chaining:evaluate_goal:268 | Backward Chaining evaluated goal='DATA_EXFILTRATION' proven=False conf=0.0000 in 0.02ms
2026-08-09 12:53:23 | INFO | app.ai.backward_chaining:evaluate_goal:268 | Backward Chaining evaluated goal='PRIVILEGE_ESCALATION' proven=False conf=0.0000 in 0.03ms
2026-08-09 12:53:23 | INFO | app.ai.backward_chaining:evaluate_goal:268 | Backward Chaining evaluated goal='LATERAL_MOVEMENT' proven=False conf=0.0000 in 0.03ms
2026-08-09 12:53:23 | INFO | app.ai.backward_chaining:evaluate_goal:268 | Backward Chaining evaluated goal='PERSISTENCE' proven=False conf=0.0000 in 0.02ms
2026-08-09 12:53:23 | INFO | app.ai.backward_chaining:evaluate_goal:268 | Backward Chaining evaluated goal='DATA_EXFILTRATION' proven=False conf=0.0000 in 0.04ms
2026-08-09 12:53:23 | INFO | app.ai.backward_chaining:evaluate_goal:268 | Backward Chaining evaluated goal='PRIVILEGE_ESCALATION' proven=False conf=0.0000 in 0.03ms
2026-08-09 12:53:23 | INFO | app.ai.backward_chaining:evaluate_goal:268 | Backward Chaining evaluated goal='LATERAL_MOVEMENT' proven=False conf=0.0000 in 0.03ms
2026-08-09 12:53:23 | INFO | app.ai.backward_chaining:evaluate_goal:268 | Backward Chaining evaluated goal='DATA_EXFILTRATION' proven=False conf=0.0000 in 0.02ms
2026-08-09 12:53:23 | INFO | app.ai.backward_chaining:evaluate_goal:268 | Backward Chaining evaluated goal='PRIVILEGE_ESCALATION' proven=False conf=0.0000 in 0.03ms
2026-08-09 12:53:23 | INFO | app.ai.backward_chaining:evaluate_goal:268 | Backward Chaining evaluated goal='LATERAL_MOVEMENT' proven=False conf=0.0000 in 0.04ms
2026-08-09 12:53:23 | INFO | app.ai.backward_chaining:evaluate_goal:268 | Backward Chaining evaluated goal='DATA_EXFILTRATION' proven=False conf=0.0000 in 0.02ms
2026-08-09 12:53:23 | INFO | app.ai.backward_chaining:evaluate_goal:268 | Backward Chaining evaluated goal='PRIVILEGE_ESCALATION' proven=False conf=0.0000 in 0.04ms
2026-08-09 12:53:23 | INFO | app.ai.backward_chaining:evaluate_goal:268 | Backward Chaining evaluated goal='LATERAL_MOVEMENT' proven=False conf=0.0000 in 0.02ms
2026-08-09 12:53:23 | INFO | app.ai.backward_chaining:evaluate_goal:268 | Backward Chaining evaluated goal='DATA_EXFILTRATION' proven=False conf=0.0000 in 0.02ms
2026-08-09 12:53:23 | INFO | app.ai.backward_chaining:evaluate_goal:268 | Backward Chaining evaluated goal='PRIVILEGE_ESCALATION' proven=False conf=0.0000 in 0.04ms
2026-08-09 12:53:23 | INFO | app.ai.backward_chaining:evaluate_goal:268 | Backward Chaining evaluated goal='LATERAL_MOVEMENT' proven=False conf=0.0000 in 0.03ms
2026-08-09 12:53:23 | INFO | app.ai.backward_chaining:evaluate_goal:268 | Backward Chaining evaluated goal='PERSISTENCE' proven=False conf=0.0000 in 0.02ms
2026-08-09 12:53:23 | INFO | app.ai.backward_chaining:evaluate_goal:268 | Backward Chaining evaluated goal='DATA_EXFILTRATION' proven=False conf=0.0000 in 0.02ms
2026-08-09 12:53:23 | INFO | app.ai.backward_chaining:evaluate_goal:268 | Backward Chaining evaluated goal='PRIVILEGE_ESCALATION' proven=False conf=0.0000 in 0.03ms
2026-08-09 12:53:23 | INFO | app.ai.backward_chaining:evaluate_goal:268 | Backward Chaining evaluated goal='LATERAL_MOVEMENT' proven=False conf=0.0000 in 0.02ms
2026-08-09 12:53:23 | INFO | app.ai.backward_chaining:evaluate_goal:268 | Backward Chaining evaluated goal='DATA_EXFILTRATION' proven=False conf=0.0000 in 0.03ms
2026-08-09 12:53:23 | INFO | app.ai.backward_chaining:evaluate_goal:268 | Backward Chaining evaluated goal='PRIVILEGE_ESCALATION' proven=False conf=0.0000 in 0.03ms
2026-08-09 12:53:23 | INFO | app.ai.backward_chaining:evaluate_goal:268 | Backward Chaining evaluated goal='LATERAL_MOVEMENT' proven=False conf=0.0000 in 0.02ms
2026-08-09 12:53:23 | INFO | app.ai.backward_chaining:evaluate_goal:268 | Backward Chaining evaluated goal='DATA_EXFILTRATION' proven=False conf=0.0000 in 0.02ms
2026-08-09 12:53:23 | INFO | app.ai.backward_chaining:evaluate_goal:268 | Backward Chaining evaluated goal='PRIVILEGE_ESCALATION' proven=False conf=0.0000 in 0.03ms
2026-08-09 12:53:23 | INFO | app.ai.backward_chaining:evaluate_goal:268 | Backward Chaining evaluated goal='LATERAL_MOVEMENT' proven=False conf=0.0000 in 0.04ms
2026-08-09 12:53:23 | INFO | app.ai.backward_chaining:evaluate_goal:268 | Backward Chaining evaluated goal='DATA_EXFILTRATION' proven=False conf=0.0000 in 0.02ms
2026-08-09 12:53:23 | INFO | app.ai.backward_chaining:evaluate_goal:268 | Backward Chaining evaluated goal='PRIVILEGE_ESCALATION' proven=False conf=0.0000 in 0.03ms
2026-08-09 12:53:23 | INFO | app.ai.backward_chaining:evaluate_goal:268 | Backward Chaining evaluated goal='LATERAL_MOVEMENT' proven=False conf=0.0000 in 0.07ms
2026-08-09 12:53:23 | INFO | app.ai.backward_chaining:evaluate_goal:268 | Backward Chaining evaluated goal='PERSISTENCE' proven=False conf=0.0000 in 0.02ms
2026-08-09 12:53:23 | INFO | app.ai.backward_chaining:evaluate_goal:268 | Backward Chaining evaluated goal='DATA_EXFILTRATION' proven=False conf=0.0000 in 0.02ms
2026-08-09 12:53:23 | INFO | app.ai.backward_chaining:evaluate_goal:268 | Backward Chaining evaluated goal='PRIVILEGE_ESCALATION' proven=False conf=0.0000 in 0.03ms
2026-08-09 12:53:23 | INFO | app.ai.backward_chaining:evaluate_goal:268 | Backward Chaining evaluated goal='LATERAL_MOVEMENT' proven=False conf=0.0000 in 0.02ms
2026-08-09 12:53:23 | INFO | app.ai.backward_chaining:evaluate_goal:268 | Backward Chaining evaluated goal='DATA_EXFILTRATION' proven=False conf=0.0000 in 0.02ms
2026-08-09 12:53:23 | INFO | app.ai.backward_chaining:evaluate_goal:268 | Backward Chaining evaluated goal='PRIVILEGE_ESCALATION' proven=False conf=0.0000 in 0.02ms
2026-08-09 12:53:23 | INFO | app.ai.backward_chaining:evaluate_goal:268 | Backward Chaining evaluated goal='LATERAL_MOVEMENT' proven=False conf=0.0000 in 0.02ms
2026-08-09 12:53:23 | INFO | app.ai.backward_chaining:evaluate_goal:268 | Backward Chaining evaluated goal='DATA_EXFILTRATION' proven=False conf=0.0000 in 0.02ms
2026-08-09 12:53:23 | INFO | app.ai.backward_chaining:evaluate_goal:268 | Backward Chaining evaluated goal='PRIVILEGE_ESCALATION' proven=False conf=0.0000 in 0.03ms
2026-08-09 12:53:23 | INFO | app.ai.backward_chaining:evaluate_goal:268 | Backward Chaining evaluated goal='LATERAL_MOVEMENT' proven=False conf=0.0000 in 0.04ms
2026-08-09 12:53:23 | INFO | app.ai.backward_chaining:evaluate_goal:268 | Backward Chaining evaluated goal='DATA_EXFILTRATION' proven=False conf=0.0000 in 0.02ms
2026-08-09 12:53:23 | INFO | app.ai.backward_chaining:evaluate_goal:268 | Backward Chaining evaluated goal='PRIVILEGE_ESCALATION' proven=False conf=0.0000 in 0.03ms
2026-08-09 12:53:23 | INFO | app.ai.backward_chaining:evaluate_goal:268 | Backward Chaining evaluated goal='LATERAL_MOVEMENT' proven=False conf=0.0000 in 0.02ms
2026-08-09 12:53:23 | INFO | app.ai.backward_chaining:evaluate_goal:268 | Backward Chaining evaluated goal='PERSISTENCE' proven=False conf=0.0000 in 0.02ms
2026-08-09 12:53:23 | INFO | app.ai.backward_chaining:evaluate_goal:268 | Backward Chaining evaluated goal='DATA_EXFILTRATION' proven=False conf=0.0000 in 0.03ms
2026-08-09 12:53:23 | INFO | app.ai.backward_chaining:evaluate_goal:268 | Backward Chaining evaluated goal='PRIVILEGE_ESCALATION' proven=False conf=0.0000 in 0.03ms
2026-08-09 12:53:23 | INFO | app.ai.backward_chaining:evaluate_goal:268 | Backward Chaining evaluated goal='LATERAL_MOVEMENT' proven=False conf=0.0000 in 0.02ms
2026-08-09 12:53:23 | INFO | app.ai.backward_chaining:evaluate_goal:268 | Backward Chaining evaluated goal='DATA_EXFILTRATION' proven=False conf=0.0000 in 0.02ms
2026-08-09 12:53:23 | INFO | app.ai.backward_chaining:evaluate_goal:268 | Backward Chaining evaluated goal='PRIVILEGE_ESCALATION' proven=False conf=0.0000 in 0.03ms
2026-08-09 12:53:23 | INFO | app.ai.backward_chaining:evaluate_goal:268 | Backward Chaining evaluated goal='LATERAL_MOVEMENT' proven=False conf=0.0000 in 0.02ms
2026-08-09 12:53:25 | INFO | app.ai.backward_chaining:evaluate_goal:268 | Backward Chaining evaluated goal='DATA_EXFILTRATION' proven=False conf=0.0000 in 0.04ms
2026-08-09 12:53:25 | INFO | app.ai.backward_chaining:evaluate_goal:268 | Backward Chaining evaluated goal='PRIVILEGE_ESCALATION' proven=False conf=0.0000 in 0.04ms
2026-08-09 12:53:25 | INFO | app.ai.backward_chaining:evaluate_goal:268 | Backward Chaining evaluated goal='LATERAL_MOVEMENT' proven=False conf=0.0000 in 0.03ms
2026-08-09 12:53:26 | INFO | app.ai.backward_chaining:evaluate_goal:268 | Backward Chaining evaluated goal='DATA_EXFILTRATION' proven=False conf=0.0000 in 0.05ms
2026-08-09 12:53:26 | INFO | app.ai.backward_chaining:evaluate_goal:268 | Backward Chaining evaluated goal='PRIVILEGE_ESCALATION' proven=False conf=0.0000 in 0.08ms
2026-08-09 12:53:26 | INFO | app.ai.backward_chaining:evaluate_goal:268 | Backward Chaining evaluated goal='LATERAL_MOVEMENT' proven=False conf=0.0000 in 0.04ms
2026-08-09 12:53:26 | INFO | app.ai.backward_chaining:evaluate_goal:268 | Backward Chaining evaluated goal='PERSISTENCE' proven=False conf=0.0000 in 0.03ms
2026-08-09 12:53:26 | INFO | app.ai.backward_chaining:evaluate_goal:268 | Backward Chaining evaluated goal='DATA_EXFILTRATION' proven=False conf=0.0000 in 0.06ms
2026-08-09 12:53:26 | INFO | app.ai.backward_chaining:evaluate_goal:268 | Backward Chaining evaluated goal='PRIVILEGE_ESCALATION' proven=False conf=0.0000 in 0.06ms
2026-08-09 12:53:26 | INFO | app.ai.backward_chaining:evaluate_goal:268 | Backward Chaining evaluated goal='LATERAL_MOVEMENT' proven=False conf=0.0000 in 0.08ms
2026-08-09 12:53:26 | INFO | app.ai.backward_chaining:evaluate_goal:268 | Backward Chaining evaluated goal='DATA_EXFILTRATION' proven=False conf=0.0000 in 0.11ms
2026-08-09 12:53:26 | INFO | app.ai.backward_chaining:evaluate_goal:268 | Backward Chaining evaluated goal='PRIVILEGE_ESCALATION' proven=False conf=0.0000 in 0.08ms
2026-08-09 12:53:26 | INFO | app.ai.backward_chaining:evaluate_goal:268 | Backward Chaining evaluated goal='LATERAL_MOVEMENT' proven=False conf=0.0000 in 0.05ms
2026-08-09 12:53:26 | INFO | app.ai.backward_chaining:evaluate_goal:268 | Backward Chaining evaluated goal='DATA_EXFILTRATION' proven=False conf=0.0000 in 0.05ms
2026-08-09 12:53:26 | INFO | app.ai.backward_chaining:evaluate_goal:268 | Backward Chaining evaluated goal='PRIVILEGE_ESCALATION' proven=False conf=0.0000 in 0.08ms
2026-08-09 12:53:26 | INFO | app.ai.backward_chaining:evaluate_goal:268 | Backward Chaining evaluated goal='LATERAL_MOVEMENT' proven=False conf=0.0000 in 0.22ms
2026-08-09 12:53:26 | INFO | app.ai.backward_chaining:evaluate_goal:268 | Backward Chaining evaluated goal='DATA_EXFILTRATION' proven=False conf=0.0000 in 0.04ms
2026-08-09 12:53:26 | INFO | app.ai.backward_chaining:evaluate_goal:268 | Backward Chaining evaluated goal='PRIVILEGE_ESCALATION' proven=False conf=0.0000 in 0.04ms
2026-08-09 12:53:26 | INFO | app.ai.backward_chaining:evaluate_goal:268 | Backward Chaining evaluated goal='LATERAL_MOVEMENT' proven=False conf=0.0000 in 0.04ms
2026-08-09 12:53:26 | INFO | app.ai.backward_chaining:evaluate_goal:268 | Backward Chaining evaluated goal='PERSISTENCE' proven=False conf=0.0000 in 0.04ms
2026-08-09 12:53:26 | INFO | app.ai.backward_chaining:evaluate_goal:268 | Backward Chaining evaluated goal='DATA_EXFILTRATION' proven=False conf=0.0000 in 0.03ms
2026-08-09 12:53:26 | INFO | app.ai.backward_chaining:evaluate_goal:268 | Backward Chaining evaluated goal='PRIVILEGE_ESCALATION' proven=False conf=0.0000 in 0.04ms
2026-08-09 12:53:26 | INFO | app.ai.backward_chaining:evaluate_goal:268 | Backward Chaining evaluated goal='LATERAL_MOVEMENT' proven=False conf=0.0000 in 0.05ms
2026-08-09 12:53:26 | INFO | app.ai.backward_chaining:evaluate_goal:268 | Backward Chaining evaluated goal='DATA_EXFILTRATION' proven=False conf=0.0000 in 0.03ms
2026-08-09 12:53:26 | INFO | app.ai.backward_chaining:evaluate_goal:268 | Backward Chaining evaluated goal='PRIVILEGE_ESCALATION' proven=False conf=0.0000 in 0.04ms
2026-08-09 12:53:26 | INFO | app.ai.backward_chaining:evaluate_goal:268 | Backward Chaining evaluated goal='LATERAL_MOVEMENT' proven=False conf=0.0000 in 0.07ms
2026-08-09 12:53:26 | INFO | httpx._client:_send_single_request:1740 | HTTP Request: POST http://test/api/v1/cases/1/reports "HTTP/1.1 201 Created"
2026-08-09 12:53:26 | INFO | httpx._client:_send_single_request:1740 | HTTP Request: GET http://test/api/v1/cases/1/reports/history "HTTP/1.1 200 OK"
2026-08-09 12:53:26 | INFO | httpx._client:_send_single_request:1740 | HTTP Request: GET http://test/api/v1/cases/1/reports/9fbe2b49-a293-4e9e-a07e-c4e709bd7aa4/download "HTTP/1.1 200 OK"
2026-08-09 12:53:26 | INFO | httpx._client:_send_single_request:1740 | HTTP Request: GET http://test/api/v1/cases/1/reports/9fbe2b49-a293-4e9e-a07e-c4e709bd7aa4/download "HTTP/1.1 401 Unauthorized"
2026-08-09 12:53:27 | INFO | app.ai.backward_chaining:evaluate_goal:268 | Backward Chaining evaluated goal='DATA_EXFILTRATION' proven=False conf=0.0000 in 0.03ms
2026-08-09 12:53:27 | INFO | app.ai.backward_chaining:evaluate_goal:268 | Backward Chaining evaluated goal='PRIVILEGE_ESCALATION' proven=False conf=0.0000 in 0.03ms
2026-08-09 12:53:27 | INFO | app.ai.backward_chaining:evaluate_goal:268 | Backward Chaining evaluated goal='LATERAL_MOVEMENT' proven=False conf=0.0000 in 0.03ms
2026-08-09 12:53:27 | INFO | app.ai.backward_chaining:evaluate_goal:268 | Backward Chaining evaluated goal='PERSISTENCE' proven=False conf=0.0000 in 0.03ms
2026-08-09 12:53:27 | INFO | httpx._client:_send_single_request:1740 | HTTP Request: GET http://test/api/v1/cases/1/risk-score "HTTP/1.1 200 OK"
2026-08-09 12:53:27 | INFO | app.ai.backward_chaining:evaluate_goal:268 | Backward Chaining evaluated goal='DATA_EXFILTRATION' proven=False conf=0.0000 in 0.03ms
2026-08-09 12:53:27 | INFO | app.ai.backward_chaining:evaluate_goal:268 | Backward Chaining evaluated goal='PRIVILEGE_ESCALATION' proven=False conf=0.0000 in 0.03ms
2026-08-09 12:53:27 | INFO | app.ai.backward_chaining:evaluate_goal:268 | Backward Chaining evaluated goal='LATERAL_MOVEMENT' proven=False conf=0.0000 in 0.03ms
2026-08-09 12:53:27 | INFO | app.ai.backward_chaining:evaluate_goal:268 | Backward Chaining evaluated goal='PERSISTENCE' proven=False conf=0.0000 in 0.02ms
2026-08-09 12:53:27 | INFO | httpx._client:_send_single_request:1740 | HTTP Request: GET http://test/api/risk-score/1 "HTTP/1.1 200 OK"
2026-08-09 12:53:29 | INFO | app.ai.backward_chaining:evaluate_goal:268 | Backward Chaining evaluated goal='DATA_EXFILTRATION' proven=False conf=0.0000 in 0.03ms
2026-08-09 12:53:29 | INFO | app.ai.backward_chaining:evaluate_goal:268 | Backward Chaining evaluated goal='PRIVILEGE_ESCALATION' proven=False conf=0.0000 in 0.05ms
2026-08-09 12:53:29 | INFO | app.ai.backward_chaining:evaluate_goal:268 | Backward Chaining evaluated goal='LATERAL_MOVEMENT' proven=False conf=0.0000 in 0.04ms
2026-08-09 12:53:30 | INFO | app.ai.backward_chaining:evaluate_goal:268 | Backward Chaining evaluated goal='DATA_EXFILTRATION' proven=False conf=0.0000 in 0.05ms
2026-08-09 12:53:30 | INFO | app.ai.backward_chaining:evaluate_goal:268 | Backward Chaining evaluated goal='PRIVILEGE_ESCALATION' proven=False conf=0.0000 in 0.10ms
2026-08-09 12:53:30 | INFO | app.ai.backward_chaining:evaluate_goal:268 | Backward Chaining evaluated goal='LATERAL_MOVEMENT' proven=False conf=0.0000 in 0.08ms
2026-08-09 12:53:30 | INFO | app.ai.backward_chaining:evaluate_goal:268 | Backward Chaining evaluated goal='DATA_EXFILTRATION' proven=False conf=0.0000 in 0.05ms
2026-08-09 12:53:30 | INFO | app.ai.backward_chaining:evaluate_goal:268 | Backward Chaining evaluated goal='PRIVILEGE_ESCALATION' proven=False conf=0.0000 in 0.08ms
2026-08-09 12:53:30 | INFO | app.ai.backward_chaining:evaluate_goal:268 | Backward Chaining evaluated goal='LATERAL_MOVEMENT' proven=False conf=0.0000 in 0.23ms
2026-08-09 12:53:32 | INFO | app.ai.backward_chaining:evaluate_goal:268 | Backward Chaining evaluated goal='DATA_EXFILTRATION' proven=False conf=0.0000 in 0.04ms
2026-08-09 12:53:32 | INFO | app.ai.backward_chaining:evaluate_goal:268 | Backward Chaining evaluated goal='PRIVILEGE_ESCALATION' proven=False conf=0.0000 in 0.09ms
2026-08-09 12:53:32 | INFO | app.ai.backward_chaining:evaluate_goal:268 | Backward Chaining evaluated goal='LATERAL_MOVEMENT' proven=False conf=0.0000 in 0.05ms
2026-08-09 12:53:34 | INFO | app.ai.backward_chaining:evaluate_goal:268 | Backward Chaining evaluated goal='DATA_EXFILTRATION' proven=True conf=1.0000 in 0.01ms
2026-08-09 12:53:34 | INFO | app.ai.backward_chaining:evaluate_goal:268 | Backward Chaining evaluated goal='PRIVILEGE_ESCALATION' proven=False conf=0.0000 in 0.04ms
2026-08-09 12:53:34 | INFO | app.ai.backward_chaining:evaluate_goal:268 | Backward Chaining evaluated goal='LATERAL_MOVEMENT' proven=False conf=0.0000 in 0.09ms
2026-08-09 12:53:35 | INFO | app.ai.backward_chaining:evaluate_goal:268 | Backward Chaining evaluated goal='DATA_EXFILTRATION' proven=True conf=0.9120 in 0.05ms
2026-08-09 12:53:35 | INFO | app.ai.backward_chaining:evaluate_goal:268 | Backward Chaining evaluated goal='PRIVILEGE_ESCALATION' proven=False conf=0.0000 in 0.15ms
2026-08-09 12:53:35 | INFO | app.ai.backward_chaining:evaluate_goal:268 | Backward Chaining evaluated goal='LATERAL_MOVEMENT' proven=False conf=0.0000 in 0.05ms
2026-08-09 12:53:36 | INFO | app.ai.backward_chaining:evaluate_goal:268 | Backward Chaining evaluated goal='DATA_EXFILTRATION' proven=False conf=0.0000 in 0.03ms
2026-08-09 12:53:36 | INFO | app.ai.backward_chaining:evaluate_goal:268 | Backward Chaining evaluated goal='PRIVILEGE_ESCALATION' proven=False conf=0.0000 in 0.10ms
2026-08-09 12:53:36 | INFO | app.ai.backward_chaining:evaluate_goal:268 | Backward Chaining evaluated goal='LATERAL_MOVEMENT' proven=False conf=0.0000 in 0.03ms
2026-08-09 12:53:37 | INFO | app.ai.backward_chaining:evaluate_goal:268 | Backward Chaining evaluated goal='DATA_EXFILTRATION' proven=False conf=0.0000 in 0.02ms
2026-08-09 12:53:37 | INFO | app.ai.backward_chaining:evaluate_goal:268 | Backward Chaining evaluated goal='PRIVILEGE_ESCALATION' proven=False conf=0.0000 in 0.02ms
2026-08-09 12:53:37 | INFO | app.ai.backward_chaining:evaluate_goal:268 | Backward Chaining evaluated goal='LATERAL_MOVEMENT' proven=False conf=0.0000 in 0.02ms
2026-08-09 12:53:38 | INFO | app.ai.backward_chaining:evaluate_goal:268 | Backward Chaining evaluated goal='DATA_EXFILTRATION' proven=False conf=0.0000 in 0.04ms
2026-08-09 12:53:38 | INFO | app.ai.backward_chaining:evaluate_goal:268 | Backward Chaining evaluated goal='PRIVILEGE_ESCALATION' proven=False conf=0.0000 in 0.06ms
2026-08-09 12:53:38 | INFO | app.ai.backward_chaining:evaluate_goal:268 | Backward Chaining evaluated goal='LATERAL_MOVEMENT' proven=False conf=0.0000 in 0.03ms
2026-08-09 12:53:38 | INFO | httpx._client:_send_single_request:1740 | HTTP Request: GET http://test/api/v1/cases/1/timeline "HTTP/1.1 200 OK"
2026-08-09 12:53:38 | INFO | app.ai.backward_chaining:evaluate_goal:268 | Backward Chaining evaluated goal='DATA_EXFILTRATION' proven=False conf=0.0000 in 0.03ms
2026-08-09 12:53:38 | INFO | app.ai.backward_chaining:evaluate_goal:268 | Backward Chaining evaluated goal='PRIVILEGE_ESCALATION' proven=False conf=0.0000 in 0.04ms
2026-08-09 12:53:38 | INFO | app.ai.backward_chaining:evaluate_goal:268 | Backward Chaining evaluated goal='LATERAL_MOVEMENT' proven=False conf=0.0000 in 0.02ms
2026-08-09 12:53:38 | INFO | httpx._client:_send_single_request:1740 | HTTP Request: GET http://test/api/timeline/1 "HTTP/1.1 200 OK"
2026-08-09 12:53:38 | INFO | app.ai.backward_chaining:evaluate_goal:268 | Backward Chaining evaluated goal='DATA_EXFILTRATION' proven=False conf=0.0000 in 0.02ms
2026-08-09 12:53:38 | INFO | app.ai.backward_chaining:evaluate_goal:268 | Backward Chaining evaluated goal='PRIVILEGE_ESCALATION' proven=False conf=0.0000 in 0.02ms
2026-08-09 12:53:38 | INFO | app.ai.backward_chaining:evaluate_goal:268 | Backward Chaining evaluated goal='LATERAL_MOVEMENT' proven=False conf=0.0000 in 0.02ms
2026-08-09 12:53:38 | INFO | httpx._client:_send_single_request:1740 | HTTP Request: GET http://test/api/timeline/1/suspicious "HTTP/1.1 200 OK"
2026-08-09 12:53:39 | INFO | app.services.ucs_service:run_ucs:104 | Executing UCS for Case ID 1 | Start: 'login' | Goal: 'usb_remove'
2026-08-09 12:53:39 | INFO | app.services.ucs_service:run_ucs:124 | UCS Search Succeeded | Case ID: 1 | Start: 'login' | Goal: 'usb_remove' | Visited Nodes: 4 | Total Cost: 3.0000 | Time: 0.025 ms
2026-08-09 12:53:39 | INFO | httpx._client:_send_single_request:1740 | HTTP Request: POST http://test/api/v1/ai/ucs/run "HTTP/1.1 200 OK"
2026-08-09 12:53:39 | INFO | app.services.ucs_service:run_ucs:104 | Executing UCS for Case ID 1 | Start: 'login' | Goal: 'isolated_exfil'
2026-08-09 12:53:39 | WARNING | app.services.ucs_service:run_ucs:114 | UCS search completed: No path found between 'login' and 'isolated_exfil' in Case ID 1. Explored 5 nodes.
2026-08-09 12:53:39 | INFO | httpx._client:_send_single_request:1740 | HTTP Request: POST http://test/api/v1/ai/ucs/run "HTTP/1.1 400 Bad Request"
2026-08-09 12:53:40 | WARNING | app.services.ucs_service:run_ucs:74 | UCS failed: Start node 'non_existent_start' not found in Case 1.
2026-08-09 12:53:40 | INFO | httpx._client:_send_single_request:1740 | HTTP Request: POST http://test/api/v1/ai/ucs/run "HTTP/1.1 404 Not Found"
2026-08-09 12:53:40 | WARNING | app.services.ucs_service:run_ucs:83 | UCS failed: Goal node 'non_existent_goal' not found in Case 1.
2026-08-09 12:53:40 | INFO | httpx._client:_send_single_request:1740 | HTTP Request: POST http://test/api/v1/ai/ucs/run "HTTP/1.1 404 Not Found"
2026-08-09 12:53:41 | WARNING | app.services.ucs_service:run_ucs:48 | UCS failed: Case ID 999999 not found.
2026-08-09 12:53:41 | INFO | httpx._client:_send_single_request:1740 | HTTP Request: POST http://test/api/v1/ai/ucs/run "HTTP/1.1 404 Not Found"
2026-08-09 12:54:11 | INFO | app.ai.backward_chaining:evaluate_goal:268 | Backward Chaining evaluated goal='DATA_EXFILTRATION' proven=False conf=0.0000 in 0.02ms
2026-08-09 12:54:11 | INFO | app.ai.backward_chaining:evaluate_goal:268 | Backward Chaining evaluated goal='PRIVILEGE_ESCALATION' proven=False conf=0.0000 in 0.05ms
2026-08-09 12:54:11 | INFO | app.ai.backward_chaining:evaluate_goal:268 | Backward Chaining evaluated goal='LATERAL_MOVEMENT' proven=False conf=0.0000 in 0.05ms
2026-08-09 12:54:11 | INFO | app.ai.backward_chaining:evaluate_goal:268 | Backward Chaining evaluated goal='DATA_EXFILTRATION' proven=False conf=0.0000 in 0.08ms
2026-08-09 12:54:11 | INFO | app.ai.backward_chaining:evaluate_goal:268 | Backward Chaining evaluated goal='PRIVILEGE_ESCALATION' proven=False conf=0.0000 in 0.05ms
2026-08-09 12:54:11 | INFO | app.ai.backward_chaining:evaluate_goal:268 | Backward Chaining evaluated goal='LATERAL_MOVEMENT' proven=False conf=0.0000 in 0.04ms
2026-08-09 12:54:11 | INFO | app.ai.backward_chaining:evaluate_goal:268 | Backward Chaining evaluated goal='DATA_EXFILTRATION' proven=False conf=0.0000 in 0.03ms
2026-08-09 12:54:11 | INFO | app.ai.backward_chaining:evaluate_goal:268 | Backward Chaining evaluated goal='PRIVILEGE_ESCALATION' proven=False conf=0.0000 in 0.03ms
2026-08-09 12:54:11 | INFO | app.ai.backward_chaining:evaluate_goal:268 | Backward Chaining evaluated goal='LATERAL_MOVEMENT' proven=False conf=0.0000 in 0.04ms
2026-08-09 12:54:11 | INFO | app.ai.backward_chaining:evaluate_goal:268 | Backward Chaining evaluated goal='PERSISTENCE' proven=False conf=0.0000 in 0.02ms
2026-08-09 12:54:11 | INFO | app.ai.backward_chaining:evaluate_goal:268 | Backward Chaining evaluated goal='DATA_EXFILTRATION' proven=False conf=0.0000 in 0.03ms
2026-08-09 12:54:11 | INFO | app.ai.backward_chaining:evaluate_goal:268 | Backward Chaining evaluated goal='PRIVILEGE_ESCALATION' proven=False conf=0.0000 in 0.05ms
2026-08-09 12:54:11 | INFO | app.ai.backward_chaining:evaluate_goal:268 | Backward Chaining evaluated goal='LATERAL_MOVEMENT' proven=False conf=0.0000 in 0.05ms
2026-08-09 12:54:11 | INFO | app.ai.backward_chaining:evaluate_goal:268 | Backward Chaining evaluated goal='DATA_EXFILTRATION' proven=False conf=0.0000 in 0.03ms
2026-08-09 12:54:11 | INFO | app.ai.backward_chaining:evaluate_goal:268 | Backward Chaining evaluated goal='PRIVILEGE_ESCALATION' proven=False conf=0.0000 in 0.05ms
2026-08-09 12:54:11 | INFO | app.ai.backward_chaining:evaluate_goal:268 | Backward Chaining evaluated goal='LATERAL_MOVEMENT' proven=False conf=0.0000 in 0.04ms
2026-08-09 12:54:11 | INFO | app.ai.backward_chaining:evaluate_goal:268 | Backward Chaining evaluated goal='DATA_EXFILTRATION' proven=False conf=0.0000 in 0.02ms
2026-08-09 12:54:11 | INFO | app.ai.backward_chaining:evaluate_goal:268 | Backward Chaining evaluated goal='PRIVILEGE_ESCALATION' proven=False conf=0.0000 in 0.05ms
2026-08-09 12:54:11 | INFO | app.ai.backward_chaining:evaluate_goal:268 | Backward Chaining evaluated goal='LATERAL_MOVEMENT' proven=False conf=0.0000 in 0.05ms
2026-08-09 12:54:11 | INFO | app.ai.backward_chaining:evaluate_goal:268 | Backward Chaining evaluated goal='PERSISTENCE' proven=False conf=0.0000 in 0.04ms
2026-08-09 12:54:11 | INFO | app.ai.backward_chaining:evaluate_goal:268 | Backward Chaining evaluated goal='DATA_EXFILTRATION' proven=False conf=0.0000 in 0.03ms
2026-08-09 12:54:11 | INFO | app.ai.backward_chaining:evaluate_goal:268 | Backward Chaining evaluated goal='PRIVILEGE_ESCALATION' proven=False conf=0.0000 in 0.05ms
2026-08-09 12:54:11 | INFO | app.ai.backward_chaining:evaluate_goal:268 | Backward Chaining evaluated goal='LATERAL_MOVEMENT' proven=False conf=0.0000 in 0.05ms
2026-08-09 12:54:12 | INFO | app.ai.backward_chaining:evaluate_goal:268 | Backward Chaining evaluated goal='DATA_EXFILTRATION' proven=False conf=0.0000 in 0.02ms
2026-08-09 12:54:12 | INFO | app.ai.backward_chaining:evaluate_goal:268 | Backward Chaining evaluated goal='PRIVILEGE_ESCALATION' proven=False conf=0.0000 in 0.09ms
2026-08-09 12:54:12 | INFO | app.ai.backward_chaining:evaluate_goal:268 | Backward Chaining evaluated goal='LATERAL_MOVEMENT' proven=False conf=0.0000 in 0.04ms
2026-08-09 12:54:12 | INFO | app.ai.backward_chaining:evaluate_goal:268 | Backward Chaining evaluated goal='DATA_EXFILTRATION' proven=False conf=0.0000 in 0.02ms
2026-08-09 12:54:12 | INFO | app.ai.backward_chaining:evaluate_goal:268 | Backward Chaining evaluated goal='PRIVILEGE_ESCALATION' proven=False conf=0.0000 in 0.05ms
2026-08-09 12:54:12 | INFO | app.ai.backward_chaining:evaluate_goal:268 | Backward Chaining evaluated goal='LATERAL_MOVEMENT' proven=False conf=0.0000 in 0.04ms
2026-08-09 12:54:12 | INFO | app.ai.backward_chaining:evaluate_goal:268 | Backward Chaining evaluated goal='PERSISTENCE' proven=False conf=0.0000 in 0.03ms
2026-08-09 12:54:12 | INFO | app.ai.backward_chaining:evaluate_goal:268 | Backward Chaining evaluated goal='DATA_EXFILTRATION' proven=False conf=0.0000 in 0.02ms
2026-08-09 12:54:12 | INFO | app.ai.backward_chaining:evaluate_goal:268 | Backward Chaining evaluated goal='PRIVILEGE_ESCALATION' proven=False conf=0.0000 in 0.04ms
2026-08-09 12:54:12 | INFO | app.ai.backward_chaining:evaluate_goal:268 | Backward Chaining evaluated goal='LATERAL_MOVEMENT' proven=False conf=0.0000 in 0.04ms
2026-08-09 12:54:12 | INFO | app.ai.backward_chaining:evaluate_goal:268 | Backward Chaining evaluated goal='DATA_EXFILTRATION' proven=False conf=0.0000 in 0.03ms
2026-08-09 12:54:12 | INFO | app.ai.backward_chaining:evaluate_goal:268 | Backward Chaining evaluated goal='PRIVILEGE_ESCALATION' proven=False conf=0.0000 in 0.04ms
2026-08-09 12:54:12 | INFO | app.ai.backward_chaining:evaluate_goal:268 | Backward Chaining evaluated goal='LATERAL_MOVEMENT' proven=False conf=0.0000 in 0.05ms
2026-08-09 12:54:12 | INFO | app.ai.backward_chaining:evaluate_goal:268 | Backward Chaining evaluated goal='DATA_EXFILTRATION' proven=False conf=0.0000 in 0.03ms
2026-08-09 12:54:12 | INFO | app.ai.backward_chaining:evaluate_goal:268 | Backward Chaining evaluated goal='PRIVILEGE_ESCALATION' proven=False conf=0.0000 in 0.04ms
2026-08-09 12:54:12 | INFO | app.ai.backward_chaining:evaluate_goal:268 | Backward Chaining evaluated goal='LATERAL_MOVEMENT' proven=False conf=0.0000 in 0.05ms
2026-08-09 12:54:12 | INFO | app.ai.backward_chaining:evaluate_goal:268 | Backward Chaining evaluated goal='PERSISTENCE' proven=False conf=0.0000 in 0.03ms
2026-08-09 12:54:12 | INFO | app.ai.backward_chaining:evaluate_goal:268 | Backward Chaining evaluated goal='DATA_EXFILTRATION' proven=False conf=0.0000 in 0.07ms
2026-08-09 12:54:12 | INFO | app.ai.backward_chaining:evaluate_goal:268 | Backward Chaining evaluated goal='PRIVILEGE_ESCALATION' proven=False conf=0.0000 in 0.06ms
2026-08-09 12:54:12 | INFO | app.ai.backward_chaining:evaluate_goal:268 | Backward Chaining evaluated goal='LATERAL_MOVEMENT' proven=False conf=0.0000 in 0.04ms
2026-08-09 12:54:12 | INFO | app.ai.backward_chaining:evaluate_goal:268 | Backward Chaining evaluated goal='DATA_EXFILTRATION' proven=False conf=0.0000 in 0.03ms
2026-08-09 12:54:12 | INFO | app.ai.backward_chaining:evaluate_goal:268 | Backward Chaining evaluated goal='PRIVILEGE_ESCALATION' proven=False conf=0.0000 in 0.06ms
2026-08-09 12:54:12 | INFO | app.ai.backward_chaining:evaluate_goal:268 | Backward Chaining evaluated goal='LATERAL_MOVEMENT' proven=False conf=0.0000 in 0.13ms
2026-08-09 12:54:12 | INFO | app.ai.backward_chaining:evaluate_goal:268 | Backward Chaining evaluated goal='DATA_EXFILTRATION' proven=False conf=0.0000 in 0.04ms
2026-08-09 12:54:12 | INFO | app.ai.backward_chaining:evaluate_goal:268 | Backward Chaining evaluated goal='PRIVILEGE_ESCALATION' proven=False conf=0.0000 in 0.09ms
2026-08-09 12:54:12 | INFO | app.ai.backward_chaining:evaluate_goal:268 | Backward Chaining evaluated goal='LATERAL_MOVEMENT' proven=False conf=0.0000 in 0.04ms
2026-08-09 12:54:12 | INFO | app.ai.backward_chaining:evaluate_goal:268 | Backward Chaining evaluated goal='DATA_EXFILTRATION' proven=False conf=0.0000 in 0.03ms
2026-08-09 12:54:12 | INFO | app.ai.backward_chaining:evaluate_goal:268 | Backward Chaining evaluated goal='PRIVILEGE_ESCALATION' proven=False conf=0.0000 in 0.04ms
2026-08-09 12:54:12 | INFO | app.ai.backward_chaining:evaluate_goal:268 | Backward Chaining evaluated goal='LATERAL_MOVEMENT' proven=False conf=0.0000 in 0.07ms
2026-08-09 12:57:02 | INFO | app.core.logging:setup_logging:54 | Logging initialized | env=development | debug=True
2026-08-09 12:57:25 | INFO | app.core.logging:setup_logging:54 | Logging initialized | env=development | debug=True
2026-08-09 13:30:36 | INFO | app.core.logging:setup_logging:54 | Logging initialized | env=development | debug=True
2026-08-09 19:43:22 | INFO | app.core.logging:setup_logging:54 | Logging initialized | env=development | debug=True
2026-08-09 19:43:34 | INFO | app.core.logging:setup_logging:54 | Logging initialized | env=development | debug=True
